-- phpMyAdmin SQL Dump
-- version 4.9.0.1
-- https://www.phpmyadmin.net/
--
-- Host: mysql192.webhosting.be:3306
-- Generation Time: Oct 19, 2019 at 08:00 PM
-- Server version: 5.7.20-18
-- PHP Version: 7.1.25-1+0~20181207224605.11+jessie~1.gbpf65b84

SET SQL_MODE = "NO_AUTO_VALUE_ON_ZERO";
SET AUTOCOMMIT = 0;
START TRANSACTION;
SET time_zone = "+00:00";


/*!40101 SET @OLD_CHARACTER_SET_CLIENT=@@CHARACTER_SET_CLIENT */;
/*!40101 SET @OLD_CHARACTER_SET_RESULTS=@@CHARACTER_SET_RESULTS */;
/*!40101 SET @OLD_COLLATION_CONNECTION=@@COLLATION_CONNECTION */;
/*!40101 SET NAMES utf8mb4 */;

--
-- Database: `ID212897_isopxsbusnookview`
--

-- --------------------------------------------------------

--
-- Table structure for table `comments`
--

CREATE TABLE `comments` (
  `comment_id` int(11) NOT NULL,
  `comment_body` longtext NOT NULL,
  `created` datetime DEFAULT NULL,
  `modified` datetime DEFAULT NULL,
  `user_id` bigint(11) NOT NULL,
  `video_id` int(11) NOT NULL
) ENGINE=InnoDB DEFAULT CHARSET=utf8;

--
-- Dumping data for table `comments`
--

INSERT INTO `comments` (`comment_id`, `comment_body`, `created`, `modified`, `user_id`, `video_id`) VALUES
(1, 'Nice comeback and win over Barry Hawkins! Well done Nigel Bond!', '2016-01-06 17:18:36', '2016-07-06 10:19:40', 1, 240),
(2, 'OMG that blue ball in the right middle for Ronnie\'s 147 was definitely a heart stopper!! :)', '2016-03-24 17:15:52', '2016-07-06 09:09:00', 1, 259);

-- --------------------------------------------------------

--
-- Table structure for table `favorites`
--

CREATE TABLE `favorites` (
  `favorite_id` int(11) NOT NULL,
  `user_id` bigint(11) NOT NULL,
  `video_id` int(11) NOT NULL
) ENGINE=InnoDB DEFAULT CHARSET=utf8;

--
-- Dumping data for table `favorites`
--

INSERT INTO `favorites` (`favorite_id`, `user_id`, `video_id`) VALUES
(1, 1, 198),
(2, 1, 259),
(3, 1, 265),
(4, 1, 267);

-- --------------------------------------------------------

--
-- Table structure for table `frames`
--

CREATE TABLE `frames` (
  `frame_id` int(11) NOT NULL,
  `frame_name` varchar(45) NOT NULL,
  `frame_player_one_break` int(11) NOT NULL,
  `frame_player_one_points` int(11) NOT NULL,
  `frame_player_one_highest_break` int(11) NOT NULL,
  `frame_player_one_breaks` text NOT NULL,
  `frame_player_one_balls` text NOT NULL,
  `frame_player_two_break` int(11) NOT NULL,
  `frame_player_two_points` int(11) NOT NULL,
  `frame_player_two_highest_break` int(11) NOT NULL,
  `frame_player_two_breaks` text NOT NULL,
  `frame_player_two_balls` text NOT NULL,
  `frame_created` timestamp NOT NULL DEFAULT CURRENT_TIMESTAMP,
  `match_id` int(11) NOT NULL
) ENGINE=InnoDB DEFAULT CHARSET=utf8;

-- --------------------------------------------------------

--
-- Table structure for table `items`
--

CREATE TABLE `items` (
  `item_id` int(11) NOT NULL,
  `item_title` varchar(45) NOT NULL,
  `item_hours_start` int(11) NOT NULL,
  `item_minutes_start` tinyint(4) NOT NULL,
  `item_seconds_start` tinyint(4) NOT NULL,
  `item_point_start` int(11) NOT NULL,
  `item_hours_end` int(11) NOT NULL,
  `item_minutes_end` int(11) NOT NULL,
  `item_seconds_end` int(11) NOT NULL,
  `item_point_end` int(11) NOT NULL,
  `item_description` text NOT NULL,
  `item_tags` varchar(255) NOT NULL,
  `item_part` varchar(45) NOT NULL DEFAULT 'part-one',
  `created` datetime DEFAULT NULL,
  `modified` datetime DEFAULT NULL,
  `timeline_id` int(11) NOT NULL
) ENGINE=InnoDB DEFAULT CHARSET=utf8;

--
-- Dumping data for table `items`
--

INSERT INTO `items` (`item_id`, `item_title`, `item_hours_start`, `item_minutes_start`, `item_seconds_start`, `item_point_start`, `item_hours_end`, `item_minutes_end`, `item_seconds_end`, `item_point_end`, `item_description`, `item_tags`, `item_part`, `created`, `modified`, `timeline_id`) VALUES
(1, 'JH - MH - Beginning of video', 0, 0, 0, 0, 0, 0, 0, 0, 'Beginning of video', '', 'part-one', '2015-09-26 11:55:00', '2015-09-26 11:55:00', 1),
(2, 'JH - MH - Previous Winners', 0, 0, 52, 52, 0, 0, 0, 0, 'UK Championship - The Past', '', 'part-one', '2015-09-26 11:55:00', '2015-09-26 11:55:00', 1),
(3, 'Previous Winners This Season', 0, 2, 34, 154, 0, 0, 0, 0, 'Previous Winners This Season', '', 'part-one', '2015-10-05 18:11:00', '2015-10-05 18:11:00', 1),
(4, 'Top 16 Ranking', 0, 5, 52, 352, 0, 0, 0, 0, 'Top 16 Ranking', '', 'part-one', '2015-10-05 18:18:00', '2015-10-05 18:18:00', 1),
(5, 'Ronnie O\'Sullivan\'s Abscence', 0, 6, 29, 389, 0, 0, 0, 0, 'Ronnie O\'Sullivan\'s Abscence', '', 'part-one', '2015-10-05 18:20:00', '2015-10-05 18:20:00', 1),
(6, 'Stephen Lee\'s Suspension', 0, 9, 47, 587, 0, 0, 0, 0, 'Stephen Lee\'s Suspension', '', 'part-one', '2015-10-05 18:26:00', '2015-10-05 18:26:00', 1),
(7, 'UK Championship 2012 Draw', 0, 10, 15, 615, 0, 0, 0, 0, 'UK Championship 2012 Draw', '', 'part-one', '2015-10-05 18:27:00', '2015-10-05 18:27:00', 1),
(8, '3 Time Winner John Higgins', 0, 15, 0, 900, 0, 0, 0, 0, '3 Time Winner John Higgins', '', 'part-one', '2015-10-05 18:41:00', '2015-10-05 18:41:00', 1),
(9, 'John Higgins VS Michael Holt', 0, 15, 22, 922, 0, 0, 0, 0, 'John Higgins VS Michael Holt', '', 'part-one', '2015-10-05 18:46:00', '2015-10-05 18:46:00', 1),
(10, 'Rob Walker Announcing the Players', 0, 15, 41, 941, 0, 0, 0, 0, 'Rob Walker Announcing the Players', '', 'part-one', '2015-10-05 18:48:00', '2015-10-05 18:48:00', 1),
(11, 'After the Mid Session Interval the Score is 2', 0, 17, 28, 1048, 0, 0, 0, 0, 'After the Mid Session Interval the Score is 2vs2', '', 'part-one', '2015-10-05 18:51:00', '2015-10-05 18:51:00', 1),
(12, 'Frame 6 Michael Holt to Break', 0, 20, 40, 1240, 0, 0, 0, 0, 'Frame 6 Michael Holt to Break', '', 'part-one', '2015-10-05 18:57:00', '2015-10-05 18:57:00', 1),
(13, 'Thin Red in the Middle by John Higgins', 0, 21, 22, 1282, 0, 0, 0, 0, 'Thin Red in the Middle by John Higgins', '', 'part-one', '2015-10-05 19:00:00', '2015-10-05 19:00:00', 1),
(14, 'JH - MH - Beginning of video', 0, 0, 0, 0, 0, 0, 0, 0, 'Beginning of Video', 'Start', 'part-two', '2015-10-07 16:57:00', '2015-10-07 16:57:00', 1),
(15, '3 Frames a Piece', 0, 0, 50, 50, 0, 0, 0, 0, '3 Frames a Piece', 'Score', 'part-two', '2015-10-08 14:46:00', '2015-10-08 14:46:00', 1),
(16, 'John Higgins Makes a 51 Break', 0, 4, 0, 240, 0, 0, 0, 0, 'John Higgins Makes a 51 Break to Come 4-3 in Front', 'Score', 'part-two', '2015-10-08 14:52:00', '2015-10-08 14:52:00', 1),
(17, 'Frame 8', 0, 4, 27, 267, 0, 0, 0, 0, 'Frame 8', 'Frame', 'part-two', '2015-10-08 14:54:00', '2015-10-08 14:54:00', 1),
(18, '75 Break by John Higgins', 0, 10, 5, 605, 0, 0, 0, 0, '75 Break by John Higgins', 'Break', 'part-two', '2015-10-08 15:01:00', '2015-10-08 15:01:00', 1),
(19, 'Frame 9 John Higgins at The Table', 0, 10, 41, 641, 0, 0, 0, 0, 'Frame 9 John Higgins at The Table', 'Frame', 'part-two', '2015-10-08 15:03:00', '2015-10-08 15:03:00', 1),
(20, 'John Higgins Interview', 0, 11, 11, 671, 0, 0, 0, 0, 'John Higgins Interview', 'Interview', 'part-two', '2015-10-08 15:04:00', '2015-10-08 15:04:00', 1),
(21, 'Advice from Stephen Hendry', 0, 13, 7, 787, 0, 0, 0, 0, 'Advice from Stephen Hendry - 7 Times World Champion', 'Advice', 'part-two', '2015-10-08 15:08:00', '2015-10-08 15:08:00', 1),
(22, 'Barry Hawkins VS Liang Wenbo', 0, 13, 50, 830, 0, 0, 0, 0, 'Conclusion of Match Barry Hawkins VS Liang Wenbo 6 vs 4', 'Match conclusion', 'part-two', '2015-10-08 15:11:00', '2015-10-08 15:11:00', 1),
(23, 'Ding Junghui Interview', 0, 15, 8, 908, 0, 0, 0, 0, 'Ding Junghui Interview', 'Interview', 'part-two', '2015-10-08 15:15:00', '2015-10-08 15:15:00', 1),
(24, 'Ryan Day Appereances', 0, 17, 13, 1033, 0, 0, 0, 0, 'Ryan Day Appereances', 'Appereances', 'part-two', '2015-10-08 15:19:00', '2015-10-08 15:19:00', 1),
(25, 'Ding Junghui VS Ryan Day', 0, 17, 40, 1060, 0, 0, 0, 0, 'Ding Junghui VS Ryan Day <br/> After the Mid Session Interval the Score is 2vs2 ', 'After mid session', 'part-two', '2015-10-08 15:21:00', '2015-10-08 15:21:00', 1),
(26, 'Ding Junghui VS Ryan Day LIVE', 0, 20, 19, 1219, 0, 0, 0, 0, 'Ding Junghui VS Ryan Day Frame 6 - LIVE', 'Frame 6', 'part-two', '2015-10-08 15:25:00', '2015-10-08 15:25:00', 1),
(27, 'Bad Break By Ryan Day', 0, 20, 44, 1244, 0, 0, 0, 0, 'Bad Break By Ryan Day', 'Break off, bad break off', 'part-two', '2015-10-08 15:35:00', NULL, 1),
(28, '91 Break by Ding Junghui', 0, 24, 14, 1454, 0, 0, 0, 0, '91 Break by Ding Junghui', 'Break', 'part-two', '2015-10-08 15:43:00', NULL, 1),
(29, 'Ding Junghui VS Ryan Day Frame 7', 0, 27, 20, 1640, 0, 0, 0, 0, 'Ding Junghui VS Ryan Day Frame 7', 'Frame 7', 'part-two', '2015-10-08 16:01:00', NULL, 1),
(30, 'Highlights - Beginning of video', 0, 0, 0, 0, 0, 0, 0, 0, 'Highlights - Beginning of video', '', 'part-one', '2015-10-08 19:40:00', NULL, 3),
(31, 'UK Championship Previous Winners', 0, 0, 29, 29, 0, 0, 0, 0, 'UK Championship Previous Winners', '', 'part-one', '2015-10-08 19:42:00', NULL, 3),
(32, 'John Higgins VS Michael Holt 6-3', 0, 2, 3, 123, 0, 0, 0, 0, 'John Higgins VS Michael Holt 6-3', '', 'part-one', '2015-10-08 19:45:00', NULL, 3),
(33, 'BH - LW - Beginning of video', 0, 0, 0, 0, 0, 0, 0, 0, 'Beginning of video', '', 'part-one', '2015-10-19 15:45:00', NULL, 4),
(34, 'BH - LW - Beginning of match', 0, 1, 5, 65, 0, 0, 0, 0, 'Beginning of match', '', 'part-one', '2015-10-19 15:46:00', NULL, 4),
(35, 'John Higgins overscrewed the cue ball', 0, 21, 47, 1307, 0, 0, 0, 0, 'John Higgins overscrewed the cue ball', '', 'part-one', '2015-11-25 19:31:54', NULL, 1),
(36, 'Mark Selby\'s 147', 1, 40, 35, 6035, 0, 0, 0, 0, 'Mark Selby\'s 147', '', 'part-one', '2015-12-16 15:48:15', NULL, 141),
(37, 'Ronnie O\'Sullivan 102 break!', 0, 43, 17, 2597, 0, 0, 0, 0, 'Ronnie O\'Sullivan 102 break!', '', 'part-one', '2015-12-26 11:15:18', NULL, 233),
(38, 'Ronnie O\'Sullivan break 131!', 2, 55, 15, 10515, 0, 0, 0, 0, 'Ronnie O\'Sullivan break 131!', '', 'part-one', '2015-12-27 14:18:04', NULL, 234),
(39, 'Ronnie O\'Sullivan break 100!', 0, 9, 20, 560, 0, 0, 0, 0, 'Ronnie O\'Sullivan break 100!', '', 'part-one', '2015-12-27 14:34:14', NULL, 236),
(40, 'Mark Selby 127 break!', 2, 29, 29, 8969, 0, 0, 0, 0, 'Mark Selby 127 break!', '', 'part-one', '2015-12-27 14:46:08', NULL, 236),
(41, 'Introductions by MC Rob Walker', 0, 16, 55, 1015, 0, 0, 0, 0, 'Introductions by MC Rob Walker', '', 'part-one', '2015-12-29 21:38:04', NULL, 237),
(42, 'Frame 1 Ding Junhui to break', 0, 19, 41, 1181, 0, 0, 0, 0, 'Frame 1 Ding Junhui to break', '', 'part-one', '2015-12-29 21:39:36', NULL, 237),
(43, 'Frame 2 Jimmy White to break', 0, 32, 57, 1977, 0, 0, 0, 0, 'Frame 2 Jimmy White to break', '', 'part-one', '2015-12-29 21:40:47', NULL, 237),
(44, 'Nice safety play from both players', 1, 18, 28, 4708, 0, 0, 0, 0, 'Nice safety play from both players', '', 'part-one', '2015-12-29 21:42:29', NULL, 237),
(45, 'Mark Selby\'s Year', 1, 34, 55, 5695, 0, 0, 0, 0, 'Mark Selby\'s Year', '', 'part-one', '2015-12-29 21:43:14', NULL, 237),
(46, 'Mark Selby VS David Morris match', 1, 37, 57, 5877, 0, 0, 0, 0, 'Mark Selby VS David Morris match', '', 'part-one', '2015-12-29 21:44:20', NULL, 237),
(47, 'Ding Junhui 105 break!', 2, 4, 45, 7485, 0, 0, 0, 0, 'Ding Junhui 105 break!', '', 'part-one', '2015-12-29 21:46:00', NULL, 237),
(48, 'David Morris 126 break!', 2, 18, 26, 8306, 0, 0, 0, 0, 'David Morris 126 break!', '', 'part-one', '2015-12-29 21:49:02', NULL, 237),
(49, 'Interview James Cahill', 2, 16, 25, 8185, 0, 0, 0, 0, 'Interview James Cahill', '', 'part-one', '2015-12-29 21:50:31', NULL, 237),
(50, 'Interview David Morris', 3, 19, 56, 11996, 0, 0, 0, 0, 'Interview David Morris', '', 'part-one', '2015-12-29 21:52:27', NULL, 237),
(51, 'Interview Mark Selby', 3, 22, 48, 12168, 0, 0, 0, 0, 'Interview Mark Selby', '', 'part-one', '2015-12-29 21:52:47', NULL, 237),
(52, 'Tornado Drago is in the House! Malta\'s finest', 3, 39, 48, 13188, 0, 0, 0, 0, 'Tornado Drago is in the House! Malta\'s finest', '', 'part-one', '2015-12-29 21:53:30', NULL, 237),
(53, 'Nice plant by Aditya Mehta', 0, 16, 40, 1000, 0, 0, 0, 0, 'Nice plant by Aditya Mehta', '', 'part-one', '2016-01-06 13:35:25', NULL, 238),
(54, 'Judd Trump\'s Unlucky Scratch', 0, 25, 20, 1520, 0, 0, 0, 0, 'Judd Trump\'s Unlucky Scratch', '', 'part-one', '2016-01-06 13:37:10', NULL, 238),
(55, 'First Fluke', 0, 26, 33, 1593, 0, 0, 0, 0, 'First Fluke', '', 'part-one', '2016-01-06 13:38:25', NULL, 238),
(56, 'Second Fluke', 0, 30, 27, 1827, 0, 0, 0, 0, 'Second Fluke', '', 'part-one', '2016-01-06 13:38:47', NULL, 238),
(57, 'Nice pot by Judd Trump, unlucky of the white!', 0, 48, 47, 2927, 0, 0, 0, 0, 'Nice pot by Judd Trump, unlucky of the white!', '', 'part-one', '2016-01-06 13:39:17', NULL, 238),
(58, 'Nice cusion first shot by Neil Robertson', 0, 53, 7, 3187, 0, 0, 0, 0, 'Nice cusion first shot by Neil Robertson', '', 'part-one', '2016-01-07 18:20:35', NULL, 242),
(59, 'Frame 2  Kyren Wilson to break', 0, 21, 0, 1260, 0, 0, 0, 0, 'Frame 2  Kyren Wilson to break', '', 'part-one', '2016-01-07 18:40:17', NULL, 242),
(60, 'Frame 3 Neil Robertson to break ', 0, 31, 35, 1895, 0, 0, 0, 0, 'Frame 3 Neil Robertson to break ', '', 'part-one', '2016-01-07 18:41:18', NULL, 242),
(61, 'Frame 4 Kyren Wilson to break ', 1, 7, 5, 4025, 0, 0, 0, 0, 'Frame 4 Kyren Wilson to break ', '', 'part-one', '2016-01-07 18:42:44', NULL, 242),
(62, 'Tribute to Graham Miles', 1, 19, 54, 4794, 0, 0, 0, 0, 'Tribute to Graham Miles', '', 'part-one', '2016-01-07 19:52:06', NULL, 242),
(63, 'Mark Allen VS Luca Brecel', 1, 23, 35, 5015, 0, 0, 0, 0, 'Mark Allen VS Luca Brecel', '', 'part-one', '2016-01-07 19:54:19', NULL, 242),
(64, 'Interview Nigel Bond', 1, 35, 12, 5712, 0, 0, 0, 0, 'Interview Nigel Bond', '', 'part-one', '2016-01-07 19:55:18', NULL, 242),
(65, 'Frame 5 Neil Robertson to break ', 1, 39, 31, 5971, 0, 0, 0, 0, 'Frame 5 Neil Robertson to break ', '', 'part-one', '2016-01-07 20:03:18', NULL, 242),
(66, 'Frame 6 Kyren Wilson to break', 2, 9, 0, 7740, 0, 0, 0, 0, 'Frame 6 Kyren Wilson to break', '', 'part-one', '2016-01-07 20:54:10', NULL, 242),
(67, 'Nice cross double from Kyren Wilson', 2, 28, 57, 8937, 0, 0, 0, 0, 'Nice cross double from Kyren Wilson', '', 'part-one', '2016-01-07 21:35:34', NULL, 242),
(68, 'Respotted Black', 2, 34, 40, 9280, 0, 0, 0, 0, 'Respotted Black', '', 'part-one', '2016-01-07 21:42:41', NULL, 242),
(69, 'Great Black to level the match', 2, 37, 0, 9420, 0, 0, 0, 0, 'Great Black to level the match', '', 'part-one', '2016-01-07 21:45:16', NULL, 242),
(70, 'Frame 8 Kyren Wilson to break', 2, 57, 22, 10642, 0, 0, 0, 0, 'Frame 8 Kyren Wilson to break', '', 'part-one', '2016-01-07 22:15:53', NULL, 242),
(71, 'Frame 9 Neil Robertson to break ', 3, 9, 35, 11375, 0, 0, 0, 0, 'Frame 9 Neil Robertson to break ', '', 'part-one', '2016-01-07 22:30:51', NULL, 242),
(72, 'Frame 10 Kyren Wilson to break', 3, 27, 8, 12428, 0, 0, 0, 0, 'Frame 10 Kyren Wilson to break', '', 'part-one', '2016-01-07 22:48:25', NULL, 242),
(73, 'Frame 11 Neil Robertson to break', 3, 53, 40, 14020, 0, 0, 0, 0, 'Frame 11 Neil Robertson to break', '', 'part-one', '2016-01-07 23:16:44', NULL, 242),
(74, 'Interview Neil Robertson', 4, 5, 24, 14724, 0, 0, 0, 0, 'Interview Neil Robertson', '', 'part-one', '2016-01-07 23:30:09', NULL, 242),
(75, 'Ronnie O\'Sullivan 113 break! ', 2, 1, 52, 7312, 0, 0, 0, 0, 'Ronnie O\'Sullivan 113 break! ', 'Century break', 'part-one', '2016-01-16 18:36:41', '2016-07-11 17:51:27', 114),
(76, 'Ronnie O\'Sullivan 100 break! Back to Back', 2, 13, 30, 8010, 0, 0, 0, 0, 'Ronnie O\'Sullivan 100 break! Back to Back Centuries!', '', 'part-one', '2016-01-16 18:48:38', NULL, 114),
(77, 'Ronnie O\'Sullivan 133 break!', 1, 42, 10, 6130, 0, 0, 0, 0, 'Ronnie O\'Sullivan 133 break!', '', 'part-one', '2016-01-16 19:01:25', NULL, 116),
(78, 'Nice double by Ronnie to start his 124 break!', 2, 37, 18, 9438, 0, 0, 0, 0, 'Nice double by Ronnie O\'Sullivan to start his 124 break!', '', 'part-one', '2016-01-16 19:08:02', NULL, 116),
(79, 'Barry Hawkins 127 break!', 0, 12, 40, 760, 0, 0, 0, 0, 'Barry Hawkins 127 break!', '', 'part-one', '2016-01-16 19:23:52', NULL, 117),
(80, 'Frame 1 Luca Brecel to break!', 0, 3, 6, 186, 0, 0, 0, 0, 'Frame 1 Luca Brecel to break!', '', 'part-one', '2016-01-20 13:01:59', NULL, 243),
(81, 'Frame 2 Mark Allen to break!', 0, 24, 0, 1440, 0, 0, 0, 0, 'Frame 2 Mark Allen to break!', '', 'part-one', '2016-01-20 13:02:30', NULL, 243),
(82, 'Frame 3 Luca Brecel to break!', 0, 35, 35, 2135, 0, 0, 0, 0, 'Frame 3 Luca Brecel to break!', '', 'part-one', '2016-01-20 13:03:05', NULL, 243),
(83, 'Frame 4 Mark Allen to break!', 0, 48, 20, 2900, 0, 0, 0, 0, 'Frame 4 Mark Allen to break!', '', 'part-one', '2016-01-20 13:03:50', NULL, 243),
(84, 'Frame 5 Luca Brecel to break!', 1, 6, 30, 3990, 0, 0, 0, 0, 'Frame 5 Luca Brecel to break!', '', 'part-one', '2016-01-20 13:04:27', NULL, 243),
(85, 'Frame 6 Mark Allen to break!', 1, 23, 40, 5020, 0, 0, 0, 0, 'Frame 6 Mark Allen to break!', '', 'part-one', '2016-01-20 13:05:56', NULL, 243),
(86, 'Frame 1 Ronnie O\'Sullivan to break!', 0, 3, 53, 233, 0, 0, 0, 0, 'Frame 1 Ronnie O\'Sullivan to break!', '', 'part-one', '2016-01-20 18:56:25', NULL, 244),
(87, 'Frame 2 Peter Lines to break!', 0, 32, 38, 1958, 0, 0, 0, 0, 'Frame 2 Peter Lines to break!', '', 'part-one', '2016-01-20 18:56:53', NULL, 244),
(88, 'Frame 3 Ronnie O\'Sullivan to break!', 0, 55, 55, 3355, 0, 0, 0, 0, 'Frame 3 Ronnie O\'Sullivan to break!', '', 'part-one', '2016-01-20 18:58:34', NULL, 244),
(89, 'Ronnie O\'Sullivan 106 break! ', 2, 5, 3, 7503, 0, 0, 0, 0, 'Ronnie O\'Sullivan 106 break! ', '', 'part-one', '2016-01-20 18:59:35', NULL, 244),
(90, 'Frame 5 Ronnie O\'Sullivan to break!', 1, 57, 53, 7073, 0, 0, 0, 0, 'Frame 5 Ronnie O\'Sullivan to break!', '', 'part-one', '2016-01-20 19:01:07', NULL, 244),
(91, 'Frame 6 Peter Lines to break!', 2, 12, 40, 7960, 0, 0, 0, 0, 'Frame 6 Peter Lines to break!', '', 'part-one', '2016-01-20 19:01:44', NULL, 244),
(92, 'Frame 7 Ronnie O\'Sullivan to break!', 2, 40, 52, 9652, 0, 0, 0, 0, 'Frame 7 Ronnie O\'Sullivan to break!', '', 'part-one', '2016-01-20 19:02:06', NULL, 244),
(93, 'Frame 8 Peter Lines to break!', 2, 51, 15, 10275, 0, 0, 0, 0, 'Frame 8 Peter Lines to break!', '', 'part-one', '2016-01-20 19:02:33', NULL, 244),
(94, 'Crazy Black from Judd Trump', 0, 29, 20, 1760, 0, 0, 0, 0, 'Crazy Black from Judd Trump', '', 'part-one', '2016-01-25 14:08:51', NULL, 246),
(95, 'Frame 2 Judd Trump to break', 0, 31, 17, 1877, 0, 0, 0, 0, 'Frame 2 Judd Trump to break', '', 'part-one', '2016-01-25 14:12:54', NULL, 246),
(96, 'Break of 129 by Judd Trump', 0, 32, 6, 1926, 0, 0, 0, 0, 'Break of 129 by Judd Trump', '', 'part-one', '2016-01-25 14:13:20', NULL, 246),
(97, 'Frame 3 Patrick Fraser to break', 0, 42, 6, 2526, 0, 0, 0, 0, 'Frame 3 Patrick Fraser to break', '', 'part-one', '2016-01-25 14:13:54', NULL, 246),
(98, 'Break of 130 by Judd Trump', 0, 42, 35, 2555, 0, 0, 0, 0, 'Break of 130 by Judd Trump - Back to back centuries', '', 'part-one', '2016-01-25 14:16:00', NULL, 246),
(99, 'Frame 4 Judd Trump to break', 0, 55, 4, 3304, 0, 0, 0, 0, 'Frame 4 Judd Trump to break', '', 'part-one', '2016-01-25 14:17:06', NULL, 246),
(100, 'Matthew Stevens and John Higgins', 1, 25, 28, 5128, 0, 0, 0, 0, 'Matthew Stevens and John Higgins', '', 'part-one', '2016-01-25 14:17:36', NULL, 246),
(101, 'Interview Ken Doherty', 1, 35, 38, 5738, 0, 0, 0, 0, 'Interview Ken Doherty', '', 'part-one', '2016-01-25 14:18:04', NULL, 246),
(102, 'Other matches', 1, 39, 15, 5955, 0, 0, 0, 0, 'Other matches', '', 'part-one', '2016-01-25 14:19:11', NULL, 246),
(103, 'Frame 5 Patrick Fraser to break', 1, 44, 48, 6288, 0, 0, 0, 0, 'Frame 5 Patrick Fraser to break', '', 'part-one', '2016-01-25 14:19:58', NULL, 246),
(104, 'Frame 6 Judd Trump to break', 2, 1, 14, 7274, 0, 0, 0, 0, 'Frame 6 Judd Trump to break', '', 'part-one', '2016-01-25 14:20:21', NULL, 246),
(105, 'Frame 7 Patrick Fraser to break', 2, 31, 42, 9102, 0, 0, 0, 0, 'Frame 7 Patrick Fraser to break', '', 'part-one', '2016-01-25 14:22:01', NULL, 246),
(106, 'Frame 8 Judd Trump to break', 3, 0, 53, 10853, 0, 0, 0, 0, 'Frame 8 Judd Trump to break', '', 'part-one', '2016-01-25 14:24:18', NULL, 246),
(107, 'Frame 9 Patrick Fraser to break', 3, 23, 52, 12232, 0, 0, 0, 0, 'Frame 9 Patrick Fraser to break', '', 'part-one', '2016-01-25 14:24:43', NULL, 246),
(108, 'Break of 104 by Judd Trump', 3, 29, 17, 12557, 0, 0, 0, 0, 'Break of 104 by Judd Trump', '', 'part-one', '2016-01-25 14:27:56', NULL, 246),
(109, 'Snooker is 99% confidence', 3, 40, 50, 13250, 0, 0, 0, 0, 'Snooker is 99% confidence', '', 'part-one', '2016-01-25 14:28:22', NULL, 246),
(110, 'Ali Carter', 3, 46, 16, 13576, 0, 0, 0, 0, 'Ali Carter', '', 'part-one', '2016-01-25 14:28:44', NULL, 246),
(111, 'Hit and Miss John Higgins', 3, 52, 15, 13935, 0, 0, 0, 0, 'Hit and Miss John Higgins', '', 'part-one', '2016-01-25 14:29:13', NULL, 246),
(112, 'John Higgins VS Matthew Stevens', 3, 54, 9, 14049, 0, 0, 0, 0, 'John Higgins VS Matthew Stevens', '', 'part-one', '2016-01-25 14:29:37', NULL, 246),
(113, 'Frame 1 Jack Lisowski to break', 0, 1, 24, 84, 0, 0, 0, 0, 'Frame 1 Jack Lisowski to break', '', 'part-one', '2016-01-27 14:48:29', NULL, 247),
(114, 'Frame 2 Shaun Murphy to break', 0, 17, 51, 1071, 0, 0, 0, 0, 'Frame 2 Shaun Murphy to break', '', 'part-one', '2016-01-27 14:49:31', NULL, 247),
(115, 'Frame 3 Jack Lisowski to break ', 0, 42, 24, 2544, 0, 0, 0, 0, 'Frame 3 Jack Lisowski to break ', '', 'part-one', '2016-01-27 15:21:31', NULL, 247),
(116, 'Frame 4 Shaun Murphy to break', 0, 53, 17, 3197, 0, 0, 0, 0, 'Frame 4 Shaun Murphy to break', '', 'part-one', '2016-01-27 15:30:26', NULL, 247),
(117, 'UK Championship Defining Moments', 1, 3, 17, 3797, 0, 0, 0, 0, 'UK Championship Defining Moments', '', 'part-one', '2016-01-27 15:45:02', NULL, 247),
(118, 'Frame 5 Jack Lisowski to break', 1, 19, 14, 4754, 0, 0, 0, 0, 'Frame 5 Jack Lisowski to break', '', 'part-one', '2016-01-27 16:05:37', NULL, 247),
(119, 'Frame 6 Shaun Murphy to break', 1, 37, 0, 5820, 0, 0, 0, 0, 'Frame 6 Shaun Murphy to break', '', 'part-one', '2016-01-27 16:44:04', NULL, 247),
(120, 'Frame 7 Jack Lisowski to break', 1, 51, 22, 6682, 0, 0, 0, 0, 'Frame 7 Jack Lisowski to break', '', 'part-one', '2016-01-27 16:44:45', NULL, 247),
(121, 'Frame 8 Shaun Murphy to break ', 2, 7, 2, 7622, 0, 0, 0, 0, 'Frame 8 Shaun Murphy to break ', '', 'part-one', '2016-01-27 17:15:40', NULL, 247),
(122, 'Frame 9 Jack Lisowski to break', 2, 34, 40, 9280, 0, 0, 0, 0, 'Frame 9 Jack Lisowski to break', '', 'part-one', '2016-01-27 20:23:00', NULL, 247),
(123, 'Frame 10 Shaun Murphy to break', 2, 47, 16, 10036, 0, 0, 0, 0, 'Frame 10 Shaun Murphy to break', '', 'part-one', '2016-01-27 20:39:34', NULL, 247),
(124, 'Break of 128 by John Higgins', 4, 18, 18, 15498, 0, 0, 0, 0, 'Break of 128 by John Higgins', '', 'part-one', '2016-02-01 22:03:08', NULL, 246),
(125, 'Interview Jack Lisowski', 4, 58, 19, 17899, 0, 0, 0, 0, 'Interview Jack Lisowski', '', 'part-one', '2016-02-01 22:04:16', NULL, 246),
(126, 'Frame 2 Ronnie O\'Sullivan to break', 0, 30, 22, 1822, 0, 0, 0, 0, 'Frame 2 Ronnie O\'Sullivan to break', '', 'part-one', '2016-02-08 16:41:29', NULL, 250),
(127, 'Nice black by Ronnie O\'Sullivan', 0, 46, 18, 2778, 0, 0, 0, 0, 'Nice black by Ronnie O\'Sullivan', '', 'part-one', '2016-02-08 16:41:58', NULL, 250),
(128, 'Frame 3 Ben Woolasten to break', 0, 58, 36, 3516, 0, 0, 0, 0, 'Frame 3 Ben Woolasten to break', '', 'part-one', '2016-02-08 16:42:16', NULL, 250),
(129, 'Frame 4 Ronnie O\'Sullivan to break', 1, 18, 39, 4719, 0, 0, 0, 0, 'Frame 4 Ronnie O\'Sullivan to break', '', 'part-one', '2016-02-08 17:04:15', NULL, 250),
(130, 'Neil Robertson VS Peter Ebdon', 1, 39, 15, 5955, 0, 0, 0, 0, 'Neil Robertson VS Peter Ebdon', '', 'part-one', '2016-02-08 17:04:28', NULL, 250),
(131, 'Frame 5 Ben Woolasten to break', 1, 52, 38, 6758, 0, 0, 0, 0, 'Frame 5 Ben Woolasten to break', '', 'part-one', '2016-02-08 17:05:09', NULL, 250),
(132, 'Nice cross double by Ben Woolasten', 1, 57, 18, 7038, 0, 0, 0, 0, 'Nice cross double by Ben Woolasten', '', 'part-one', '2016-02-08 17:05:23', NULL, 250),
(133, 'Graeme Dott VS Robert Milkins', 2, 9, 51, 7791, 0, 0, 0, 0, 'Graeme Dott VS Robert Milkins', '', 'part-one', '2016-02-08 17:05:37', NULL, 250),
(134, 'Frame 6 Ronnie O\'Sullivan to break', 2, 10, 52, 7852, 0, 0, 0, 0, 'Frame 6 Ronnie O\'Sullivan to break', '', 'part-one', '2016-02-08 17:05:59', NULL, 250),
(135, 'Break of 104 by Ronnie O\'Sullivan', 2, 11, 45, 7905, 0, 0, 0, 0, 'Break of 104 by Ronnie O\'Sullivan', '', 'part-one', '2016-02-08 17:06:13', NULL, 250),
(136, 'Ronnie O\'Sullivan History', 2, 17, 46, 8266, 0, 0, 0, 0, 'Ronnie O\'Sullivan History', '', 'part-one', '2016-02-08 17:06:26', NULL, 250),
(137, 'Frame 7 Ben Woolasten to break', 2, 19, 27, 8367, 0, 0, 0, 0, 'Frame 7 Ben Woolasten to break', '', 'part-one', '2016-02-08 17:06:40', NULL, 250),
(138, 'Frame 8 Ronnie O\'Sullivan to break', 2, 44, 18, 9858, 0, 0, 0, 0, 'Frame 8 Ronnie O\'Sullivan to break', '', 'part-one', '2016-02-08 17:06:54', NULL, 250),
(139, 'Interview Ronnie O\'Sullivan', 2, 55, 16, 10516, 0, 0, 0, 0, 'Interview Ronnie O\'Sullivan', '', 'part-one', '2016-02-08 17:07:06', NULL, 250),
(140, 'Neil Robertson VS Peter Ebdon', 3, 0, 34, 10834, 0, 0, 0, 0, 'Neil Robertson VS Peter Ebdon', '', 'part-one', '2016-02-08 17:07:20', NULL, 250),
(141, 'Break of 107 by Neil Robertson', 3, 1, 0, 10860, 0, 0, 0, 0, 'Break of 107 by Neil Robertson', '', 'part-one', '2016-02-08 17:07:36', NULL, 250),
(142, 'Neil Robertson History', 3, 11, 0, 11460, 0, 0, 0, 0, 'Neil Robertson History', '', 'part-one', '2016-02-08 17:07:52', NULL, 250),
(143, 'Frame 4 Neil Robertson to break', 3, 11, 56, 11516, 0, 0, 0, 0, 'Frame 4 Neil Robertson to break', '', 'part-one', '2016-02-08 17:08:03', NULL, 250),
(144, 'Stuart Bingham VS Joel Walker 3 vs 4', 3, 20, 46, 12046, 0, 0, 0, 0, 'Stuart Bingham VS Joel Walker 3 vs 4', '', 'part-one', '2016-02-08 17:08:18', NULL, 250),
(145, 'Interview Mark Williams', 3, 21, 52, 12112, 0, 0, 0, 0, 'Interview Mark Williams', '', 'part-one', '2016-02-08 17:08:30', NULL, 250),
(146, 'Frame 5 Peter Ebdon to break', 3, 24, 12, 12252, 0, 0, 0, 0, 'Frame 5 Peter Ebdon to break', '', 'part-one', '2016-02-08 17:08:44', NULL, 250),
(147, 'Frame 6 Peter Ebdon 15 points up', 3, 38, 1, 13081, 0, 0, 0, 0, 'Frame 6 Peter Ebdon 15 points up', '', 'part-one', '2016-02-08 17:09:04', NULL, 250),
(148, 'Nice red in the middle pocket', 3, 48, 8, 13688, 0, 0, 0, 0, 'Nice red in the middle pocket', '', 'part-one', '2016-02-08 17:09:17', NULL, 250),
(149, 'Frame 7 Neil Robertson vs Peter Ebdon no scor', 4, 1, 6, 14466, 0, 0, 0, 0, 'Frame 7 Neil Robertson vs Peter Ebdon no score', '', 'part-one', '2016-02-08 17:09:31', NULL, 250),
(150, 'Neil Robertson interview', 4, 24, 32, 15872, 0, 0, 0, 0, 'Neil Robertson interview', '', 'part-one', '2016-02-08 17:09:46', NULL, 250),
(151, 'Stuart Bingham VS Joel Walker 5 vs 5', 4, 28, 34, 16114, 0, 0, 0, 0, 'Stuart Bingham VS Joel Walker 5 vs 5', '', 'part-one', '2016-02-08 17:10:03', NULL, 250),
(152, 'Hit and Miss Shaun Murphy', 4, 29, 19, 16159, 0, 0, 0, 0, 'Hit and Miss Shaun Murphy', '', 'part-one', '2016-02-08 17:10:17', NULL, 250),
(153, 'Shaun Murphy vs Jack Lisowski', 4, 30, 52, 16252, 0, 0, 0, 0, 'Shaun Murphy vs Jack Lisowski', '', 'part-one', '2016-02-08 17:10:31', NULL, 250),
(154, 'Stuart Bingham VS Joel Walker 6 vs 5', 4, 41, 20, 16880, 0, 0, 0, 0, 'Stuart Bingham VS Joel Walker 6 vs 5', '', 'part-one', '2016-02-08 17:10:43', NULL, 250),
(155, 'Frame 9 Shaun Murphy vs Jack Lisowski no scor', 4, 42, 2, 16922, 0, 0, 0, 0, 'Frame 9 Shaun Murphy vs Jack Lisowski no score', '', 'part-one', '2016-02-08 17:10:58', NULL, 250),
(156, 'Frame 9 Shaun Murphy vs Jack Lisowski 5 vs 13', 4, 49, 37, 17377, 0, 0, 0, 0, 'Frame 9 Shaun Murphy vs Jack Lisowski 5 vs 13', '', 'part-one', '2016-02-08 17:11:10', NULL, 250),
(157, 'Battle of the vegans', 1, 35, 44, 5744, 0, 0, 0, 0, 'Battle of the vegans', '', 'part-one', '2016-02-08 17:27:30', NULL, 250),
(158, 'Rob Walker announcing the players', 0, 0, 40, 40, 0, 0, 0, 0, 'Rob Walker announcing the players', '', 'part-one', '2016-02-12 13:23:26', NULL, 251),
(159, 'Frame 1 Mark Williams to break', 0, 3, 11, 191, 0, 0, 0, 0, 'Frame 1 Mark Williams to break', '', 'part-one', '2016-02-12 13:24:03', NULL, 251),
(160, 'Nice opening long pot by Stephen Maguire', 0, 3, 50, 230, 0, 0, 0, 0, 'Nice opening long pot by Stephen Maguire', '', 'part-one', '2016-02-12 13:25:04', NULL, 251),
(161, 'Nice split of the reds by Mark Williams', 0, 6, 1, 361, 0, 0, 0, 0, 'Nice split of the reds (lots of top to arc the cue ball) by Mark Williams', '', 'part-one', '2016-02-12 13:28:36', NULL, 251),
(162, 'Frame 2 Stephen Maguire to break', 0, 17, 48, 1068, 0, 0, 0, 0, 'Frame 2 Stephen Maguire to break', '', 'part-one', '2016-02-12 13:41:07', NULL, 251),
(163, 'Break of 132 by Stephen Maguire', 0, 21, 11, 1271, 0, 0, 0, 0, 'Break of 132 by Stephen Maguire', '', 'part-one', '2016-02-12 14:08:57', NULL, 251),
(164, 'Frame 3 Mark Williams to break', 0, 35, 21, 2121, 0, 0, 0, 0, 'Frame 3 Mark Williams to break', '', 'part-one', '2016-02-12 14:11:17', NULL, 251),
(165, 'Frame 4 Stephen Maguire to break', 0, 58, 54, 3534, 0, 0, 0, 0, 'Frame 4 Stephen Maguire to break', '', 'part-one', '2016-02-12 15:15:11', NULL, 251),
(166, 'Clever shot by Stephen Maguire', 1, 5, 8, 3908, 0, 0, 0, 0, 'Clever shot by Stephen Maguire', '', 'part-one', '2016-02-12 15:47:02', NULL, 251),
(167, 'Uk Championship past winners talking', 1, 15, 27, 4527, 0, 0, 0, 0, 'Uk Championship past winners talking', '', 'part-one', '2016-02-12 17:05:43', NULL, 251),
(168, 'The Season So Far', 1, 16, 36, 4596, 0, 0, 0, 0, 'The Season So Far', '', 'part-one', '2016-02-12 17:07:53', NULL, 251),
(169, 'Mark Williams\'s Timeline', 1, 17, 50, 4670, 0, 0, 0, 0, 'Mark Williams\'s Timeline', '', 'part-one', '2016-02-12 17:08:56', NULL, 251),
(170, 'Stephen Maguire Pro File', 1, 18, 48, 4728, 0, 0, 0, 0, 'Stephen Maguire Pro File', '', 'part-one', '2016-02-12 17:11:44', NULL, 251),
(171, 'Hit and Miss Stephen Maguire', 1, 21, 59, 4919, 0, 0, 0, 0, 'Hit and Miss Stephen Maguire', '', 'part-one', '2016-02-12 17:18:30', NULL, 251),
(172, 'Cars Judd Trump Michael Holt Shaun Murphy', 1, 23, 33, 5013, 0, 0, 0, 0, 'Cars Judd Trump Michael Holt Shaun Murphy Kyren Wilson', '', 'part-one', '2016-02-12 17:24:22', NULL, 251),
(173, 'Frame 5 Mark Williams to break', 1, 30, 58, 5458, 0, 0, 0, 0, 'Frame 5 Mark Williams to break', '', 'part-one', '2016-02-12 17:36:39', NULL, 251),
(174, 'Frame 6 Stephen Maguire to break', 1, 51, 8, 6668, 0, 0, 0, 0, 'Frame 6 Stephen Maguire to break', '', 'part-one', '2016-02-12 18:36:01', NULL, 251),
(175, 'Frame 7 Mark Williams to break', 2, 4, 4, 7444, 0, 0, 0, 0, 'Frame 7 Mark Williams to break', '', 'part-one', '2016-02-12 19:42:07', NULL, 251),
(176, 'Nice double to keep break going by Stephen', 2, 19, 5, 8345, 0, 0, 0, 0, 'Nice double to keep break going by Stephen Maguire', '', 'part-one', '2016-02-12 19:58:31', NULL, 251),
(177, 'Rob Walker announcing the players', 0, 0, 41, 41, 0, 0, 0, 0, 'Rob Walker announcing the players', '', 'part-one', '2016-02-17 14:37:41', NULL, 252),
(178, 'Frame 1 James Cahill to break', 0, 2, 59, 179, 0, 0, 0, 0, 'Frame 1 James Cahill to break', '', 'part-one', '2016-02-17 14:47:23', NULL, 252),
(179, 'Great starting red by James Cahill', 0, 4, 22, 262, 0, 0, 0, 0, 'Great starting red by James Cahill', '', 'part-one', '2016-02-17 14:49:40', NULL, 252),
(180, 'Break of 134 by Ding Junhui', 0, 5, 40, 340, 0, 0, 0, 0, 'Break of 134 by Ding Junhui', '', 'part-one', '2016-02-17 15:05:23', NULL, 252),
(181, 'Frame 2 Ding Junhui to break', 0, 17, 2, 1022, 0, 0, 0, 0, 'Frame 2 Ding Junhui to break', '', 'part-one', '2016-02-17 15:10:19', NULL, 252),
(182, 'Frame 3 James Cahill to break', 0, 22, 43, 1363, 0, 0, 0, 0, 'Frame 3 James Cahill to break', '', 'part-one', '2016-02-17 15:26:01', NULL, 252),
(183, 'Break of 108 by Neil Robertson', 0, 0, 2, 2, 0, 0, 0, 0, 'Break of 108 by Neil Robertson', '', 'part-one', '2016-03-05 15:42:46', NULL, 254),
(184, 'Frame 4 Neil Robertson to break', 0, 5, 18, 318, 0, 0, 0, 0, 'Frame 4 Neil Robertson to break', '', 'part-one', '2016-03-05 15:43:14', NULL, 254),
(185, 'Frame 5 Peter Ebdon to break', 0, 14, 0, 840, 0, 0, 0, 0, 'Frame 5 Peter Ebdon to break', '', 'part-one', '2016-03-05 16:21:07', NULL, 254),
(186, 'Nice safety by Neil Robertson', 0, 18, 27, 1107, 0, 0, 0, 0, 'Nice safety by Neil Robertson', '', 'part-one', '2016-03-05 16:27:49', NULL, 254),
(187, 'Frame 7 Peter Ebdon to break', 0, 45, 52, 2752, 0, 0, 0, 0, 'Frame 7 Peter Ebdon to break', '', 'part-one', '2016-03-05 16:55:17', NULL, 254),
(188, 'Frame 8 Neil Robertson to break', 0, 57, 38, 3458, 0, 0, 0, 0, 'Frame 8 Neil Robertson to break', '', 'part-one', '2016-03-05 17:18:06', NULL, 254),
(189, 'Round 4 Draw', 0, 0, 45, 45, 0, 0, 0, 0, 'Round 4 Draw', '', 'part-one', '2016-03-08 10:03:48', NULL, 255),
(190, 'James Cahill in the studio', 0, 3, 22, 202, 0, 0, 0, 0, 'James Cahill in the studio', '', 'part-one', '2016-03-08 10:04:27', NULL, 255),
(191, 'Coming up', 0, 7, 50, 470, 0, 0, 0, 0, 'Coming up', '', 'part-one', '2016-03-08 10:04:43', NULL, 255),
(192, 'Frame 2', 0, 10, 34, 634, 0, 0, 0, 0, 'Frame 2', '', 'part-one', '2016-03-08 10:05:05', NULL, 255),
(193, 'Frame 3', 0, 15, 23, 923, 0, 0, 0, 0, 'Frame 3', '', 'part-one', '2016-03-08 10:11:24', NULL, 255),
(194, 'Great pot by Anthony McGill', 0, 17, 45, 1065, 0, 0, 0, 0, 'Great pot by Anthony McGill', '', 'part-one', '2016-03-08 10:15:25', NULL, 255),
(195, 'Nice double by Anthony McGill', 0, 25, 33, 1533, 0, 0, 0, 0, 'Nice double by Anthony McGill', '', 'part-one', '2016-03-08 10:23:50', NULL, 255),
(196, 'Frame 4', 0, 26, 29, 1589, 0, 0, 0, 0, 'Frame 4', '', 'part-one', '2016-03-08 10:26:20', NULL, 255),
(197, 'Unlucky Cannon from Anthony McGill', 0, 27, 15, 1635, 0, 0, 0, 0, 'Unlucky Cannon from Anthony McGill', '', 'part-one', '2016-03-08 10:36:02', NULL, 255),
(198, 'Nice cannon on the reds by Anthony McGill', 0, 31, 17, 1877, 0, 0, 0, 0, 'Nice cannon on the reds by Anthony McGill', '', 'part-one', '2016-03-08 10:58:11', NULL, 255),
(199, 'Jason Mohamed in the studio', 0, 37, 8, 2228, 0, 0, 0, 0, 'Jason Mohamed in the studio with seven times world champion Stephen Hendry and six times world champion Steve Davis', '', 'part-one', '2016-03-08 11:08:53', NULL, 255),
(200, 'Frame 5', 0, 38, 40, 2320, 0, 0, 0, 0, 'Frame 5', '', 'part-one', '2016-03-08 11:19:21', NULL, 255),
(201, 'Frame 6', 0, 45, 5, 2705, 0, 0, 0, 0, 'Frame 6', '', 'part-one', '2016-03-08 11:19:54', NULL, 255),
(202, 'Frame 8 Live ', 0, 48, 39, 2919, 0, 0, 0, 0, 'Frame 8 Live ', '', 'part-one', '2016-03-08 11:24:58', NULL, 255),
(203, 'Frame 9', 1, 4, 38, 3878, 0, 0, 0, 0, 'Frame 9', '', 'part-one', '2016-03-08 11:47:59', NULL, 255),
(204, 'John Higgins Timeline', 1, 15, 51, 4551, 0, 0, 0, 0, 'John Higgins Timeline', '', 'part-one', '2016-03-08 12:10:57', NULL, 255),
(205, 'Frame 10 Anthony McGill to break', 1, 17, 8, 4628, 0, 0, 0, 0, 'Frame 10 Anthony McGill to break', '', 'part-one', '2016-03-08 12:15:44', NULL, 255),
(206, 'Break of 129 by John Higgins', 1, 23, 1, 4981, 0, 0, 0, 0, 'Break of 129 by John Higgins', '', 'part-one', '2016-03-08 12:34:21', NULL, 255),
(207, 'Frame 11 John Higgins to break', 1, 34, 50, 5690, 0, 0, 0, 0, 'Frame 11 - Deciding Frame - John Higgins to break', '', 'part-one', '2016-03-08 12:37:38', NULL, 255),
(208, 'Interview Anthony McGill', 2, 5, 37, 7537, 0, 0, 0, 0, 'Interview Anthony McGill', '', 'part-one', '2016-03-08 13:11:23', NULL, 255),
(209, 'Ricky Walden VS Stuart Bingham', 2, 9, 13, 7753, 0, 0, 0, 0, 'Ricky Walden VS Stuart Bingham Frame 3', '', 'part-one', '2016-03-08 13:18:44', NULL, 255),
(210, 'Ricky Walden VS Stuart Bingham', 2, 15, 27, 8127, 0, 0, 0, 0, 'Frame 6 - Ricky Walden VS Stuart Bingham', '', 'part-one', '2016-03-08 13:45:16', NULL, 255),
(211, 'Interview Stuart Bingham', 2, 23, 22, 8602, 0, 0, 0, 0, 'Interview Stuart Bingham', '', 'part-one', '2016-03-08 17:25:10', NULL, 255),
(212, 'Player announcements by Rob Walker', 0, 0, 36, 36, 0, 0, 0, 0, 'Player announcements by Rob Walker', '', 'part-one', '2016-03-15 15:23:49', NULL, 256),
(213, 'Frame 1 Graeme Dott to break', 0, 5, 16, 316, 0, 0, 0, 0, 'Frame 1 Graeme Dott to break', '', 'part-one', '2016-03-15 15:32:06', NULL, 256),
(214, 'Nice Brown to get into the bunch by Graeme', 0, 11, 38, 698, 0, 0, 0, 0, 'Nice Brown to get into the bunch by Graeme Dott', '', 'part-one', '2016-03-15 15:47:18', NULL, 256),
(215, 'Frame 2 Neil Robertson to break', 0, 17, 43, 1063, 0, 0, 0, 0, 'Frame 2 Neil Robertson to break', '', 'part-one', '2016-03-15 16:04:45', NULL, 256),
(216, 'Nice long red from Graeme Dott', 0, 18, 38, 1118, 0, 0, 0, 0, 'Nice long red from Graeme Dott', '', 'part-one', '2016-03-15 16:05:58', NULL, 256),
(217, 'Nice screw back plant by Graeme Dott', 0, 23, 22, 1402, 0, 0, 0, 0, 'Nice screw back plant by Graeme Dott', '', 'part-one', '2016-03-15 16:12:54', NULL, 256),
(218, 'Nice red by Graeme Dott', 0, 25, 7, 1507, 0, 0, 0, 0, 'Nice red by Graeme Dott', '', 'part-one', '2016-03-15 16:16:14', NULL, 256),
(219, 'Frame 3 Graeme Dott to break', 0, 32, 0, 1920, 0, 0, 0, 0, 'Frame 3 Graeme Dott to break', '', 'part-one', '2016-03-15 16:27:42', NULL, 256),
(220, 'Frame 4 Neil Robertson to break', 0, 59, 35, 3575, 0, 0, 0, 0, 'Frame 4 Neil Robertson to break', '', 'part-one', '2016-03-15 17:12:46', NULL, 256),
(221, 'Mid Session Interval', 1, 11, 0, 4260, 0, 0, 0, 0, 'Mid Session Interval', '', 'part-one', '2016-03-15 18:47:34', NULL, 256),
(222, 'Frame 5 Graeme Dott to break', 1, 26, 36, 5196, 0, 0, 0, 0, 'Frame 5 Graeme Dott to break', '', 'part-one', '2016-03-16 08:50:24', NULL, 256),
(223, 'Frame 6 Neil Robertson to break', 1, 47, 48, 6468, 0, 0, 0, 0, 'Frame 6 Neil Robertson to break', '', 'part-one', '2016-03-16 09:19:37', NULL, 256),
(224, 'Frame 7 Graeme Dott to break', 2, 3, 22, 7402, 0, 0, 0, 0, 'Frame 7 Graeme Dott to break', '', 'part-one', '2016-03-16 09:57:11', NULL, 256),
(225, 'Break of 100 by Neil Robertson', 2, 7, 9, 7629, 0, 0, 0, 0, 'Break of 100 by Neil Robertson', '', 'part-one', '2016-03-16 10:12:40', NULL, 256),
(226, 'Frame 8 Neil Robertson to break', 2, 19, 56, 8396, 0, 0, 0, 0, 'Frame 8 Neil Robertson to break', '', 'part-one', '2016-03-16 10:23:35', NULL, 256),
(227, 'Nice long pot from Neil Robertson', 2, 31, 52, 9112, 0, 0, 0, 0, 'Nice long pot from Neil Robertson', '', 'part-one', '2016-03-16 10:39:16', NULL, 256),
(228, 'Frame 9 Graeme Dott to break', 2, 41, 17, 9677, 0, 0, 0, 0, 'Frame 9 Graeme Dott to break', '', 'part-one', '2016-03-16 10:48:56', NULL, 256),
(229, 'Break of 106 by Neil Robertson', 2, 49, 40, 10180, 0, 0, 0, 0, 'Break of 106 by Neil Robertson', '', 'part-one', '2016-03-16 11:12:34', NULL, 256),
(230, 'Frame 10 Neil Robertson to break', 3, 2, 11, 10931, 0, 0, 0, 0, 'Frame 10 Neil Robertson to break', '', 'part-one', '2016-03-16 11:17:29', NULL, 256),
(231, 'Frame 11 Graeme Dott to break', 3, 25, 8, 12308, 0, 0, 0, 0, 'Frame 11 Graeme Dott to break', '', 'part-one', '2016-03-16 11:40:32', NULL, 256),
(232, 'Fourth round overview so far', 0, 0, 44, 44, 0, 0, 0, 0, 'Fourth round overview so far', '', 'part-one', '2016-03-20 17:37:31', NULL, 258),
(233, 'Quarter Final Draw', 0, 3, 19, 199, 0, 0, 0, 0, 'Quarter Final Draw', '', 'part-one', '2016-03-20 17:40:11', NULL, 258),
(234, 'Hazel Irvine and Steve Davis', 0, 3, 58, 238, 0, 0, 0, 0, 'Hazel Irvine and Steve Davis', '', 'part-one', '2016-03-20 17:41:31', NULL, 258),
(235, 'Rod Lawler', 0, 5, 47, 347, 0, 0, 0, 0, 'Rod Lawler', '', 'part-one', '2016-03-20 17:43:15', NULL, 258),
(236, 'Judd Trump VS Rod Lawler', 0, 7, 56, 476, 0, 0, 0, 0, 'Judd Trump VS Rod Lawler', '', 'part-one', '2016-03-20 17:49:28', NULL, 258),
(237, 'Dennis Taylor and Stephen Hendry', 0, 8, 24, 504, 0, 0, 0, 0, 'Dennis Taylor and Stephen Hendry in the commentary box', '', 'part-one', '2016-03-20 17:50:46', NULL, 258),
(238, 'Rob Walker announcing the players', 0, 10, 1, 601, 0, 0, 0, 0, 'Rob Walker announcing the players', '', 'part-one', '2016-03-20 17:59:43', NULL, 258),
(239, 'Frame 1 Rod Lawler to break', 0, 13, 58, 838, 0, 0, 0, 0, 'Frame 1 Rod Lawler to break', '', 'part-one', '2016-03-20 19:07:10', NULL, 258),
(240, 'Awesome cue power from Judd Trump', 0, 18, 38, 1118, 0, 0, 0, 0, 'Awesome cue power from Judd Trump', '', 'part-one', '2016-03-20 19:17:14', NULL, 258),
(241, 'Break of 102 by Judd Trump', 0, 20, 5, 1205, 0, 0, 0, 0, 'Break of 102 by Judd Trump', '', 'part-one', '2016-03-20 19:46:35', NULL, 258),
(242, 'Frame 2 Judd Trump to break', 0, 31, 2, 1862, 0, 0, 0, 0, 'Frame 2 Judd Trump to break', '', 'part-one', '2016-03-20 19:49:18', NULL, 258),
(243, 'Frame 3 Rod Lawler to break', 0, 54, 3, 3243, 0, 0, 0, 0, 'Frame 3 Rod Lawler to break', '', 'part-one', '2016-03-20 20:59:38', NULL, 258),
(244, 'Tremendous pot from Judd Trump', 0, 58, 35, 3515, 0, 0, 0, 0, 'Tremendous pot from Judd Trump', '', 'part-one', '2016-03-20 21:05:05', NULL, 258),
(245, 'Hazel Irvine, John Parrot and Steve Davis', 1, 18, 12, 4692, 0, 0, 0, 0, 'Hazel Irvine, John Parrot and Steve Davis', '', 'part-one', '2016-03-21 10:37:04', NULL, 258),
(246, 'Frame 4 Judd Trump to break', 1, 19, 27, 4767, 0, 0, 0, 0, 'Frame 4 Judd Trump to break', '', 'part-one', '2016-03-21 10:37:49', NULL, 258),
(247, 'How to fluke a snooker', 1, 50, 55, 6655, 0, 0, 0, 0, 'How to fluke a snooker', '', 'part-one', '2016-03-21 10:38:27', NULL, 258),
(248, 'Nice safety by Rod Lawler', 1, 55, 40, 6940, 0, 0, 0, 0, 'Nice safety by Rod Lawler', '', 'part-one', '2016-03-21 10:39:03', NULL, 258),
(249, 'Nice safety by Judd Trump', 2, 4, 30, 7470, 0, 0, 0, 0, 'Nice safety by Judd Trump', '', 'part-one', '2016-03-21 10:53:23', NULL, 258),
(250, 'Mid Session Interval', 2, 6, 19, 7579, 0, 0, 0, 0, 'Mid Session Interval', '', 'part-one', '2016-03-21 11:07:12', NULL, 258),
(251, 'Snooker surgery by Steve Davis', 2, 9, 35, 7775, 0, 0, 0, 0, 'Snooker surgery by Steve Davis', '', 'part-one', '2016-03-21 11:17:11', NULL, 258),
(252, 'Shaun Murphy vs Marco Fu', 2, 12, 5, 7925, 0, 0, 0, 0, 'Shaun Murphy vs Marco Fu', '', 'part-one', '2016-03-21 11:21:10', NULL, 258),
(253, 'Frame 2 Marco Fu 30 points behind', 2, 15, 4, 8104, 0, 0, 0, 0, 'Frame 2 Marco Fu 30 points behind', '', 'part-one', '2016-03-21 12:03:54', NULL, 258),
(254, 'Frame 3 Marco Fu 11 in front', 2, 21, 1, 8461, 0, 0, 0, 0, 'Frame 3 Marco Fu 11 in front', '', 'part-one', '2016-03-21 12:13:37', NULL, 258),
(255, 'Frame 6 Marco Fu at the table', 2, 26, 46, 8806, 0, 0, 0, 0, 'Frame 6 Marco Fu at the table', '', 'part-one', '2016-03-21 12:15:40', NULL, 258),
(256, 'Frame 7 Marco Fu to break', 2, 42, 0, 9720, 0, 0, 0, 0, 'Frame 7 Marco Fu to break', '', 'part-one', '2016-03-21 12:16:29', NULL, 258),
(257, 'Shaun Murphy Timeline', 2, 53, 43, 10423, 0, 0, 0, 0, 'Shaun Murphy Timeline', '', 'part-one', '2016-03-21 12:28:48', NULL, 258),
(258, 'Frame 8 Shaun Murphy broke off', 2, 54, 35, 10475, 0, 0, 0, 0, 'Frame 8 Shaun Murphy broke off', '', 'part-one', '2016-03-21 12:30:43', NULL, 258),
(259, 'Nice pot to the middle from Marco Fu', 3, 0, 30, 10830, 0, 0, 0, 0, 'Nice pot to the middle from Marco Fu', '', 'part-one', '2016-03-21 12:37:33', NULL, 258),
(260, 'Frame 9 Marco Fu to break', 3, 17, 40, 11860, 0, 0, 0, 0, 'Frame 9 Marco Fu to break', '', 'part-one', '2016-03-21 12:58:41', NULL, 258),
(261, 'Hazel Irvine, John Parrot and Steve Davis', 4, 17, 20, 15440, 0, 0, 0, 0, 'Hazel Irvine, John Parrot and Steve Davis', '', 'part-one', '2016-03-21 14:47:15', NULL, 258),
(262, 'Frame 10 Shaun Murphy to break', 4, 20, 32, 15632, 0, 0, 0, 0, 'Frame 10 Shaun Murphy to break', '', 'part-one', '2016-03-21 14:50:32', NULL, 258),
(263, 'Judd Trump wins against Rod Lawler', 4, 34, 35, 16475, 0, 0, 0, 0, 'Judd Trump wins against Rod Lawler', '', 'part-one', '2016-03-21 15:05:10', NULL, 258),
(264, 'Frame 11 Marco Fu to break', 4, 35, 16, 16516, 0, 0, 0, 0, 'Frame 11 and the deciding frame Marco Fu to break ', '', 'part-one', '2016-03-21 15:05:51', NULL, 258),
(265, 'How to snooker yourself', 4, 55, 41, 17741, 0, 0, 0, 0, 'How to snooker yourself, what an end to a match', '', 'part-one', '2016-03-21 15:27:12', NULL, 258),
(266, 'Fourth round mathces', 0, 1, 29, 89, 0, 0, 0, 0, 'Fourth round mathces', '', 'part-one', '2016-03-22 17:27:58', NULL, 259),
(267, 'End of the match between Shaun Murphy', 0, 2, 5, 125, 0, 0, 0, 0, 'End of the match between Shaun Murphy and Marco Fu', '', 'part-one', '2016-03-22 17:30:33', NULL, 259),
(268, 'Interview Marco Fu', 0, 6, 36, 396, 0, 0, 0, 0, 'Interview Marco Fu', '', 'part-one', '2016-03-22 17:40:12', NULL, 259),
(269, 'Frame 1 Ronnie O\'Sullivan broke off', 0, 11, 4, 664, 0, 0, 0, 0, 'Frame 1 Ronnie O\'Sullivan broke off', '', 'part-one', '2016-03-22 17:42:02', NULL, 259),
(270, 'Frame 2 Matthew Selt to break', 0, 26, 28, 1588, 0, 0, 0, 0, 'Frame 2 Matthew Selt to break', '', 'part-one', '2016-03-22 20:56:07', NULL, 259),
(271, 'Nice escape by Ronnie O\'Sullivan', 0, 28, 19, 1699, 0, 0, 0, 0, 'Nice escape by Ronnie O\'Sullivan', '', 'part-one', '2016-03-22 21:20:12', NULL, 259),
(272, 'Frame 3 Ronnie O\'Sullivan to break', 0, 46, 52, 2812, 0, 0, 0, 0, 'Frame 3 Ronnie O\'Sullivan to break', '', 'part-one', '2016-03-22 21:42:12', NULL, 259),
(273, 'Frame 4 Matthew Selt to break', 1, 4, 49, 3889, 0, 0, 0, 0, 'Frame 4 Matthew Selt to break', '', 'part-one', '2016-03-22 22:05:26', NULL, 259),
(274, 'Tremendous pot by Ronnie O\'Sullivan', 1, 13, 47, 4427, 0, 0, 0, 0, 'Tremendous pot by Ronnie O\'Sullivan', '', 'part-one', '2016-03-22 22:18:51', NULL, 259),
(275, 'Mid Session Interval', 1, 25, 1, 5101, 0, 0, 0, 0, 'Mid Session Interval', '', 'part-one', '2016-03-22 22:29:29', NULL, 259),
(276, 'Frame 5 Ronnie O\'Sullivan to break', 1, 25, 51, 5151, 0, 0, 0, 0, 'Frame 5 Ronnie O\'Sullivan to break', '', 'part-one', '2016-03-22 22:42:41', NULL, 259),
(277, 'Break of 89 by Ronnie O\'Sullivan', 1, 27, 54, 5274, 0, 0, 0, 0, 'Break of 89 and an attempt to make a 147 by Ronnie O\'Sullivan. Want to see a 147? Watch the next frame ;)', '', 'part-one', '2016-03-22 22:53:34', NULL, 259),
(278, 'Awesome position on the black by Ronnie', 1, 33, 15, 5595, 0, 0, 0, 0, 'Awesome position on the black by Ronnie O\'Sullivan', '', 'part-one', '2016-03-22 22:53:44', NULL, 259),
(279, 'Crazy Red in the left middle pocket', 1, 33, 45, 5625, 0, 0, 0, 0, 'Crazy Red in the left middle pocket and perfect position on the black by Ronnie O\'Sullivan', '', 'part-one', '2016-03-22 22:53:50', NULL, 259),
(280, 'Frame 6 Matthew Selt to break', 1, 35, 4, 5704, 0, 0, 0, 0, 'Frame 6 Matthew Selt to break', '', 'part-one', '2016-03-22 22:56:52', NULL, 259),
(281, '147 maximum break by Ronnie O\'Sullivan', 1, 37, 12, 5832, 0, 0, 0, 0, '147 maximum break by Ronnie O\'Sullivan', '', 'part-one', '2016-03-22 23:11:15', NULL, 259),
(282, 'Forced black to get position on the yellow!', 1, 44, 14, 6254, 0, 0, 0, 0, 'Forced black to get position on the yellow! Ronnie O\'Sullivan', '', 'part-one', '2016-03-22 23:12:57', NULL, 259),
(283, 'Heart stopping blue in the right middle ', 1, 45, 8, 6308, 0, 0, 0, 0, 'Heart stopping blue in the right middle pocket. OMG :p oooohhhhh', '', 'part-one', '2016-03-22 23:13:02', NULL, 259),
(284, 'Ronnie O\'Sullivan Timeline', 0, 1, 37, 97, 0, 0, 0, 0, 'Ronnie O\'Sullivan Timeline', '', 'part-one', '2016-03-27 22:12:41', NULL, 260),
(285, 'Interview Matthew Selt', 0, 2, 29, 149, 0, 0, 0, 0, 'Interview Matthew Selt', '', 'part-one', '2016-03-27 22:14:42', NULL, 260),
(286, 'Frame 3 O\'Sullivan has a 20 point lead', 0, 3, 28, 208, 0, 0, 0, 0, 'Frame 3 O\'Sullivan has a 20 point lead', '', 'part-one', '2016-03-27 22:16:09', NULL, 260),
(287, 'Frame 5 O\'Sullivan at the table with no score', 0, 8, 47, 527, 0, 0, 0, 0, 'Frame 5 O\'Sullivan at the table with no score', '', 'part-one', '2016-03-27 22:22:33', NULL, 260),
(288, 'Frame 6 O\'Sullivan at the table and no score', 0, 16, 17, 977, 0, 0, 0, 0, 'Frame 6 O\'Sullivan at the table and no score', '', 'part-one', '2016-03-27 22:34:08', NULL, 260),
(289, '147 maximum break by Ronnie O\'Sullivan', 0, 17, 20, 1040, 0, 0, 0, 0, '147 maximum break by Ronnie O\'Sullivan', '', 'part-one', '2016-03-27 22:45:01', NULL, 260),
(290, 'Interview Ronnie O\'Sullivan', 0, 25, 59, 1559, 0, 0, 0, 0, 'Interview Ronnie O\'Sullivan', '', 'part-one', '2016-03-27 22:45:37', NULL, 260),
(291, 'Last 16 matches from this afternoon', 0, 27, 0, 1620, 0, 0, 0, 0, 'Last 16 matches from this afternoon', '', 'part-one', '2016-03-27 22:47:55', NULL, 260),
(292, 'Stephen Maguire VS David Morris', 0, 28, 50, 1730, 0, 0, 0, 0, 'Stephen Maguire VS David Morris', '', 'part-one', '2016-03-27 22:50:31', NULL, 260),
(293, 'Frame 7 Maguire leading by 23 points', 0, 34, 55, 2095, 0, 0, 0, 0, 'Frame 7 Maguire leading by 23 points', '', 'part-one', '2016-03-27 22:57:27', NULL, 260),
(294, 'Frame 8 Morris leading by 15 points', 0, 39, 30, 2370, 0, 0, 0, 0, 'Frame 8 Morris leading by 15 points but he\'s snookered behind the yellow', '', 'part-one', '2016-03-27 23:03:23', NULL, 260),
(295, 'Frame 9 David Morris makes a foul', 0, 47, 11, 2831, 0, 0, 0, 0, 'Frame 9 David Morris makes a foul, Stephen Maguire wins the match', '', 'part-one', '2016-03-27 23:11:09', NULL, 260),
(296, 'Interview Stephen Maguire', 0, 47, 36, 2856, 0, 0, 0, 0, 'Interview Stephen Maguire', '', 'part-one', '2016-03-27 23:11:34', NULL, 260),
(297, 'Quarter Final Line-Up', 0, 48, 5, 2885, 0, 0, 0, 0, 'Quarter Final Line-Up', '', 'part-one', '2016-03-27 23:12:33', NULL, 260),
(298, 'Ronnie O\'Sullivan\'s 147', 0, 0, 55, 55, 0, 0, 0, 0, 'Ronnie O\'Sullivan\'s 147', '', 'part-one', '2016-03-28 16:26:48', NULL, 261),
(299, 'Hazal Irvine and Ken Doherty', 0, 3, 16, 196, 0, 0, 0, 0, 'Hazal Irvine and Ken Doherty talk about O\'Sullivan\'s 147!', '', 'part-one', '2016-03-28 16:31:03', NULL, 261),
(300, 'The Quarter Finalists', 0, 5, 7, 307, 0, 0, 0, 0, 'The Quarter Finalists', '', 'part-one', '2016-03-28 16:33:15', NULL, 261),
(301, 'Coming up this afternoon', 0, 6, 33, 393, 0, 0, 0, 0, 'Coming up this afternoon', '', 'part-one', '2016-03-28 16:35:19', NULL, 261),
(302, 'Interview Anthony McGill', 0, 7, 49, 469, 0, 0, 0, 0, 'Interview Anthony McGill', '', 'part-one', '2016-03-28 16:37:28', NULL, 261),
(303, 'Steve Davis and John Parrot in the Tunnel', 0, 10, 16, 616, 0, 0, 0, 0, 'Steve Davis and John Parrot in the Tunnel', '', 'part-one', '2016-03-28 16:48:27', NULL, 261),
(304, 'Rob Walker announcing the players', 0, 12, 28, 748, 0, 0, 0, 0, 'Rob Walker announcing the players', '', 'part-one', '2016-03-28 16:51:45', NULL, 261),
(305, 'Frame 1 Ronnie O\'Sullivan to break', 0, 15, 29, 929, 0, 0, 0, 0, 'Frame 1 Ronnie O\'Sullivan to break', '', 'part-one', '2016-03-28 16:55:58', NULL, 261),
(306, 'Nice plant from Anthony McGill', 0, 28, 4, 1684, 0, 0, 0, 0, 'Nice plant from Anthony McGill', '', 'part-one', '2016-03-28 17:10:17', NULL, 261),
(307, 'Frame 2 Anthony McGill to break', 0, 0, 55, 55, 0, 0, 0, 0, 'Frame 2 Anthony McGill to break', '', 'part-two', '2016-03-28 17:19:06', NULL, 261),
(308, 'Frame 3 Ronnie O\'Sullivan to break', 0, 17, 55, 1075, 0, 0, 0, 0, 'Frame 3 Ronnie O\'Sullivan to break', '', 'part-two', '2016-03-28 17:56:42', NULL, 261),
(309, 'Second plant from Anthony McGill', 0, 29, 58, 1798, 0, 0, 0, 0, 'Second plant from Anthony McGill', '', 'part-two', '2016-03-28 18:12:27', NULL, 261),
(310, 'Frame 4 Anthony McGill to break', 0, 1, 55, 115, 0, 0, 0, 0, 'Frame 4 Anthony McGill to break', '', 'part-three', '2016-03-28 19:02:12', NULL, 261),
(311, 'Nice drag shot by Anthony McGill', 0, 2, 50, 170, 0, 0, 0, 0, 'Nice drag shot by Anthony McGill', '', 'part-three', '2016-03-28 19:04:34', NULL, 261),
(312, 'Mid Session Interval', 0, 0, 0, 0, 0, 0, 0, 0, 'Mid Session Interval', '', 'part-four', '2016-03-28 19:19:30', NULL, 261),
(313, 'Drag shot explained by Ken Doherty', 0, 1, 20, 80, 0, 0, 0, 0, 'Drag shot explained by Ken Doherty', '', 'part-four', '2016-03-28 19:22:06', NULL, 261),
(314, 'Pro File Graeme Dott', 0, 3, 2, 182, 0, 0, 0, 0, 'Pro File Graeme Dott', '', 'part-four', '2016-03-28 19:23:57', NULL, 261),
(315, 'Stuart Bingham VS Graeme Dott', 0, 6, 11, 371, 0, 0, 0, 0, 'Stuart Bingham VS Graeme Dott', '', 'part-four', '2016-03-28 19:32:57', NULL, 261),
(316, 'Frame 2 Bingham on a break of 13', 0, 10, 8, 608, 0, 0, 0, 0, 'Frame 2 Bingham on a break of 13', '', 'part-four', '2016-03-28 19:38:16', NULL, 261),
(317, 'Frame 5 Ronnie O\'Sullivan to break', 0, 20, 28, 1228, 0, 0, 0, 0, 'Frame 5 Ronnie O\'Sullivan to break', '', 'part-four', '2016-03-28 19:48:48', NULL, 261),
(318, 'Nice shot from Ronnie O\'Sullivan', 0, 24, 8, 1448, 0, 0, 0, 0, 'Nice shot from Ronnie O\'Sullivan', '', 'part-four', '2016-03-28 19:55:55', NULL, 261),
(319, 'Break of 125 by Ronnie O\'Sullivan', 0, 23, 6, 1386, 0, 0, 0, 0, 'Break of 125 by Ronnie O\'Sullivan', '', 'part-four', '2016-03-28 20:02:48', NULL, 261),
(320, 'Frame 6 Anthony McGill to break', 0, 2, 5, 125, 0, 0, 0, 0, 'Frame 6 Anthony McGill to break', '', 'part-five', '2016-03-28 20:07:04', NULL, 261),
(321, 'Frame 7 Ronnie O\'Sullivan to break', 0, 3, 19, 199, 0, 0, 0, 0, 'Frame 7 Ronnie O\'Sullivan to break', '', 'part-six', '2016-03-29 10:04:33', NULL, 261),
(322, 'Reaction of Ronnie O\'Sullivan after missing', 0, 20, 1, 1201, 0, 0, 0, 0, 'Reaction of Ronnie O\'Sullivan after missing a black', '', 'part-six', '2016-03-29 10:25:27', NULL, 261),
(323, 'Frame 8 Anthony McGill to break', 0, 1, 49, 109, 0, 0, 0, 0, 'Frame 8 Anthony McGill to break', '', 'part-seven', '2016-03-29 11:04:09', NULL, 261),
(324, 'Frame 9 Ronnie O\'Sullivan to break', 0, 1, 50, 110, 0, 0, 0, 0, 'Frame 9 Ronnie O\'Sullivan to break', '', 'part-eight', '2016-03-29 11:25:06', NULL, 261),
(325, 'Break of 103 by Anthony McGill', 0, 5, 0, 300, 0, 0, 0, 0, 'Break of 103 by Anthony McGill', '', 'part-eight', '2016-03-29 12:17:54', NULL, 261);
INSERT INTO `items` (`item_id`, `item_title`, `item_hours_start`, `item_minutes_start`, `item_seconds_start`, `item_point_start`, `item_hours_end`, `item_minutes_end`, `item_seconds_end`, `item_point_end`, `item_description`, `item_tags`, `item_part`, `created`, `modified`, `timeline_id`) VALUES
(326, 'Frame 10 Anthony McGill to break', 0, 15, 5, 905, 0, 0, 0, 0, 'Frame 10 Anthony McGill to break', '', 'part-eight', '2016-03-29 12:22:42', NULL, 261),
(327, 'Crazy red to the middle by Ronnie', 0, 19, 19, 1159, 0, 0, 0, 0, 'Crazy red to the middle by Ronnie O\'Sullivan', '', 'part-eight', '2016-03-29 12:29:53', NULL, 261),
(328, 'Interview Ronnie O\'Sullivan', 0, 0, 22, 22, 0, 0, 0, 0, 'Interview Ronnie O\'Sullivan', '', 'part-nine', '2016-03-29 12:46:52', NULL, 261),
(329, 'Ronnie gets a birthday cake', 0, 6, 5, 365, 0, 0, 0, 0, 'Ronnie gets a birthday cake', '', 'part-nine', '2016-03-29 12:48:18', NULL, 261),
(330, 'Stuart Bingham VS Graeme Dott Frame 7', 0, 6, 33, 393, 0, 0, 0, 0, 'Stuart Bingham VS Graeme Dott Frame 7', '', 'part-nine', '2016-03-29 12:50:14', NULL, 261),
(331, 'Break of 108 by Stuart Bingham', 0, 6, 55, 415, 0, 0, 0, 0, 'Break of 108 by Stuart Bingham', '', 'part-nine', '2016-03-29 13:02:39', NULL, 261),
(332, 'Frame 8 Stuart Bingham 51 points behind', 0, 0, 0, 0, 0, 0, 0, 0, 'Frame 8 Stuart Bingham 51 points behind', '', 'part-ten', '2016-03-29 13:04:42', NULL, 261),
(333, 'Frame 9 Stuart Bingham at the table', 0, 9, 34, 574, 0, 0, 0, 0, 'Frame 9 Stuart Bingham at the table', '', 'part-nine', '2016-03-29 13:17:02', NULL, 261),
(334, 'Frame 10 Stuart Bingham at the table', 0, 19, 28, 1168, 0, 0, 0, 0, 'Frame 10 Stuart Bingham at the table', '', 'part-nine', '2016-03-29 13:35:00', NULL, 261),
(335, 'Frame 11 Stuart Bingham at the table', 0, 0, 22, 22, 0, 0, 0, 0, 'Frame 11 Stuart Bingham at the table', '', 'part-eleven', '2016-03-29 14:11:16', NULL, 261),
(336, 'Break of 103 by Stuart Bingham', 0, 4, 26, 266, 0, 0, 0, 0, 'Break of 103 by Stuart Bingham', '', 'part-eleven', '2016-03-29 14:23:57', NULL, 261),
(337, 'Interview Stuart Bingham', 0, 0, 0, 0, 0, 0, 0, 0, 'Interview Stuart Bingham', '', 'part-twelve', '2016-03-29 14:25:19', NULL, 261),
(338, 'Ronnie O\'Sullivan\'s 147', 0, 3, 51, 231, 0, 0, 0, 0, 'Ronnie O\'Sullivan\'s 147', '', 'part-twelve', '2016-03-29 15:28:33', NULL, 261),
(339, 'Remaining Quarter Finals', 0, 14, 7, 847, 0, 0, 0, 0, 'Remaining Quarter Finals', '', 'part-twelve', '2016-03-29 15:46:03', NULL, 261),
(340, 'Jud Trump and Mark Davis', 0, 14, 36, 876, 0, 0, 0, 0, 'Jud Trump and Mark Davis', '', 'part-twelve', '2016-03-29 15:47:34', NULL, 261),
(341, 'Rob Walker announcing the players', 0, 0, 36, 36, 0, 0, 0, 0, 'Rob Walker announcing the players', '', 'part-one', '2016-04-05 10:38:31', NULL, 262),
(342, 'Frame 1 Marco Fu to break', 0, 4, 19, 259, 0, 0, 0, 0, 'Frame 1 Marco Fu to break (problem with camera)', '', 'part-one', '2016-04-05 10:42:34', NULL, 262),
(343, 'Frame 2 Stephen Maguire to break', 0, 0, 0, 0, 0, 0, 0, 0, 'Frame 2 Stephen Maguire to break', '', 'part-two', '2016-04-05 11:15:08', NULL, 262),
(344, 'Frame 3 Marco Fu to break', 0, 0, 0, 0, 0, 0, 0, 0, 'Frame 3 Marco Fu to break', '', 'part-three', '2016-04-05 11:31:18', NULL, 262),
(345, 'Frame 4 Stephen Maguire to break', 0, 0, 7, 7, 0, 0, 0, 0, 'Frame 4 Stephen Maguire to break', '', 'part-four', '2016-04-05 14:12:06', NULL, 262),
(346, 'Mid Session Interval', 0, 13, 5, 785, 0, 0, 0, 0, 'Mid Session Interval', '', 'part-four', '2016-04-05 14:31:41', NULL, 262),
(347, 'Frame 5 Marco Fu to break', 0, 14, 31, 871, 0, 0, 0, 0, 'Frame 5 Marco Fu to break', '', 'part-four', '2016-04-05 14:41:25', NULL, 262),
(348, 'Break of 113 by Stephen Maguire', 0, 16, 15, 975, 0, 0, 0, 0, 'Break of 113 by Stephen Maguire', '', 'part-four', '2016-04-05 14:56:52', NULL, 262),
(349, 'Frame 6 Stephen Maguire to break', 0, 0, 2, 2, 0, 0, 0, 0, 'Frame 6 Stephen Maguire to break', '', 'part-five', '2016-04-05 14:56:56', NULL, 262),
(350, 'Excellent escape from Stephen Maguire', 0, 2, 0, 120, 0, 0, 0, 0, 'Excellent escape from Stephen Maguire', '', 'part-five', '2016-04-05 15:00:05', NULL, 262),
(351, 'Frame 7 Marco Fu to break', 0, 11, 55, 715, 0, 0, 0, 0, 'Frame 7 Marco Fu to break', '', 'part-five', '2016-04-05 15:10:49', NULL, 262),
(352, 'Ronnie O\'Sullivan\'s 147', 0, 0, 55, 55, 0, 0, 0, 0, 'Ronnie O\'Sullivan\'s 147', '', 'part-one', '2016-04-11 13:06:38', NULL, 263),
(353, 'List of maximum breaks', 0, 2, 47, 167, 0, 0, 0, 0, 'List of maximum breaks - 147 leaders', '', 'part-one', '2016-04-11 13:09:40', NULL, 263),
(354, 'Hazel Irvine and Ken Doherty', 0, 3, 14, 194, 0, 0, 0, 0, 'Hazel Irvine and Ken Doherty commentate about Ronnie\'s 147 maximum break', '', 'part-one', '2016-04-11 13:10:58', NULL, 263),
(355, 'Quarter Finalists', 0, 5, 7, 307, 0, 0, 0, 0, 'Quarter Finalists', '', 'part-one', '2016-04-11 13:13:24', NULL, 263),
(356, 'Ken Doherty analysis the Quarter Final', 0, 5, 34, 334, 0, 0, 0, 0, 'Ken Doherty analysis the Quarter Final line-up', '', 'part-one', '2016-04-11 13:15:14', NULL, 263),
(357, 'Coming Up', 0, 6, 33, 393, 0, 0, 0, 0, 'Coming Up', '', 'part-one', '2016-04-11 13:16:34', NULL, 263),
(358, 'Anthony McGill', 0, 7, 49, 469, 0, 0, 0, 0, 'Anthony McGill', '', 'part-one', '2016-04-11 13:18:32', NULL, 263),
(359, 'Ronnie O\'Sullivan and Anthony McGill', 0, 10, 0, 600, 0, 0, 0, 0, 'Ronnie O\'Sullivan and Anthony McGill head to head', '', 'part-one', '2016-04-11 13:22:54', NULL, 263),
(360, 'Steve Davis and John Parrot in the Tunnel', 0, 10, 16, 616, 0, 0, 0, 0, 'Steve Davis and John Parrot in the Tunnel', '', 'part-one', '2016-04-11 13:23:53', NULL, 263),
(361, 'Rob Walker announcing the players', 0, 12, 27, 747, 0, 0, 0, 0, 'Rob Walker announcing the players', '', 'part-one', '2016-04-11 13:30:34', NULL, 263),
(362, 'Frame 1 Stuart Bingham to break', 0, 15, 19, 919, 0, 0, 0, 0, 'Frame 1 Stuart Bingham to break', '', 'part-one', '2016-04-11 13:34:36', NULL, 263),
(363, 'Nice attacking pot from Stuart', 0, 16, 56, 1016, 0, 0, 0, 0, 'Nice attacking pot from Stuart', '', 'part-one', '2016-04-11 13:37:07', NULL, 263),
(364, 'Nice blue to split the reds', 0, 20, 59, 1259, 0, 0, 0, 0, 'Nice blue to split the reds and to be unlucky to pot a red into the corner pocket', '', 'part-one', '2016-04-11 13:42:47', NULL, 263),
(365, 'What a pot from Stuart Bingham', 0, 21, 51, 1311, 0, 0, 0, 0, 'What a pot from Stuart Bingham', '', 'part-one', '2016-04-11 13:44:32', NULL, 263),
(366, 'Frame 2 Graeme Dott to break', 0, 36, 11, 2171, 0, 0, 0, 0, 'Frame 2 Graeme Dott to break', '', 'part-one', '2016-04-11 14:08:16', NULL, 263),
(367, 'Great long red from Stuart Bingham', 0, 36, 42, 2202, 0, 0, 0, 0, 'Great long red from Stuart Bingham', '', 'part-one', '2016-04-11 14:10:09', NULL, 263),
(368, 'Frame 3 Stuart Bingham to break', 0, 0, 1, 1, 0, 0, 0, 0, 'Frame 3 Stuart Bingham to break', '', 'part-two', '2016-04-11 14:25:52', NULL, 263),
(369, 'Frame 4 Graeme Dott to break', 0, 19, 0, 1140, 0, 0, 0, 0, 'Frame 4 Graeme Dott to break', '', 'part-two', '2016-04-11 14:48:50', NULL, 263),
(370, 'Mid Session Interval', 0, 32, 29, 1949, 0, 0, 0, 0, 'Mid Session Interval', '', 'part-two', '2016-04-11 15:03:23', NULL, 263),
(371, 'Quarter Finals', 0, 32, 43, 1963, 0, 0, 0, 0, 'Quarter Finals', '', 'part-two', '2016-04-11 15:06:28', NULL, 263),
(372, 'UK Championship defining moments', 0, 33, 13, 1993, 0, 0, 0, 0, 'UK Championship defining moments', '', 'part-two', '2016-04-11 15:07:38', NULL, 263),
(373, 'Graeme Dott Timeline', 0, 36, 20, 2180, 0, 0, 0, 0, 'Graeme Dott Timeline', '', 'part-two', '2016-04-11 15:10:49', NULL, 263),
(374, 'My perfect player by Stuart Bingham', 0, 37, 18, 2238, 0, 0, 0, 0, 'My perfect player by Stuart Bingham', '', 'part-two', '2016-04-11 15:11:52', NULL, 263),
(375, 'FreezeFrame Graeme Dott', 0, 39, 35, 2375, 0, 0, 0, 0, 'FreezeFrame Graeme Dott', '', 'part-two', '2016-04-11 15:19:31', NULL, 263),
(376, 'Hit and Miss Stuart Bingham', 0, 40, 42, 2442, 0, 0, 0, 0, 'Hit and Miss Stuart Bingham', '', 'part-two', '2016-04-11 15:22:21', NULL, 263),
(377, 'Pro File Graeme Dott', 0, 42, 27, 2547, 0, 0, 0, 0, 'Pro File Graeme Dott', '', 'part-two', '2016-04-11 15:27:02', NULL, 263),
(378, 'Ronnie O\'Sullivan\'s makes 147 maximum', 0, 45, 48, 2748, 0, 0, 0, 0, 'Ronnie O\'Sullivan\'s makes 147 maximum at the UK Championship', '', 'part-two', '2016-04-11 15:32:04', NULL, 263),
(379, 'Coming up this evening', 0, 46, 21, 2781, 0, 0, 0, 0, 'Coming up this evening', '', 'part-two', '2016-04-11 15:33:02', NULL, 263),
(380, 'Graeme Dott Player Profile', 0, 46, 52, 2812, 0, 0, 0, 0, 'Graeme Dott Player Profile', '', 'part-two', '2016-04-11 15:33:54', NULL, 263),
(381, 'Player Profile Stuart Bingham', 0, 47, 12, 2832, 0, 0, 0, 0, 'Player Profile Stuart Bingham', '', 'part-two', '2016-04-11 15:34:40', NULL, 263),
(382, 'Frame 5 Stuart Bingham to break', 0, 0, 1, 1, 0, 0, 0, 0, 'Frame 5 Stuart Bingham to break', '', 'part-three', '2016-04-11 15:35:44', NULL, 263),
(383, 'Fluke from Graeme Dott', 0, 17, 34, 1054, 0, 0, 0, 0, 'Fluke from Graeme Dott', '', 'part-three', '2016-04-11 16:34:04', NULL, 263),
(384, 'Frame 6 Graeme Dott to break', 0, 32, 27, 1947, 0, 0, 0, 0, 'Frame 6 Graeme Dott to break', '', 'part-three', '2016-04-11 16:48:50', NULL, 263),
(385, 'Frame 7 Stuart Bingham to break', 0, 0, 1, 1, 0, 0, 0, 0, 'Frame 7 Stuart Bingham to break', '', 'part-four', '2016-04-11 17:34:39', NULL, 263),
(386, 'Break of 108 by Stuart Bingham', 0, 3, 6, 186, 0, 0, 0, 0, 'Break of 108 by Stuart Bingham', '', 'part-four', '2016-04-11 17:49:03', NULL, 263),
(387, 'Frame 8 Graeme Dott to break', 0, 13, 43, 823, 0, 0, 0, 0, 'Frame 8 Graeme Dott to break', '', 'part-four', '2016-04-11 17:50:07', NULL, 263),
(388, 'Frame 9 Stuart Bingham to break', 0, 36, 1, 2161, 0, 0, 0, 0, 'Frame 9 Stuart Bingham to break', '', 'part-four', '2016-04-11 19:42:42', NULL, 263),
(389, 'Excellent pot from Stuart Bingham', 0, 42, 8, 2528, 0, 0, 0, 0, 'Excellent pot from Stuart Bingham', '', 'part-four', '2016-04-12 08:44:48', NULL, 263),
(390, 'Frame 10 Graeme Dott to break', 0, 0, 16, 16, 0, 0, 0, 0, 'Frame 10 Graeme Dott to break', '', 'part-five', '2016-04-12 09:03:04', NULL, 263),
(391, 'What a cue power from Graeme Dott', 0, 2, 32, 152, 0, 0, 0, 0, 'What a cue power from Graeme Dott', '', 'part-five', '2016-04-12 09:05:41', NULL, 263),
(392, 'Frame 11 Stuart Bingham to break', 0, 23, 35, 1415, 0, 0, 0, 0, 'Frame 11 Stuart Bingham to break', '', 'part-five', '2016-04-12 09:27:41', NULL, 263),
(393, 'Nice brown to open up the reds by Stuart', 0, 24, 44, 1484, 0, 0, 0, 0, 'Nice brown to open up the reds by Stuart Bingham', '', 'part-five', '2016-04-12 09:29:10', NULL, 263),
(394, 'Judd Trump crazy shots and Mark Davis', 0, 0, 27, 27, 0, 0, 0, 0, 'Judd Trump crazy shots and Mark Davis interview', '', 'part-one', '2016-04-13 15:23:41', NULL, 264),
(395, 'Jason Mohamed in the studio', 0, 1, 36, 96, 0, 0, 0, 0, 'Jason Mohamed in the studio', '', 'part-one', '2016-04-13 15:25:13', NULL, 264),
(396, 'Ronnie O\'Sullivan\'s VS Anthony McGill', 0, 1, 55, 115, 0, 0, 0, 0, 'Ronnie O\'Sullivan\'s VS Anthony McGill', '', 'part-one', '2016-04-13 15:26:25', NULL, 264),
(397, 'Ronnie O\'Sullivan\'s Interview', 0, 3, 17, 197, 0, 0, 0, 0, 'Ronnie O\'Sullivan\'s Interview', '', 'part-one', '2016-04-13 15:28:14', NULL, 264),
(398, 'Stuart Bingham looked ready to rumble', 0, 3, 30, 210, 0, 0, 0, 0, 'Stuart Bingham looked ready to rumble', '', 'part-one', '2016-04-13 15:29:13', NULL, 264),
(399, 'Unlucky Graeme', 0, 3, 50, 230, 0, 0, 0, 0, 'Unlucky Graeme', '', 'part-one', '2016-04-13 15:30:12', NULL, 264),
(400, 'Stuart Bingham Interview', 0, 4, 17, 257, 0, 0, 0, 0, 'Stuart Bingham Interview', '', 'part-one', '2016-04-13 15:32:18', NULL, 264),
(401, 'Judd Trump VS Mark Davis Frame 2', 0, 4, 47, 287, 0, 0, 0, 0, 'Judd Trump VS Mark Davis Frame 2', '', 'part-one', '2016-04-13 15:33:06', NULL, 264),
(402, 'Nice plant from Judd Trump but no value', 0, 11, 54, 714, 0, 0, 0, 0, 'Nice plant from Judd Trump but no value in the pot', '', 'part-one', '2016-04-13 15:40:32', NULL, 264),
(403, 'Frame 5 Mark Davis at the table', 0, 18, 42, 1122, 0, 0, 0, 0, 'Frame 5 Mark Davis at the table', '', 'part-one', '2016-04-13 15:47:38', NULL, 264),
(404, 'Judd Trump is on for a 147 in frame 7', 0, 26, 0, 1560, 0, 0, 0, 0, 'Judd Trump is on for a 147 in frame 7', '', 'part-one', '2016-04-13 15:55:41', NULL, 264),
(405, 'Nice pink to go al around the table', 0, 32, 39, 1959, 0, 0, 0, 0, 'Nice pink from Mark Davis to go al around the table and get position on the black', '', 'part-one', '2016-04-13 16:04:20', NULL, 264),
(406, 'Interview Judd Trump', 0, 33, 48, 2028, 0, 0, 0, 0, 'Interview Judd Trump', '', 'part-one', '2016-04-13 16:06:00', NULL, 264),
(407, 'Marco Fu VS Stephen Maguire Frame 10', 0, 34, 23, 2063, 0, 0, 0, 0, 'Marco Fu VS Stephen Maguire Frame 10', '', 'part-one', '2016-04-13 16:08:59', NULL, 264),
(408, 'Semi Final Draw', 0, 47, 37, 2857, 0, 0, 0, 0, 'Semi Final Draw', '', 'part-one', '2016-04-13 16:29:36', NULL, 264),
(409, 'Ronnie O\'Sullivan and Stuart Bingham', 0, 0, 29, 29, 0, 0, 0, 0, 'Ronnie O\'Sullivan and Stuart Bingham', '', 'part-one', '2016-04-14 12:10:58', NULL, 265),
(410, 'Hazel Irvine', 0, 1, 14, 74, 0, 0, 0, 0, 'Hazel Irvine', '', 'part-one', '2016-04-14 12:12:13', NULL, 265),
(411, 'Pro File Ronnie O\'Sullivan', 0, 1, 56, 116, 0, 0, 0, 0, 'Pro File Ronnie O\'Sullivan', '', 'part-one', '2016-04-14 12:13:24', NULL, 265),
(412, 'Steve Davis and Ken Doherty', 0, 4, 39, 279, 0, 0, 0, 0, 'Steve Davis and Ken Doherty', '', 'part-one', '2016-04-14 12:16:15', NULL, 265),
(413, 'Ronnie talks about \'Great british sportsmen\'', 0, 5, 49, 349, 0, 0, 0, 0, 'Ronnie talks about \'Great british sportsmen of all time\'', '', 'part-one', '2016-04-14 12:19:58', NULL, 265),
(414, 'Stuart Bingham Timeline', 0, 6, 6, 366, 0, 0, 0, 0, 'Stuart Bingham Timeline', '', 'part-one', '2016-04-14 12:22:11', NULL, 265),
(415, 'Dennis Taylor and Stephen Hendry', 0, 6, 59, 419, 0, 0, 0, 0, 'Dennis Taylor and Stephen Hendry in the commentary box', '', 'part-one', '2016-04-14 12:23:57', NULL, 265),
(416, 'Rob Walker announcing the players', 0, 7, 46, 466, 0, 0, 0, 0, 'Rob Walker announcing the players', '', 'part-one', '2016-04-14 12:25:02', NULL, 265),
(417, 'Frame 1 Ronnie O\'Sullivan to break', 0, 9, 52, 592, 0, 0, 0, 0, 'Frame 1 Ronnie O\'Sullivan to break', '', 'part-one', '2016-04-14 12:27:52', NULL, 265),
(418, 'Amazing long pot from Stuart Bingham', 0, 10, 48, 648, 0, 0, 0, 0, 'Amazing long pot from Stuart Bingham', '', 'part-one', '2016-04-14 12:33:18', NULL, 265),
(419, 'Nice red down the cushion from Ronnie', 0, 14, 11, 851, 0, 0, 0, 0, 'Nice red down the cushion from Ronnie O\'Sullivan', '', 'part-one', '2016-04-14 12:39:44', NULL, 265),
(420, 'Plant from Stuart Bingham', 0, 20, 44, 1244, 0, 0, 0, 0, 'Plant from Stuart Bingham', '', 'part-one', '2016-04-14 12:48:55', NULL, 265),
(421, 'Frame 2 Stuart Bingham to break', 0, 1, 2, 62, 0, 0, 0, 0, 'Frame 2 Stuart Bingham to break', '', 'part-two', '2016-04-14 13:52:08', NULL, 265),
(422, 'Stuart Bingham on a 147', 0, 3, 19, 199, 0, 0, 0, 0, 'Stuart Bingham on a 147', '', 'part-two', '2016-04-14 13:59:48', NULL, 265),
(423, 'Nice pot down the cushion from Stuart Bingham', 0, 6, 42, 402, 0, 0, 0, 0, 'Nice pot down the cushion from Stuart Bingham', '', 'part-two', '2016-04-14 14:01:46', NULL, 265),
(424, 'Stuart Bingham plays the black delicately', 0, 6, 57, 417, 0, 0, 0, 0, 'Stuart Bingham plays the black delicately', '', 'part-two', '2016-04-14 14:05:57', NULL, 265),
(425, 'Nice long red from Stuart Bingham', 0, 11, 39, 699, 0, 0, 0, 0, 'Nice long red from Stuart Bingham', '', 'part-two', '2016-04-14 14:10:27', NULL, 265),
(426, 'Frame 3 Ronnie O\'Sullivan to break', 0, 1, 47, 107, 0, 0, 0, 0, 'Frame 3 Ronnie O\'Sullivan to break', '', 'part-three', '2016-04-14 14:52:32', NULL, 265),
(427, 'Frame 4 Stuart Bingham to break', 0, 1, 36, 96, 0, 0, 0, 0, 'Frame 4 Stuart Bingham to break', '', 'part-four', '2016-04-14 16:25:45', NULL, 265),
(428, 'Nice long red from Stuart Bingham', 0, 2, 28, 148, 0, 0, 0, 0, 'Nice long red from Stuart Bingham', '', 'part-four', '2016-04-14 16:27:11', NULL, 265),
(429, 'Ronnie O\'Sullivan against Joe Perry', 0, 1, 8, 68, 0, 0, 0, 0, 'Ronnie O\'Sullivan against Joe Perry earlier this year', '', 'part-five', '2016-04-14 18:17:29', NULL, 265),
(430, 'Ronnie O\'Sullivan Interview with Jason', 0, 2, 15, 135, 0, 0, 0, 0, 'Ronnie O\'Sullivan Interview with Jason Mohammed', '', 'part-five', '2016-04-14 18:19:41', NULL, 265),
(431, 'Stuart Bingham Interview with Jason Mahommed', 0, 12, 4, 724, 0, 0, 0, 0, 'Stuart Bingham Interview with Jason Mahommed', '', 'part-five', '2016-04-14 19:00:34', NULL, 265),
(432, 'Other semi final Judd Trump VS Stephen Maguir', 0, 17, 11, 1031, 0, 0, 0, 0, 'Other semi final Judd Trump VS Stephen Maguire', '', 'part-five', '2016-04-14 19:06:03', NULL, 265),
(433, 'Frame 5 Ronnie O\'Sullivan to break', 0, 0, 34, 34, 0, 0, 0, 0, 'Frame 5 Ronnie O\'Sullivan to break', '', 'part-six', '2016-04-14 21:21:17', NULL, 265),
(434, 'Great safety from Stuart Bingham', 0, 1, 20, 80, 0, 0, 0, 0, 'Great safety from Stuart Bingham', '', 'part-six', '2016-04-14 21:22:57', NULL, 265),
(435, 'Nice long pot from Stuart Bingham', 0, 3, 36, 216, 0, 0, 0, 0, 'Nice long pot from Stuart Bingham', '', 'part-six', '2016-04-14 21:27:05', NULL, 265),
(436, 'Break of 137 by Stuart Bingham', 0, 3, 37, 217, 0, 0, 0, 0, 'Break of 137 by Stuart Bingham', '', 'part-six', '2016-04-14 21:46:12', NULL, 265),
(437, 'Frame 6 Stuart Bingham to break', 0, 15, 6, 906, 0, 0, 0, 0, 'Frame 6 Stuart Bingham to break', '', 'part-six', '2016-04-14 21:47:49', NULL, 265),
(438, 'Ronnie O\'Sullivan Timeline', 0, 29, 14, 1754, 0, 0, 0, 0, 'Ronnie O\'Sullivan Timeline', '', 'part-six', '2016-04-14 22:03:33', NULL, 265),
(439, 'Frame 7 Ronnie O\'Sullivan to break', 0, 1, 27, 87, 0, 0, 0, 0, 'Frame 7 Ronnie O\'Sullivan to break', '', 'part-seven', '2016-04-15 10:03:22', NULL, 265),
(440, 'Long red from Stuart Bingham', 0, 1, 54, 114, 0, 0, 0, 0, 'Long red from Stuart Bingham', '', 'part-seven', '2016-04-15 10:04:46', NULL, 265),
(441, 'Frame 8 Stuart Bingham to break', 0, 1, 42, 102, 0, 0, 0, 0, 'Frame 8 Stuart Bingham to break', '', 'part-eight', '2016-04-15 11:33:27', NULL, 265),
(442, 'Nice long red from Ronnie O\'Sullivan', 0, 2, 7, 127, 0, 0, 0, 0, 'Nice long red from Ronnie O\'Sullivan', '', 'part-eight', '2016-04-15 11:34:15', NULL, 265),
(443, 'Frame 9 Ronnie O\'Sullivan to break', 0, 11, 17, 677, 0, 0, 0, 0, 'Frame 9 Ronnie O\'Sullivan to break', '', 'part-eight', '2016-04-15 11:50:17', NULL, 265),
(444, 'Awesome red from Stuart Bingham', 0, 17, 25, 1045, 0, 0, 0, 0, 'Awesome red from Stuart Bingham', '', 'part-eight', '2016-04-15 12:13:37', NULL, 265),
(445, 'Frame 10 Stuart Bingham to break', 0, 2, 5, 125, 0, 0, 0, 0, 'Frame 10 Stuart Bingham to break', '', 'part-nine', '2016-04-15 13:53:19', NULL, 265),
(446, 'Break of 111 of Ronnie O\'Sullivan', 0, 4, 25, 265, 0, 0, 0, 0, 'Break of 111 of Ronnie O\'Sullivan', '', 'part-nine', '2016-04-15 14:31:15', NULL, 265),
(447, 'Frame 11 Ronnie O\'Sullivan to break', 0, 1, 29, 89, 0, 0, 0, 0, 'Frame 11 Ronnie O\'Sullivan to break', '', 'part-ten', '2016-04-15 14:33:55', NULL, 265),
(448, 'What a shot Ronnie is taking on', 0, 9, 10, 550, 0, 0, 0, 0, 'What a shot Ronnie is taking on', '', 'part-ten', '2016-04-15 14:41:57', NULL, 265),
(449, 'Ronnie joins Steve, Ken and Hazel in the', 0, 0, 42, 42, 0, 0, 0, 0, 'Ronnie joins Steve, Ken and Hazel in the studio', '', 'part-eleven', '2016-04-15 14:48:16', NULL, 265),
(450, 'Pro File Judd Trump', 0, 5, 4, 304, 0, 0, 0, 0, 'Pro File Judd Trump', '', 'part-eleven', '2016-04-15 16:24:34', NULL, 265),
(451, 'Stephen Maguire\'s Timeline', 0, 7, 27, 447, 0, 0, 0, 0, 'Stephen Maguire\'s Timeline', '', 'part-eleven', '2016-04-15 16:27:14', NULL, 265),
(452, 'Judd Trump and Stephen Maguire Cinematics', 0, 0, 30, 30, 0, 0, 0, 0, 'Judd Trump and Stephen Maguire Cinematics', '', 'part-one', '2016-05-11 19:49:43', NULL, 266),
(453, 'Hazel Irvine', 0, 1, 0, 60, 0, 0, 0, 0, 'Hazel Irvine', '', 'part-one', '2016-05-11 19:53:12', NULL, 266),
(454, 'Judd Trump and Stephen Maguire Interview', 0, 1, 32, 92, 0, 0, 0, 0, 'Judd Trump and Stephen Maguire Interview', '', 'part-one', '2016-05-11 19:58:17', NULL, 266),
(455, 'Hazel Irvine and Stephen Hendry', 0, 2, 53, 173, 0, 0, 0, 0, 'Hazel Irvine and Stephen Hendry (5 time UK Champion)', '', 'part-one', '2016-05-11 20:04:35', NULL, 266),
(456, 'Head to head', 0, 3, 57, 237, 0, 0, 0, 0, 'Head to head', '', 'part-one', '2016-05-11 20:07:04', NULL, 266),
(457, 'John Parrot, John Virgo and Dennis Taylor', 0, 4, 12, 252, 0, 0, 0, 0, 'John Parrot, John Virgo and Dennis Taylor in the commentary box', '', 'part-one', '2016-05-11 20:07:56', NULL, 266),
(458, 'Rob Walker announcing the players', 0, 5, 52, 352, 0, 0, 0, 0, 'Rob Walker announcing the players', '', 'part-one', '2016-05-11 20:15:13', NULL, 266),
(459, 'The handshake', 0, 8, 26, 506, 0, 0, 0, 0, 'The handshake', '', 'part-one', '2016-05-11 20:17:35', NULL, 266),
(460, 'Frame 1 Judd Trump to break', 0, 8, 30, 510, 0, 0, 0, 0, 'Frame 1 Judd Trump to break', '', 'part-one', '2016-05-11 20:23:32', NULL, 266),
(461, 'Containing safety by Stephen Maguire', 0, 9, 4, 544, 0, 0, 0, 0, 'Containing safety by Stephen Maguire', '', 'part-one', '2016-05-11 20:25:21', NULL, 266),
(462, 'Hazel Irvine, John Parrot and Stephen Hendry', 0, 0, 1, 1, 0, 0, 0, 0, 'Hazel Irvine, John Parrot and Stephen Hendry', '', 'part-two', '2016-05-12 19:14:46', NULL, 266),
(463, 'Frame 2 Stephen Maguire to break', 0, 1, 8, 68, 0, 0, 0, 0, 'Frame 2 Stephen Maguire to break', '', 'part-two', '2016-05-12 19:16:27', NULL, 266),
(464, 'Containing safety by Judd Trump', 0, 1, 55, 115, 0, 0, 0, 0, 'Containing safety by Judd Trump', '', 'part-two', '2016-05-12 19:18:05', NULL, 266),
(465, 'Lapse of concentration by Stephen Maguire', 0, 6, 48, 408, 0, 0, 0, 0, 'Lapse of concentration by Stephen Maguire', '', 'part-two', '2016-05-12 19:23:48', NULL, 266),
(466, 'Hazel Irvine, John Parrot and Stephen Hendry', 0, 0, 1, 1, 0, 0, 0, 0, 'Hazel Irvine, John Parrot and Stephen Hendry', '', 'part-three', '2016-05-17 15:27:20', NULL, 266),
(467, 'Frame 3 Judd Trump to break', 0, 1, 19, 79, 0, 0, 0, 0, 'Frame 3 Judd Trump to break', '', 'part-three', '2016-05-17 15:28:34', NULL, 266),
(468, 'Good safety from Stephen Maguire', 0, 17, 4, 1024, 0, 0, 0, 0, 'Good safety from Stephen Maguire', '', 'part-three', '2016-05-17 15:46:06', NULL, 266),
(469, 'Judd Trump Special, what a long pot!', 0, 19, 8, 1148, 0, 0, 0, 0, 'Judd Trump Special, what a long pot!', '', 'part-three', '2016-05-17 15:52:24', NULL, 266),
(470, 'What a red by Judd Trump, just awesome!', 0, 19, 47, 1187, 0, 0, 0, 0, 'What a red by Judd Trump, just awesome!', '', 'part-three', '2016-05-17 15:53:06', NULL, 266),
(471, 'Hazel Irvine, John Parrot and Stephen Hendry', 0, 0, 1, 1, 0, 0, 0, 0, 'Hazel Irvine, John Parrot and Stephen Hendry', '', 'part-four', '2016-05-18 21:08:53', NULL, 266),
(472, 'Frame 4 Stephen Maguire to break', 0, 1, 18, 78, 0, 0, 0, 0, 'Frame 4 Stephen Maguire to break', '', 'part-four', '2016-05-18 21:09:42', NULL, 266),
(473, 'What a pot from Judd Trump!', 0, 11, 17, 677, 0, 0, 0, 0, 'What a pot from Judd Trump!', '', 'part-four', '2016-05-18 21:20:31', NULL, 266),
(474, 'What a positional shot from Judd Trump!', 0, 15, 58, 958, 0, 0, 0, 0, 'What a positional shot from Judd Trump!', '', 'part-four', '2016-05-18 21:25:56', NULL, 266),
(475, 'Hazel Irvine, John Parrot and Stephen Hendry', 0, 0, 1, 1, 0, 0, 0, 0, 'Hazel Irvine, John Parrot and Stephen Hendry', '', 'part-five', '2016-05-25 13:27:55', NULL, 266),
(476, 'Match of Ronnie O\'Sullivan VS Stuart Bingham', 0, 2, 20, 140, 0, 0, 0, 0, 'Match of Ronnie O\'Sullivan VS Stuart Bingham', '', 'part-five', '2016-05-25 13:31:40', NULL, 266),
(477, 'Ronnie O\'Sullivan Interview', 0, 15, 17, 917, 0, 0, 0, 0, 'Ronnie O\'Sullivan Interview after his Semi Final', '', 'part-five', '2016-05-25 13:49:59', NULL, 266),
(478, 'Stuart Bingham Interview', 0, 15, 40, 940, 0, 0, 0, 0, 'Stuart Bingham Interview after his Semi Final', '', 'part-five', '2016-05-25 14:17:18', NULL, 266),
(479, 'Ronnie O\'Sullivan Interview part two', 0, 16, 4, 964, 0, 0, 0, 0, 'Ronnie O\'Sullivan Interview after his Semi Final Part Two', '', 'part-five', '2016-05-25 14:18:49', NULL, 266),
(480, 'Tweet from Stuart Bingham', 0, 17, 14, 1034, 0, 0, 0, 0, 'Tweet from Stuart Bingham after his Semi Final', '', 'part-five', '2016-05-25 14:20:10', NULL, 266),
(481, 'Judd Trump\'s Timeline', 0, 19, 5, 1145, 0, 0, 0, 0, 'Judd Trump\'s Timeline', '', 'part-five', '2016-05-25 14:24:40', NULL, 266),
(482, 'Frame 5 Judd Trup to break', 0, 0, 20, 20, 0, 0, 38, 38, 'Frame 5 Judd Trup to break', 'Break off', 'part-six', '2016-05-25 15:30:37', NULL, 266),
(483, 'Nice long red from Stephen Maguire', 0, 0, 55, 55, 0, 1, 17, 77, 'Nice long red from Stephen Maguire', 'Long pot', 'part-six', '2016-05-25 15:32:35', NULL, 266),
(484, 'Attacking Red from Judd Trump', 0, 1, 44, 104, 0, 1, 52, 112, 'Attacking Red from Judd Trump to split the pack!', 'Attack, Split the Pack', 'part-six', '2016-05-25 15:37:45', NULL, 266),
(485, 'Hazel Irvine, John Parrot and Stephen Hendry', 0, 0, 1, 1, 0, 3, 8, 188, 'Hazel Irvine, John Parrot and Stephen Hendry', 'Studio, Analytics', 'part-seven', '2016-05-26 18:01:35', NULL, 266),
(486, 'Frame 6 Stephen Maguire to break', 0, 3, 6, 186, 0, 3, 23, 203, 'Frame 6 Stephen Maguire to break', 'Break off', 'part-seven', '2016-05-26 18:02:35', NULL, 266),
(487, 'Drag shot from Judd Trump', 0, 8, 0, 480, 0, 8, 8, 488, 'Drag shot from Judd Trump', 'Drag', 'part-seven', '2016-05-26 18:10:53', NULL, 266),
(488, 'Break of 100 by Judd Trump', 0, 8, 0, 480, 0, 13, 46, 826, 'Break of 100 by Judd Trump', 'Century break', 'part-seven', '2016-05-26 18:25:44', NULL, 266),
(489, 'Hazel Irvine, John Parrot and Stephen Hendry', 0, 0, 1, 1, 0, 1, 16, 76, 'Hazel Irvine, John Parrot and Stephen Hendry', 'Studio, Analytics', 'part-eight', '2016-05-29 21:50:34', NULL, 266),
(490, 'Frame 7 Judd Trump to break', 0, 1, 6, 66, 0, 1, 28, 88, 'Frame 7 Judd Trump to break', 'Break off', 'part-eight', '2016-05-29 21:51:19', NULL, 266),
(491, 'Stephen Maguire\'s Safety', 0, 3, 20, 200, 0, 4, 40, 280, 'Stephen Maguire\'s Safety', 'Safety', 'part-eight', '2016-05-29 21:55:58', NULL, 266),
(492, 'Judd Trump\'s cut shot in the left middle!', 0, 4, 56, 296, 0, 5, 15, 315, 'Judd Trump\'s cut shot in the left middle!', 'Cut shot', 'part-eight', '2016-05-29 21:58:50', NULL, 266),
(493, 'Judd didn\'t avoid the baulk colours', 0, 5, 14, 314, 0, 5, 42, 342, 'Judd didn\'t avoid the baulk colours', 'Position', 'part-eight', '2016-05-29 22:00:46', NULL, 266),
(494, 'Stephen Maguire\'s Timeline', 0, 0, 1, 1, 0, 0, 51, 51, 'Stephen Maguire\'s Timeline', 'Timeline', 'part-nine', '2016-05-30 14:39:27', NULL, 266),
(495, 'Hazel Irvine, John Parrot and Stephen Hendry', 0, 0, 52, 52, 0, 1, 52, 112, 'Hazel Irvine, John Parrot and Stephen Hendry', 'Studio, Analytics', 'part-nine', '2016-05-30 14:40:25', NULL, 266),
(496, 'Frame 8 Stephen Maguire to break', 0, 1, 45, 105, 0, 2, 13, 133, 'Frame 8 Stephen Maguire to break', 'Break off', 'part-nine', '2016-05-30 14:41:32', NULL, 266),
(497, 'Nice long red from Judd Trump', 0, 2, 15, 135, 0, 2, 2, 122, 'Nice long red from Judd Trump', 'Long pot', 'part-nine', '2016-05-30 14:42:33', NULL, 266),
(498, 'Nice blue to go in the pack, but unlucky!', 0, 4, 12, 252, 0, 4, 40, 280, 'Nice blue to go in the pack, but unlucky!', 'Unlucky', 'part-nine', '2016-05-30 14:46:04', NULL, 266),
(499, 'Thin cut in the middle', 0, 4, 49, 289, 0, 5, 13, 313, 'Thin cut in the middle with lots of right hand side to get the cue ball in between the brown and green!', 'Right english', 'part-nine', '2016-05-30 14:48:33', NULL, 266),
(500, 'Stephen Maguire pots the brown', 0, 16, 54, 1014, 0, 17, 10, 1030, 'Stephen Maguire pots the brown with lots of side off a couple cushions to swing the cue ball to the red.', 'Development', 'part-nine', '2016-05-30 15:04:30', NULL, 266),
(501, 'Nice long cut from Stephen', 0, 19, 26, 1166, 0, 19, 55, 1195, 'Nice long cut from Stephen!', 'Long pot, Cut shot', 'part-nine', '2016-05-30 15:10:26', NULL, 266),
(502, 'Sports Personality of the Year 2014', 0, 0, 1, 1, 0, 0, 29, 29, 'Sports Personality of the Year 2014', 'Sports Personality', 'part-ten', '2016-05-30 16:06:10', NULL, 266),
(503, 'Hazel Irvine, John Parrot and Stephen Hendry', 0, 0, 30, 30, 0, 1, 46, 106, 'Hazel Irvine, John Parrot and Stephen Hendry', 'Studio, Analytics', 'part-ten', '2016-05-30 16:07:59', NULL, 266),
(504, 'Frame 9 Judd Trump to break', 0, 1, 40, 100, 0, 2, 0, 120, 'Frame 9 Judd Trump to break', 'Break off', 'part-ten', '2016-05-30 16:08:50', NULL, 266),
(505, 'Nice safety from Stephen', 0, 5, 4, 304, 0, 5, 20, 320, 'Nice safety from Stephen!', 'Safety', 'part-ten', '2016-05-30 16:14:45', NULL, 266),
(506, 'Good return safety from Judd Trump', 0, 5, 26, 326, 0, 5, 40, 340, 'Good return safety from Judd Trump', 'Safety', 'part-ten', '2016-05-30 16:15:33', NULL, 266),
(507, 'Long red from Judd Trump', 0, 6, 8, 368, 0, 6, 25, 385, 'Long red from Judd Trump', 'Long pot', 'part-ten', '2016-05-30 16:16:17', NULL, 266),
(508, 'Great recovery shot on the black from Judd', 0, 8, 3, 483, 0, 8, 20, 500, 'Great recovery shot on the black from Judd', 'Recovery shot', 'part-ten', '2016-05-30 16:21:44', NULL, 266),
(509, 'Judd Trumps puts the green in to play', 0, 19, 56, 1196, 0, 20, 18, 1218, 'Judd Trumps puts the green in to play!', 'Development', 'part-ten', '2016-05-30 16:44:30', NULL, 266),
(510, 'Hazel Irvine, John Parrot and Stephen Hendry', 0, 0, 1, 1, 0, 2, 44, 164, 'Hazel Irvine, John Parrot and Stephen Hendry', 'Studio, Analytics', 'part-eleven', '2016-05-30 17:43:09', NULL, 266),
(511, 'Frame 10 Stephen Maguire to break', 0, 2, 38, 158, 0, 3, 10, 190, 'Frame 10 Stephen Maguire to break', 'Break off', 'part-eleven', '2016-05-30 17:43:50', NULL, 266),
(512, 'Long pot from Judd Trump', 0, 3, 8, 188, 0, 3, 22, 202, 'Long pot from Judd Trump', 'Long pot', 'part-eleven', '2016-05-30 17:44:44', NULL, 266),
(513, 'Awesome brown by Judd Trump', 0, 3, 25, 205, 0, 3, 58, 238, 'Awesome brown by Judd Trump', 'Exhibition shot', 'part-eleven', '2016-05-30 17:45:56', NULL, 266),
(514, 'Nice snooker from Judd Trump', 0, 21, 34, 1294, 0, 22, 5, 1325, 'Nice snooker from Judd Trump', 'Snooker', 'part-eleven', '2016-05-31 14:30:15', NULL, 266),
(515, 'Cinematics', 0, 0, 28, 28, 0, 1, 50, 110, 'Cinematics', 'Cinematics', 'part-one', '2016-06-05 13:30:59', NULL, 267),
(516, 'Hazel Irvine at the table', 0, 1, 51, 111, 0, 2, 20, 140, 'Hazel Irvine at the table', 'Hazel Irvine', 'part-one', '2016-06-05 13:32:22', NULL, 267),
(517, 'Road to the final', 0, 2, 21, 141, 0, 4, 43, 283, 'Road to the final', 'Road to the final', 'part-one', '2016-06-05 13:37:16', NULL, 267),
(518, 'John Parrot and Steve Davis', 0, 4, 44, 284, 0, 5, 50, 350, 'John Parrot and Steve Davis', 'Analytics', 'part-one', '2016-06-05 13:39:14', NULL, 267),
(519, 'Head to head', 0, 5, 51, 351, 0, 6, 13, 373, 'Head to head', 'Head to head', 'part-one', '2016-06-05 13:40:11', NULL, 267),
(520, 'Dennis Taylor and Stephen Hendry', 0, 6, 13, 373, 0, 6, 53, 413, 'Dennis Taylor and Stephen Hendry', 'Analytics', 'part-one', '2016-06-05 14:02:26', NULL, 267),
(521, 'Rob Walker announcing the players', 0, 6, 54, 414, 0, 9, 30, 570, 'Rob Walker announcing the players', 'Announcement', 'part-one', '2016-06-05 14:06:13', NULL, 267),
(522, 'Frame 1 Judd Trump to break', 0, 0, 1, 1, 0, 0, 40, 40, 'Frame 1 Judd Trump to break', 'Break off', 'part-two', '2016-06-05 14:37:31', NULL, 267),
(523, 'Long pot from Ronnie O\'Sullivan', 0, 0, 57, 57, 0, 1, 20, 80, 'Long pot from Ronnie O\'Sullivan', 'Long pot', 'part-two', '2016-06-05 14:39:01', NULL, 267),
(524, 'Ronnie took his eye off the pot', 0, 3, 24, 204, 0, 3, 45, 225, 'Ronnie took his eye off the pot', 'Took eye off the pot', 'part-two', '2016-06-05 14:42:33', NULL, 267),
(525, 'Aggressive shot from Judd', 0, 6, 26, 386, 0, 6, 47, 407, 'Aggressive shot from Judd', 'Aggressive', 'part-two', '2016-06-05 22:06:32', NULL, 267),
(526, 'Nice cannon on the pink and black of the blue', 0, 9, 12, 552, 0, 9, 30, 570, 'Nice cannon on the pink and black of the blue from Judd', 'Cannon', 'part-two', '2016-06-05 22:09:59', NULL, 267),
(527, 'Ronnie almost in off after his safety attempt', 0, 12, 39, 759, 0, 12, 59, 779, 'Ronnie almost in off after his safety attempt', 'In off', 'part-two', '2016-06-05 22:17:22', NULL, 267),
(528, 'Awesome long pot from Ronnie!', 0, 15, 30, 930, 0, 15, 56, 956, 'Awesome long pot from Ronnie!', 'Long pot', 'part-two', '2016-06-05 22:21:02', NULL, 267),
(529, 'Hazel Irvine, John Parrot and Steve Davis', 0, 0, 1, 1, 0, 2, 17, 137, 'Hazel Irvine, John Parrot and Steve Davis', 'Studio, Analytics', 'part-three', '2016-06-06 18:46:14', NULL, 267),
(530, 'Frame 2 Ronnie O\'Sullivan to break', 0, 2, 5, 125, 0, 2, 38, 158, 'Frame 2 Ronnie O\'Sullivan to break', 'Break off', 'part-three', '2016-06-06 18:47:17', NULL, 267),
(531, 'Long pot from Judd Trump', 0, 2, 46, 166, 0, 3, 10, 190, 'Long pot from Judd Trump', 'Long pot', 'part-three', '2016-06-06 18:48:43', NULL, 267),
(532, 'Awesome long pot from Judd!', 0, 10, 23, 623, 0, 10, 40, 640, 'Awesome long pot from Judd!', 'Long pot', 'part-three', '2016-06-06 19:00:25', NULL, 267),
(533, 'Exhibition type shot by Judd!', 0, 13, 36, 816, 0, 14, 2, 842, 'Exhibition type shot by Judd!', 'Exhibition shot', 'part-three', '2016-06-06 19:05:06', NULL, 267),
(534, 'Judd Trump\'s Timeline', 0, 0, 1, 1, 0, 0, 50, 50, 'Judd Trump\'s Timeline', 'Timeline', 'part-four', '2016-06-07 19:16:40', NULL, 267),
(535, 'Frame 3 Judd Trump to break', 0, 0, 51, 51, 0, 1, 8, 68, 'Frame 3 Judd Trump to break', 'Break off', 'part-four', '2016-06-07 19:17:31', NULL, 267),
(536, 'Not a good safety from Ronnie', 0, 1, 18, 78, 0, 1, 30, 90, 'Not a good safety from Ronnie', 'Safety', 'part-four', '2016-06-07 19:18:35', NULL, 267),
(537, 'Hazel Irvine, John Parrot and Steve Davis', 0, 0, 1, 1, 0, 2, 11, 131, 'Hazel Irvine, John Parrot and Steve Davis', 'Studio, Analytics', 'part-five', '2016-06-08 09:46:04', NULL, 267),
(538, 'Frame 4 Ronnie O\'Sullivan to break', 0, 1, 57, 117, 0, 2, 37, 157, 'Frame 4 Ronnie O\'Sullivan to break', 'Break off', 'part-five', '2016-06-08 09:47:05', NULL, 267),
(539, 'Nice long pot from Judd Trump', 0, 2, 45, 165, 0, 3, 9, 189, 'Nice long pot from Judd Trump, unlucky on the position side', 'Long pot', 'part-five', '2016-06-08 10:07:13', NULL, 267),
(540, 'Thin long cut by Judd Trump', 0, 7, 16, 436, 0, 7, 41, 461, 'Thin long cut by Judd Trump', 'Long pot, Cut shot', 'part-five', '2016-06-08 10:12:48', NULL, 267),
(541, 'Awesome roll up over 3 cushions from Ronnie', 0, 12, 32, 752, 0, 13, 0, 780, 'Awesome roll up over 3 cushions from Ronnie', 'Safety, Roll up', 'part-five', '2016-06-08 10:19:15', NULL, 267),
(542, 'Swerve around the blue to pot the red by Judd', 0, 13, 58, 838, 0, 14, 24, 864, 'Swerve around the blue to pot the red by Judd', 'Swerve', 'part-five', '2016-06-08 10:22:02', NULL, 267),
(543, 'Long pot from Ronnie O\'Sullivan', 0, 16, 18, 978, 0, 16, 46, 1006, 'Long pot from Ronnie O\'Sullivan', 'Long pot', 'part-five', '2016-06-08 10:25:06', NULL, 267),
(544, 'Mid Session Interval', 0, 0, 1, 1, 0, 21, 4, 1264, 'Mid Session Interval', 'Mid Session', 'part-six', '2016-06-08 13:44:48', NULL, 267),
(545, 'Frame 5 Judd Trup to break', 0, 0, 26, 26, 0, 1, 1, 61, 'Frame 5 Judd Trup to break', 'Break off', 'part-seven', '2016-06-12 16:03:03', NULL, 267),
(546, 'Pot to nothing from Ronnie', 0, 1, 7, 67, 0, 1, 25, 85, 'Pot to nothing from Ronnie', 'Pot to nothing', 'part-seven', '2016-06-12 16:04:20', NULL, 267),
(547, 'Missed black from Ronnie', 0, 2, 50, 170, 0, 3, 13, 193, 'Missed black from Ronnie, no straight cueing!', 'Missed pot', 'part-seven', '2016-06-12 16:09:21', NULL, 267),
(548, 'Plant by Ronnie O\'Sullivan', 0, 3, 49, 229, 0, 4, 16, 256, 'Plant by Ronnie O\'Sullivan', 'Plant', 'part-seven', '2016-06-12 16:10:52', NULL, 267),
(549, 'Ronnie O\'Sullivan Timeline', 0, 0, 1, 1, 0, 0, 51, 51, 'Ronnie O\'Sullivan Timeline', 'Timeline', 'part-eight', '2016-06-13 17:31:33', NULL, 267),
(550, 'Hazel Irvine, John Parrot and Steve Davis', 0, 0, 52, 52, 0, 2, 2, 122, 'Hazel Irvine, John Parrot and Steve Davis', 'Studio, Analytics', 'part-eight', '2016-06-13 17:33:18', NULL, 267),
(551, 'Frame 6 Ronnie O\'Sullivan to break', 0, 1, 55, 115, 0, 2, 25, 145, 'Frame 6 Ronnie O\'Sullivan to break', 'Break off', 'part-eight', '2016-06-13 17:34:48', NULL, 267),
(552, 'Nice cross long pot from Judd', 0, 14, 35, 875, 0, 15, 10, 910, 'Nice cross long pot from Judd', 'Long pot', 'part-eight', '2016-06-13 17:50:43', NULL, 267),
(553, 'Awesome yellow from Judd', 0, 15, 13, 913, 0, 15, 40, 940, 'Awesome yellow from Judd', 'Great pot, cannon, position', 'part-eight', '2016-06-13 17:52:14', NULL, 267),
(554, 'Hazel Irvine, John Parrot and Steve Davis', 0, 0, 1, 1, 0, 1, 47, 107, 'Hazel Irvine, John Parrot and Steve Davis', 'Studio, Analytics', 'part-nine', '2016-06-15 15:17:07', NULL, 267),
(555, 'Frame 7 Judd Trump to break', 0, 1, 29, 89, 0, 1, 58, 118, 'Frame 7 Judd Trump to break', 'Break off', 'part-nine', '2016-06-15 15:17:58', NULL, 267),
(556, 'What an escape from Ronnie', 0, 2, 26, 146, 0, 2, 45, 165, 'What an escape from Ronnie', 'Escape', 'part-nine', '2016-06-15 15:20:01', NULL, 267),
(557, 'Long pot from Judd Trump', 0, 2, 46, 166, 0, 3, 3, 183, 'Long pot from Judd Trump', 'Long pot', 'part-nine', '2016-06-15 15:20:58', '2016-08-09 20:10:19', 267),
(558, 'Hazel Irvine, John Parrot and Steve Davis', 0, 0, 1, 1, 0, 2, 27, 147, 'Hazel Irvine, John Parrot and Steve Davis', 'Studio, Analytics', 'part-ten', '2016-06-17 18:32:24', NULL, 267),
(559, 'Frame 8 Ronnie O\'Sullivan to break', 0, 2, 22, 142, 0, 2, 54, 174, 'Frame 8 Ronnie O\'Sullivan to break', 'Break off', 'part-ten', '2016-06-17 18:33:31', NULL, 267),
(560, 'Awesome long pot from Judd!', 0, 3, 23, 203, 0, 3, 44, 224, 'Awesome long pot from Judd!', 'Long pot', 'part-ten', '2016-06-17 18:34:44', NULL, 267),
(561, 'Fantastic pot from Ronnie!', 0, 8, 35, 515, 0, 8, 52, 532, 'Fantastic pot from Ronnie!', 'Fantastic pot', 'part-ten', '2016-06-17 18:40:50', NULL, 267),
(562, 'Great escape from Ronnie!', 0, 10, 56, 656, 0, 11, 13, 673, 'Great escape from Ronnie!', 'Escape', 'part-ten', '2016-06-17 18:44:18', NULL, 267),
(563, 'Great long pot from Judd!', 0, 19, 26, 1166, 0, 19, 55, 1195, 'Great long pot from Judd!', 'Long pot', 'part-ten', '2016-06-17 18:54:20', NULL, 267),
(564, 'Bringing the black away from the cushion', 0, 35, 36, 2136, 0, 35, 50, 2150, 'Bringing the black away from the cushion to try and get a snooker the next time! Great thinking of Ronnie!', 'Snooker brain', 'part-ten', '2016-06-17 19:13:36', NULL, 267),
(565, 'Hazel Irvine, John Parrot and Steve Davis', 0, 0, 1, 1, 0, 1, 29, 89, 'Hazel Irvine, John Parrot and Steve Davis', 'Studio, Analytics', 'part-eleven', '2016-06-18 17:50:00', NULL, 267),
(566, 'Ronnie O\'Sullivan\'s 147 break!', 0, 1, 30, 90, 0, 10, 12, 612, 'Ronnie O\'Sullivan\'s 147 break!', 'Maximum break, 147', 'part-eleven', '2016-06-18 18:38:23', NULL, 267),
(567, 'Hazel Irvine, John Parrot and Steve Davis', 0, 10, 13, 613, 0, 11, 19, 679, 'Hazel Irvine, John Parrot and Steve Davis', 'Studio, Analytics', 'part-eleven', '2016-06-18 18:41:44', NULL, 267),
(568, 'Cinematics Ronnie and Judd', 0, 0, 28, 28, 0, 1, 20, 80, 'Cinematics Ronnie and Judd', 'Cinematics', 'part-twelve', '2016-06-26 16:37:34', NULL, 267),
(569, 'Hazel Irvine', 0, 1, 21, 81, 0, 1, 50, 110, 'Hazel Irvine', 'Analytics', 'part-twelve', '2016-06-26 16:38:24', NULL, 267),
(570, 'John Parrot and Steve Davis', 0, 1, 51, 111, 0, 3, 39, 219, 'John Parrot and Steve Davis', 'Analytics, Recue', 'part-twelve', '2016-06-26 16:44:11', NULL, 267),
(571, 'Rob Walker announcing the players', 0, 3, 40, 220, 0, 4, 48, 288, 'Rob Walker announcing the players for the second session', 'Announcement', 'part-twelve', '2016-06-26 16:49:58', NULL, 267),
(572, 'Frame 9 Judd Trump to break', 0, 0, 20, 20, 0, 0, 46, 46, 'Frame 9 Judd Trump to break', 'Break off', 'part-thirteen', '2016-06-27 16:43:17', NULL, 267),
(573, 'Judd tries to get round the table', 0, 4, 33, 273, 0, 4, 54, 294, 'Judd tries to get round the table to stay on the black for a 147', 'Possible 147', 'part-thirteen', '2016-06-27 16:44:30', NULL, 267),
(574, 'Nice recovery shot from Ronnie', 0, 12, 21, 741, 0, 12, 31, 751, 'Nice recovery shot from Ronnie', 'Recovery shot', 'part-thirteen', '2016-06-27 16:45:54', NULL, 267),
(575, 'Hazel Irvine, John Parrot and Steve Davis', 0, 0, 1, 1, 0, 1, 15, 75, 'Hazel Irvine, John Parrot and Steve Davis', 'Studio, Analytics', 'part-fourteen', '2016-06-27 18:37:07', NULL, 267),
(576, 'Frame 10 Ronnie O\'Sullivan to break', 0, 1, 16, 76, 0, 1, 39, 99, 'Frame 10 Ronnie O\'Sullivan to break', 'Break off', 'part-fourteen', '2016-06-27 18:38:05', NULL, 267),
(577, 'Nice pink to open the reds', 0, 3, 52, 232, 0, 4, 20, 260, 'Nice pink to open the reds', 'Development', 'part-fourteen', '2016-06-27 18:39:25', NULL, 267),
(578, 'Judd puts the pink safe', 0, 7, 48, 468, 0, 8, 0, 480, 'Judd puts the pink safe', 'Safety', 'part-fourteen', '2016-06-27 18:40:19', NULL, 267),
(579, 'Fantastic red from Ronnie', 0, 11, 4, 664, 0, 11, 20, 680, 'Fantastic red from Ronnie', 'Great pot', 'part-fourteen', '2016-06-27 18:41:51', NULL, 267),
(580, 'Nice blue from Ronnie to move the pink', 0, 13, 57, 837, 0, 14, 6, 846, 'Nice blue from Ronnie to move the pink', 'Great pot, Development', 'part-fourteen', '2016-06-27 18:43:11', NULL, 267),
(581, 'Timeline Ronnie O\'Sullivan', 0, 0, 1, 1, 0, 0, 51, 51, 'Timeline Ronnie O\'Sullivan', 'Timeline', 'part-fifteen', '2016-06-27 23:25:09', NULL, 267),
(582, 'Hazel Irvine, John Parrot and Steve Davis', 0, 0, 52, 52, 0, 1, 54, 114, 'Hazel Irvine, John Parrot and Steve Davis', 'Studio, Analytics', 'part-fifteen', '2016-06-27 23:25:56', NULL, 267),
(583, 'Frame 11 Judd Trump to break', 0, 1, 43, 103, 0, 2, 17, 137, 'Frame 11 Judd Trump to break', 'Break off', 'part-fifteen', '2016-06-27 23:26:31', NULL, 267),
(584, 'Massive kick on Judd Trump\'s shot', 0, 6, 19, 379, 0, 6, 35, 395, 'Massive kick on Judd Trump\'s shot', 'Kick', 'part-fifteen', '2016-06-27 23:27:19', NULL, 267),
(585, 'Nice shot to nothing by Judd Trump', 0, 8, 50, 530, 0, 9, 0, 540, 'Nice shot to nothing by Judd Trump', 'Shot to nothing', 'part-fifteen', '2016-06-27 23:28:29', NULL, 267),
(586, 'Nice long pot from Judd', 0, 10, 40, 640, 0, 10, 49, 649, 'Nice long pot from Judd', 'Great pot, long pot', 'part-fifteen', '2016-06-27 23:29:22', NULL, 267),
(587, 'Hazel Irvine, John Parrot and Steve Davis', 0, 0, 1, 1, 0, 1, 0, 60, 'Hazel Irvine, John Parrot and Steve Davis', 'Studio, Analytics', 'part-sixteen', '2016-06-29 15:58:50', NULL, 267),
(588, 'Frame 12 Ronnie O\'Sullivan to break', 0, 0, 50, 50, 0, 1, 17, 77, 'Frame 12 Ronnie O\'Sullivan to break', 'Break off', 'part-sixteen', '2016-06-29 15:59:17', NULL, 267),
(589, 'Break of 133 by Ronnie O\'Sullivan', 0, 1, 46, 106, 0, 9, 57, 597, 'Break of 133 by Ronnie O\'Sullivan', 'Century break', 'part-sixteen', '2016-06-29 15:59:45', NULL, 267),
(590, 'Nice plant from Ronnie', 0, 5, 26, 326, 0, 5, 40, 340, 'Nice plant from Ronnie', 'Plant', 'part-sixteen', '2016-06-29 16:00:07', NULL, 267),
(591, 'Mid Session Interval, Hazel Irvine', 0, 0, 2, 2, 0, 1, 28, 88, 'Mid Session Interval - Hazel Irvine, John Parrot and Steve Davis in the studio', 'Mid Session, Studio, Analytics', 'part-seventeen', '2016-06-29 17:54:33', NULL, 267),
(592, 'Return of Ali Carter', 0, 1, 29, 89, 0, 5, 21, 321, 'Return of Ali Carter', 'Return', 'part-seventeen', '2016-06-29 17:55:14', NULL, 267),
(593, 'Hazel Irvine, John Parrot and Steve Davis', 0, 5, 22, 322, 0, 9, 31, 571, 'Hazel Irvine, John Parrot and Steve Davis in the studio', 'Studio, Analytics', 'part-seventeen', '2016-06-29 17:55:50', NULL, 267),
(594, 'The draw for The Masters 2015', 0, 7, 1, 421, 0, 8, 30, 510, 'The draw for The Masters 2015', 'Draw', 'part-seventeen', '2016-06-29 17:56:37', NULL, 267),
(595, 'The magical century break by Steve Davis', 0, 9, 32, 572, 0, 17, 3, 1023, 'The magical century break by Steve Davis', 'Century Break', 'part-seventeen', '2016-06-29 17:57:10', NULL, 267),
(596, 'Hazel Irvine, John Parrot and Steve Davis', 0, 17, 4, 1024, 0, 19, 10, 1150, 'Hazel Irvine, John Parrot and Steve Davis in the studio', 'Studio, Analytics', 'part-seventeen', '2016-06-29 17:57:34', NULL, 267),
(597, 'Frame 13 Judd Trump to break', 0, 0, 15, 15, 0, 0, 44, 44, 'Frame 13 Judd Trump to break', 'Break off', 'part-eighteen', '2016-07-05 21:57:50', NULL, 267),
(598, 'Long pot from Ronnie', 0, 0, 55, 55, 0, 1, 13, 73, 'Long pot from Ronnie', 'Long pot', 'part-eighteen', '2016-07-05 21:58:20', NULL, 267),
(599, 'Ronnie opens the reds and frees the pink', 0, 3, 35, 215, 0, 3, 50, 230, 'Ronnie opens the reds and frees the pink', 'Development, Freeing Color, Cannon', 'part-eighteen', '2016-07-05 21:59:04', NULL, 267),
(600, 'Fluke from Judd', 0, 11, 5, 665, 0, 11, 23, 683, 'Fluke from Judd', 'Fluke', 'part-eighteen', '2016-07-05 21:59:37', NULL, 267),
(601, 'Hazel Irvine, John Parrot and Steve Davis', 0, 0, 1, 1, 0, 2, 4, 124, 'Hazel Irvine, John Parrot and Steve Davis in the studio', 'Studio, Analytics', 'part-nineteen', '2016-07-06 10:12:49', NULL, 267),
(602, 'Frame 14 Ronnie O\'Sullivan to break', 0, 2, 1, 121, 0, 2, 24, 144, 'Frame 14 Ronnie O\'Sullivan to break', 'Break off', 'part-nineteen', '2016-07-06 10:13:27', NULL, 267),
(603, 'Judd brings the black into play', 0, 7, 32, 452, 0, 7, 42, 462, 'Judd brings the black into play', 'Development', 'part-nineteen', '2016-07-06 10:14:00', NULL, 267),
(604, 'Scratch from Ronnie O\'Sullivan', 0, 11, 2, 662, 0, 11, 15, 675, 'Scratch from Ronnie O\'Sullivan', 'Scratch', 'part-nineteen', '2016-07-06 10:14:32', NULL, 267),
(605, 'Thin long pot from Judd', 0, 20, 55, 1255, 0, 21, 15, 1275, 'Thin long pot from Judd', 'Long pot, Cut shot', 'part-nineteen', '2016-07-06 10:15:17', NULL, 267),
(606, 'Hazel Irvine, John Parrot and Steve Davis', 0, 0, 1, 1, 0, 2, 54, 174, 'Hazel Irvine, John Parrot and Steve Davis in the studio', 'Studio, Analytics', 'part-twenty', '2016-07-06 20:20:50', '2016-07-06 20:20:50', 267),
(607, 'Frame 15 Judd Trump to break', 0, 2, 46, 166, 0, 3, 9, 189, 'Frame 15 Judd Trump to break', 'Break off', 'part-twenty', '2016-07-06 20:21:27', '2016-07-06 20:21:27', 267),
(608, 'Break of 120 by Judd Trump', 0, 3, 54, 234, 0, 11, 41, 701, 'Break of 120 by Judd Trump', 'Century Break', 'part-twenty', '2016-07-06 20:22:08', '2016-07-06 20:24:24', 267),
(609, 'Nice blue from Judd', 0, 5, 21, 321, 0, 5, 46, 346, 'Nice blue from Judd to smash the cue ball into the pink and open the reds', 'Development', 'part-twenty', '2016-07-06 20:22:47', '2016-07-06 20:22:47', 267),
(610, 'Hazel Irvine, John Parrot and Steve Davis', 0, 0, 1, 1, 0, 0, 55, 55, 'Hazel Irvine, John Parrot and Steve Davis in the studio', 'Studio, Analytics', 'part-twenty-one', '2016-07-09 21:48:37', '2016-07-09 21:48:37', 267),
(611, 'Frame 16 Ronnie O\'Sullivan to break', 0, 0, 43, 43, 0, 1, 14, 74, 'Frame 16 Ronnie O\'Sullivan to break', 'Break off', 'part-twenty-one', '2016-07-09 21:49:03', '2016-07-09 21:49:03', 267),
(612, 'Break of 127 by Judd Trump', 0, 2, 11, 131, 0, 9, 45, 585, 'Break of 127 by Judd Trump, back to back centuries', 'Century break, Back to back centuries', 'part-twenty-one', '2016-07-09 21:49:32', '2016-07-12 13:35:55', 267),
(613, 'Hazel Irvine, John Parrot and Steve Davis', 0, 0, 1, 1, 0, 2, 20, 140, 'Hazel Irvine, John Parrot and Steve Davis in the studio', 'Studio, Analytics', 'part-twenty-two', '2016-07-12 15:06:46', '2016-07-12 15:06:46', 267),
(614, 'Steve Davis about Judd Trump in 5 years time', 0, 0, 57, 57, 0, 1, 24, 84, 'Steve Davis about Judd Trump in 5 years time', 'Prediction', 'part-twenty-two', '2016-07-12 15:07:31', '2016-07-12 15:07:31', 267),
(615, 'Frame 17 Judd Trump to break', 0, 2, 8, 128, 0, 2, 21, 141, 'Frame 17 Judd Trump to break', 'Break off', 'part-twenty-two', '2016-07-12 15:08:21', '2016-07-12 15:08:21', 267),
(616, 'Judd Trump misses the red 2 times', 0, 2, 51, 171, 0, 4, 2, 242, 'Judd Trump misses the red 2 times', 'Foul and a miss', 'part-twenty-two', '2016-07-12 15:09:01', '2016-07-12 15:09:01', 267),
(617, 'Nice position play from Judd', 0, 6, 2, 362, 0, 6, 19, 379, 'Nice position play from Judd', 'Position', 'part-twenty-two', '2016-07-12 15:09:57', '2016-07-12 15:09:57', 267),
(618, 'Judd gets a nice cannon', 0, 8, 38, 518, 0, 9, 10, 550, 'Judd gets a nice cannon', 'Development, Cannon', 'part-twenty-two', '2016-07-12 15:10:42', '2016-07-12 15:10:42', 267),
(619, 'Hazel Irvine, John Parrot and Steve Davis', 0, 0, 1, 1, 0, 2, 14, 134, 'Hazel Irvine, John Parrot and Steve Davis in the studio', 'Studio, Analytics', 'part-twenty-three', '2016-07-12 16:03:53', '2016-07-12 16:03:53', 267),
(620, 'Frame 18 Ronnie O\'Sullivan to break', 0, 2, 17, 137, 0, 2, 40, 160, 'Frame 18 Ronnie O\'Sullivan to break', 'Break off', 'part-twenty-three', '2016-07-12 16:04:37', '2016-07-12 16:04:37', 267),
(621, 'Great safety from Ronnie', 0, 3, 5, 185, 0, 3, 25, 205, 'Great safety from Ronnie', 'Safety, Snooker', 'part-twenty-three', '2016-07-12 16:05:19', '2016-07-12 16:05:19', 267),
(622, 'Ronnie misses a black of the spot', 0, 6, 47, 407, 0, 7, 18, 438, 'Ronnie misses a black of the spot', 'Black of the spot, miss', 'part-twenty-three', '2016-07-12 16:05:56', '2016-07-12 16:05:56', 267),
(623, 'Nice long off straight pot from Ronnie', 0, 7, 56, 476, 0, 8, 26, 506, 'Nice long off straight pot from Ronnie', 'Long pot, off straight', 'part-twenty-three', '2016-07-12 16:07:01', '2016-07-12 16:07:01', 267),
(624, 'Nice clearance from Judd', 0, 13, 28, 808, 0, 17, 26, 1046, 'Nice clearance from Judd to get the match to a deciding frame', 'Clearance', 'part-twenty-three', '2016-07-12 16:08:35', '2016-07-12 16:08:35', 267),
(625, 'Hazel Irvine, John Parrot and Steve Davis', 0, 0, 1, 1, 0, 2, 37, 157, 'Hazel Irvine, John Parrot and Steve Davis in the studio', 'Studio, Analytics', 'part-twenty-four', '2016-07-12 20:47:14', '2016-07-12 20:47:14', 267);
INSERT INTO `items` (`item_id`, `item_title`, `item_hours_start`, `item_minutes_start`, `item_seconds_start`, `item_point_start`, `item_hours_end`, `item_minutes_end`, `item_seconds_end`, `item_point_end`, `item_description`, `item_tags`, `item_part`, `created`, `modified`, `timeline_id`) VALUES
(626, 'People on twitter', 0, 0, 12, 12, 0, 0, 53, 53, 'People on twitter', 'Twitter, tweets', 'part-twenty-four', '2016-07-12 20:47:53', '2016-07-12 20:47:53', 267),
(627, 'Handshake for the deciding frame', 0, 2, 26, 146, 0, 2, 28, 148, 'Handshake for the deciding frame', 'Handshake', 'part-twenty-four', '2016-07-12 20:48:43', '2016-07-12 20:48:43', 267),
(628, 'Frame 19 and deciding frame', 0, 2, 32, 152, 0, 2, 54, 174, 'Frame 19 and deciding frame Judd Trump to break', 'Break off, deciding frame', 'part-twenty-four', '2016-07-12 20:49:39', '2016-07-12 20:49:39', 267),
(629, 'Great long pot from Ronnie', 0, 3, 9, 189, 0, 3, 45, 225, 'Great long pot from Ronnie', 'Long pot', 'part-twenty-four', '2016-07-12 20:50:19', '2016-07-12 20:50:19', 267),
(630, 'Nice cut shot from Ronnie', 0, 4, 40, 280, 0, 4, 50, 290, 'Nice cut shot from Ronnie', 'Cut shot, Cut', 'part-twenty-four', '2016-07-12 20:50:54', '2016-07-12 20:50:54', 267),
(631, 'Straight long pot from Judd', 0, 7, 29, 449, 0, 7, 41, 461, 'Straight long pot from Judd', 'Long pot', 'part-twenty-four', '2016-07-12 20:51:30', '2016-07-12 20:51:30', 267),
(632, 'Fist bump from Ronnie', 0, 16, 23, 983, 0, 16, 43, 1003, 'Fist bump from Ronnie', 'Fist bump, celebration', 'part-twenty-four', '2016-07-12 20:52:08', '2016-07-12 20:52:08', 267),
(633, 'Judd Trump shakes hands with Ronnie', 0, 16, 59, 1019, 0, 17, 26, 1046, 'Judd Trump shakes hands with Ronnie', 'Handshake', 'part-twenty-four', '2016-07-12 20:52:39', '2016-07-12 20:52:39', 267),
(634, 'Judd Trump Interview', 0, 0, 6, 6, 0, 2, 3, 123, 'Judd Trump Interview', 'Interview', 'part-twenty-five', '2016-07-12 20:53:11', '2016-07-12 20:53:11', 267),
(635, 'Ronnie O\'Sullivan Interview', 0, 2, 7, 127, 0, 4, 36, 276, 'Ronnie O\'Sullivan Interview', 'Interview', 'part-twenty-five', '2016-07-12 20:53:46', '2016-07-12 20:53:46', 267),
(636, 'Presentation Party', 0, 4, 45, 285, 0, 8, 6, 486, 'Presentation Party', 'Presentation Party', 'part-twenty-five', '2016-07-12 20:54:15', '2016-07-12 20:54:15', 267),
(637, 'Runner Up Judd Trump', 0, 5, 1, 301, 0, 5, 20, 320, 'Runner Up Judd Trump', 'Runner Up', 'part-twenty-five', '2016-07-12 20:54:48', '2016-07-12 20:54:48', 267),
(638, 'The winner Ronnie O\'Sullivan', 0, 5, 21, 321, 0, 8, 6, 486, 'The winner Ronnie O\'Sullivan', 'Winner, Champion', 'part-twenty-five', '2016-07-12 20:55:24', '2016-07-12 20:55:24', 267),
(639, 'Hazel Irvine, John Parrot and Steve Davis', 0, 6, 0, 360, 0, 9, 37, 577, 'Hazel Irvine, John Parrot and Steve Davis', 'Analytics', 'part-twenty-five', '2016-07-12 20:56:02', '2016-07-12 20:56:02', 267),
(640, 'End', 0, 9, 38, 578, 0, 10, 51, 651, 'End', 'End', 'part-twenty-five', '2016-07-12 20:56:31', '2016-07-12 20:56:31', 267),
(641, 'Old moments of The Masters', 0, 0, 27, 27, 0, 2, 54, 174, 'Old moments of The Masters', 'Old moments, previous', 'part-one', '2016-07-18 23:05:27', '2016-07-18 23:05:27', 268),
(642, 'Hazel Irvine', 0, 2, 55, 175, 0, 3, 29, 209, 'Hazel Irvine', 'Hazel Irvine', 'part-one', '2016-07-18 23:06:53', '2016-07-18 23:06:53', 268),
(643, 'The Season 14/15 so far', 0, 3, 30, 210, 0, 4, 56, 296, 'The Season 14/15 so far', 'Season so far, tournament winners, winners, season 14/15', 'part-one', '2016-07-18 23:11:14', '2016-07-18 23:14:05', 268),
(644, 'World Rankings', 0, 4, 57, 297, 0, 5, 32, 332, 'World Rankings', 'Rankings', 'part-one', '2016-07-18 23:15:17', '2016-07-18 23:15:17', 268),
(645, 'The Masters Draw', 0, 5, 33, 333, 0, 6, 40, 400, 'The Masters Draw', 'Draw', 'part-one', '2016-07-18 23:16:57', '2016-07-18 23:16:57', 268),
(646, 'John Parrot and Steve Davis', 0, 6, 44, 404, 0, 7, 48, 468, 'John Parrot and Steve Davis', 'Analytics', 'part-one', '2016-07-18 23:18:33', '2016-07-18 23:18:33', 268),
(647, 'Hazel Irvine on the base', 0, 7, 48, 468, 0, 8, 24, 504, 'Hazel Irvine on the base', 'Analytics', 'part-one', '2016-07-18 23:19:27', '2016-07-18 23:19:27', 268),
(648, '600th match ever played', 0, 8, 25, 505, 0, 9, 48, 588, '600th match ever played is between Mark Selby and Shaun Murphy', 'Interview, Visual', 'part-one', '2016-07-18 23:23:31', '2016-07-18 23:23:31', 268),
(649, 'Selby VS Murphy Stats', 0, 8, 58, 538, 0, 9, 35, 575, 'Selby VS Murphy Stats', 'Statistics', 'part-one', '2016-07-18 23:23:34', '2016-07-18 23:23:34', 268),
(650, 'Mark Selby\'s Pro File', 0, 9, 49, 589, 0, 12, 17, 737, 'Mark Selby\'s Pro File', 'Pro File, profile', 'part-one', '2016-07-18 23:27:28', '2016-07-18 23:27:28', 268),
(651, 'Timeline Shaun Murphy', 0, 12, 18, 738, 0, 13, 10, 790, 'Timeline Shaun Murphy', 'Timeline', 'part-one', '2016-07-18 23:29:17', '2016-07-18 23:29:17', 268),
(652, 'Rob Walker announcing the players', 0, 0, 1, 1, 0, 3, 12, 192, 'Rob Walker announcing the players', 'Announcement', 'part-two', '2016-07-19 21:09:47', '2016-07-19 21:09:47', 268),
(653, 'Small pre-match interview Shaun Murphy', 0, 1, 15, 75, 0, 1, 40, 100, 'Small pre-match interview Shaun Murphy', 'Interview, small interview, pre-match', 'part-two', '2016-07-19 21:09:54', '2016-07-19 21:09:54', 268),
(654, 'Small pre-match interview Mark Selby', 0, 2, 33, 153, 0, 3, 12, 192, 'Small pre-match interview Mark Selby', 'Interview, small interview, pre-match', 'part-two', '2016-07-19 21:09:57', '2016-07-19 21:09:57', 268),
(655, 'Match handshake', 0, 3, 40, 220, 0, 3, 44, 224, 'Match handshake', 'Handshake', 'part-two', '2016-07-19 21:11:41', '2016-07-19 21:11:41', 268),
(656, 'Frame 1 Mark Selby to break', 0, 3, 50, 230, 0, 4, 17, 257, 'Frame 1 Mark Selby to break', 'Break off', 'part-two', '2016-07-19 21:13:40', '2016-07-19 21:13:40', 268),
(657, 'Thin safety from Shaun', 0, 7, 29, 449, 0, 7, 45, 465, 'Thin safety from Shaun', 'Thin safety, safety, thin, snick, thin snick', 'part-two', '2016-07-19 21:22:19', '2016-07-19 21:22:19', 268),
(658, 'Murphy fauls the black', 0, 8, 14, 494, 0, 8, 46, 526, 'Murphy fauls the black and gives Selby a free ball', 'Foul', 'part-two', '2016-07-19 21:25:04', '2016-07-19 21:25:04', 268),
(659, 'Selby pots a red and opens the bunch', 0, 9, 24, 564, 0, 9, 40, 580, 'Selby pots a red while opening the bunch and getting nice position on the black', 'Development, Cannon', 'part-two', '2016-07-19 21:28:00', '2016-07-19 21:28:00', 268),
(660, 'Break of 100 by Mark Selby', 0, 8, 48, 528, 0, 17, 40, 1060, 'Break of 100 by Mark Selby', 'Century break', 'part-two', '2016-07-19 21:43:48', '2016-07-28 22:05:43', 268),
(661, 'Hazel Irvine, John Parrot and Steve Davis', 0, 0, 1, 1, 0, 1, 57, 117, 'Hazel Irvine, John Parrot and Steve Davis', 'Studio, Analytics', 'part-three', '2016-07-20 17:39:30', '2016-07-20 17:39:30', 268),
(662, 'Frame 2 Shaun Murphy to break', 0, 1, 43, 103, 0, 2, 17, 137, 'Frame 2 Shaun Murphy to break', 'Break off', 'part-three', '2016-07-20 17:40:27', '2016-07-20 17:40:27', 268),
(663, 'Mark Selby flukes the red', 0, 9, 31, 571, 0, 10, 0, 600, 'Mark Selby flukes the red', 'Fluke', 'part-three', '2016-07-20 17:50:26', '2016-07-20 17:50:26', 268),
(664, 'Good pot from Shuan', 0, 13, 20, 800, 0, 13, 30, 810, 'Good pot from Shuan', 'Great pot', 'part-three', '2016-07-21 17:20:17', '2016-07-21 17:20:17', 268),
(665, 'Surprisingly miss on the yellow from Shaun', 0, 14, 1, 841, 0, 14, 40, 880, 'Surprisingly miss on the yellow from Shaun', 'Miss', 'part-three', '2016-07-21 17:23:32', '2016-07-21 17:23:32', 268),
(666, 'Fantastic red from Shaun', 0, 17, 44, 1064, 0, 18, 0, 1080, 'Fantastic red from Shaun', 'Great pot, long pot, down the cushion', 'part-three', '2016-07-21 17:31:23', '2016-07-21 17:31:23', 268),
(667, 'Shaun Murphy brings reds into play', 0, 18, 51, 1131, 0, 19, 14, 1154, 'Shaun Murphy brings reds and the black into play, unlucky with the position on the pink', 'Development, Freeing Color, Cannon', 'part-three', '2016-07-21 17:36:05', '2016-07-21 17:36:05', 268),
(668, 'Great long pot from Shaun!', 0, 20, 14, 1214, 0, 20, 26, 1226, 'Great long pot from Shaun!', 'Great pot, long pot', 'part-three', '2016-07-21 17:39:24', '2016-07-21 17:39:24', 268),
(669, 'Good long from Shaun', 0, 29, 5, 1745, 0, 29, 18, 1758, 'Good long pot to win the frame from Shaun to leave Selby barring snookers', 'Long pot, frame winning shot', 'part-three', '2016-07-21 17:54:24', '2016-07-21 17:57:49', 268),
(670, 'Hazel Irvine, John Parrot and Steve Davis', 0, 0, 1, 1, 0, 1, 48, 108, 'Hazel Irvine, John Parrot and Steve Davis', 'Studio, Analytics', 'part-four', '2016-07-23 15:52:39', '2016-07-23 15:52:39', 268),
(671, 'Frame 3 Mark Selby to break', 0, 1, 36, 96, 0, 2, 4, 124, 'Frame 3 Mark Selby to break', 'Break off', 'part-four', '2016-07-23 15:53:54', '2016-07-23 15:53:54', 268),
(672, 'Hawk Eye Shaun Murphy', 0, 8, 7, 487, 0, 8, 16, 496, 'Hawk Eye Shaun Murphy', 'Hawk Eye', 'part-four', '2016-07-23 16:20:03', '2016-07-23 16:30:39', 268),
(673, 'Hawk Eye Mark Selby', 0, 18, 28, 1108, 0, 18, 42, 1122, 'Hawk Eye Mark Selby', 'Hawk Eye', 'part-four', '2016-07-23 16:31:35', '2016-07-23 16:31:35', 268),
(674, 'Shaun Murphy\'s fianc', 0, 23, 7, 1387, 0, 23, 36, 1416, 'Shaun Murphy\'s fianc', 'Family, friends, fianc', 'part-four', '2016-07-23 16:45:31', '2016-07-23 16:45:31', 268),
(675, 'Safety battle ends', 0, 34, 11, 2051, 0, 35, 52, 2152, 'Safety battle ends with Shaun potting the green, brown, blue and pink', 'End of frame, frame winning pots', 'part-four', '2016-07-23 17:15:01', '2016-07-23 17:15:01', 268),
(676, 'Pro Tour Shaun Murphy', 0, 0, 1, 1, 0, 1, 4, 64, 'Pro Tour Shaun Murphy', 'Pro Tour', 'part-five', '2016-07-23 18:40:24', '2016-07-23 18:40:24', 268),
(677, 'Frame 4 Shaun Murphy to break', 0, 1, 20, 80, 0, 1, 42, 102, 'Frame 4 Shaun Murphy to break', 'Break off', 'part-five', '2016-07-23 18:41:32', '2016-07-23 18:41:32', 268),
(678, 'Wonderful long pot down the cushion', 0, 4, 14, 254, 0, 4, 32, 272, 'Wonderful long pot down the cushion from Shaun Murphy', 'Long pot, down the cushion', 'part-five', '2016-07-23 18:45:23', '2016-07-23 18:45:23', 268),
(679, 'Shaun Murphy can\'t get on the black', 0, 8, 44, 524, 0, 8, 58, 538, 'Shaun Murphy can\'t get on the black to complete a 147', 'Forget the 147, forget the maxi, forget the maximum', 'part-five', '2016-07-23 18:51:24', '2016-07-23 18:51:24', 268),
(680, 'Break of 92 from Shaun Murphy', 0, 4, 14, 254, 0, 11, 41, 701, 'Break of 92 from Shaun Murphy', '90+ break', 'part-five', '2016-07-23 18:58:42', '2016-07-23 18:58:42', 268),
(681, 'Mid Session Interval, Hazel Irvine', 0, 0, 1, 1, 0, 2, 25, 145, 'Mid Session Interval, Hazel Irvine, John Parrot and Steve Davis in the Studio', 'Mid Session, Studio, Analytics', 'part-six', '2016-07-24 20:46:15', '2016-07-24 20:46:15', 268),
(682, 'Ken Doherty looks back at The Masters', 0, 2, 26, 146, 0, 17, 3, 1023, 'Ken Doherty looks back at The Masters', 'Lookback', 'part-six', '2016-07-24 20:46:22', '2016-07-24 20:46:22', 268),
(683, 'Mid Session Interval, Hazel Irvine', 0, 17, 4, 1024, 0, 19, 32, 1172, 'Mid Session Interval, Hazel Irvine, John Parrot and Steve Davis in the Studio', 'Mid Session, Studio, Analytics', 'part-six', '2016-07-24 20:47:42', '2016-07-24 20:47:42', 268),
(684, 'Darts', 0, 19, 33, 1173, 0, 21, 57, 1317, 'Darts', 'Darts', 'part-six', '2016-07-24 20:50:29', '2016-07-24 20:50:29', 268),
(685, 'Frame 5 Mark Selby to break', 0, 0, 1, 1, 0, 0, 40, 40, 'Frame 5 Mark Selby to break', 'Break off', 'part-seven', '2016-07-25 15:16:36', '2016-07-25 15:16:49', 268),
(686, 'Nice pot to the center pocket from Murphy', 0, 7, 47, 467, 0, 8, 5, 485, 'Nice pot to the center pocket from Murphy', 'Nice pot, middle pocket, center pocket, middle, center', 'part-seven', '2016-07-25 15:25:42', '2016-07-25 15:25:42', 268),
(687, 'Frame 6 Shaun Murphy to break', 0, 0, 1, 1, 0, 0, 30, 30, 'Frame 6 Shaun Murphy to break', 'Break off', 'part-eight', '2016-07-25 17:48:21', '2016-07-25 17:48:21', 268),
(688, 'Time since last pot 36 minutes', 0, 1, 58, 118, 0, 2, 18, 138, 'Time since last pot 36 minutes', 'Time since last pot', 'part-eight', '2016-07-25 17:51:46', '2016-07-25 17:51:46', 268),
(689, 'Mark Selby misses a block of the spot', 0, 6, 10, 370, 0, 6, 41, 401, 'Mark Selby misses a block of the spot', 'Miss', 'part-eight', '2016-07-25 21:22:24', '2016-07-25 21:22:24', 268),
(690, 'Great recovery shot from Shaun Murphy', 0, 7, 33, 453, 0, 7, 59, 479, 'Great recovery shot from Shaun Murphy', 'Recovery shot', 'part-eight', '2016-07-25 21:27:37', '2016-07-25 21:27:37', 268),
(691, 'Shaun Murphy manages to get past the blue', 0, 11, 59, 719, 0, 12, 22, 742, 'Shaun Murphy manages to get past the blue with the cue ball', 'Getting past', 'part-eight', '2016-07-25 21:38:34', '2016-07-25 21:38:34', 268),
(692, 'Hazel Irvine, John Parrot and Steve Davis', 0, 0, 1, 1, 0, 2, 24, 144, 'Hazel Irvine, John Parrot and Steve Davis in the studio', 'Studio, Analytics', 'part-nine', '2016-07-26 00:26:54', '2016-07-26 00:26:54', 268),
(693, 'Frame 7 Mark Selby to break', 0, 2, 14, 134, 0, 2, 40, 160, 'Frame 7 Mark Selby to break', 'Break off', 'part-nine', '2016-07-26 00:27:53', '2016-07-26 00:27:53', 268),
(694, 'Nice blue from Mark to go into the reds', 0, 5, 4, 304, 0, 5, 26, 326, 'Nice blue from Mark to go into the reds from 2 cushions', 'Development, Cannon', 'part-nine', '2016-07-26 00:33:39', '2016-07-26 00:33:39', 268),
(695, 'Timeline Mark Selby', 0, 0, 1, 1, 0, 0, 52, 52, 'Timeline Mark Selby', 'Timeline', 'part-ten', '2016-07-26 16:01:26', '2016-07-26 16:01:26', 268),
(696, 'Frame 8 Shaun Murphy to break', 0, 1, 10, 70, 0, 1, 36, 96, 'Frame 8 Shaun Murphy to break', 'Break off', 'part-ten', '2016-07-26 16:02:25', '2016-07-26 16:02:25', 268),
(697, 'Break of 120 by Mark Selby', 0, 8, 53, 533, 0, 17, 1, 1021, 'Break of 120 by Mark Selby', 'Century break', 'part-ten', '2016-07-26 16:31:44', '2016-07-26 16:31:44', 268),
(698, 'Mark Selby completes his 120 break', 0, 16, 37, 997, 0, 17, 1, 1021, 'Mark Selby completes his 120 break with a trick shot on the black', 'Trick shot', 'part-ten', '2016-07-26 16:33:20', '2016-07-26 16:33:20', 268),
(699, 'Hazel Irvine, John Parrot and Steve Davis', 0, 0, 1, 1, 0, 2, 34, 154, 'Hazel Irvine, John Parrot and Steve Davis in the studio', 'Studio, Analytics', 'part-eleven', '2016-07-26 17:29:09', '2016-07-26 17:29:09', 268),
(700, 'Frame 9 Mark Selby to break', 0, 2, 34, 154, 0, 3, 10, 190, 'Frame 9 Mark Selby to break', 'Break off', 'part-eleven', '2016-07-26 17:29:56', '2016-07-26 17:29:56', 268),
(701, 'Great long pot from Shaun!', 0, 4, 16, 256, 0, 4, 40, 280, 'Great long pot from Shaun! Look at the screw back :-)', 'Long pot, screw back', 'part-eleven', '2016-07-26 17:32:49', '2016-07-26 17:32:49', 268),
(702, 'Mark goes into the reds, cue ball is stuck', 0, 10, 4, 604, 0, 10, 36, 636, 'Mark goes into the reds, cue ball is stuck to the pack', 'Development, Cannon, Unlucky', 'part-eleven', '2016-07-26 17:50:34', '2016-07-26 17:50:34', 268),
(703, 'Shaun Murphy misses a black of the spot', 0, 19, 24, 1164, 0, 19, 43, 1183, 'Shaun Murphy misses a black of the spot', 'Miss, black of the spot', 'part-eleven', '2016-07-26 18:50:20', '2016-07-26 18:50:20', 268),
(704, 'Mark Selby rattles the yellow!', 0, 23, 1, 1381, 0, 23, 30, 1410, 'Mark Selby rattles the yellow! How did it go in?', 'Rattling, almost a missed shot', 'part-eleven', '2016-07-26 18:57:50', '2016-07-26 18:57:50', 268),
(705, 'Dafabet Masters Trophy', 0, 25, 4, 1504, 0, 25, 18, 1518, 'Dafabet Masters Trophy', 'Trophy', 'part-eleven', '2016-07-26 19:03:32', '2016-07-26 19:03:32', 268),
(706, 'Frame 10 Shaun Murphy to break', 0, 0, 6, 6, 0, 0, 32, 32, 'Frame 10 Shaun Murphy to break', 'Break off', 'part-twelve', '2016-07-27 00:24:14', '2016-07-27 00:24:14', 268),
(707, 'Fantastic long pot from Mark Selby', 0, 0, 50, 50, 0, 1, 10, 70, 'Fantastic long pot from Mark Selby down the cushion', 'Long pot, down the cushion', 'part-twelve', '2016-07-27 00:25:26', '2016-07-27 00:25:26', 268),
(708, 'Nice brown to open the reds from Selby', 0, 5, 20, 320, 0, 5, 44, 344, 'Nice brown to open the reds from Selby', 'Development, Cannon', 'part-twelve', '2016-07-27 00:38:07', '2016-07-27 00:38:07', 268),
(709, 'Break of 92 from Mark Selby', 0, 0, 50, 50, 0, 9, 52, 592, 'Break of 92 from Mark Selby', '90+ break', 'part-twelve', '2016-07-27 00:44:11', '2016-07-27 00:44:11', 268),
(710, 'Statistics of the match', 0, 10, 10, 610, 0, 11, 2, 662, 'Statistics of the match', 'Statistics, stats', 'part-twelve', '2016-07-27 00:45:45', '2016-07-27 00:45:45', 268),
(711, 'Frame 11 Mark Selby to break', 0, 0, 1, 1, 0, 0, 40, 40, 'Frame 11 Mark Selby to break and handshake for the deciding frame', 'Break off, Handshake', 'part-thirteen', '2016-07-27 15:18:09', '2016-08-03 17:54:34', 268),
(712, 'Shaun Murphy\'s safety goes wrong', 0, 2, 17, 137, 0, 2, 32, 152, 'Shaun Murphy\'s safety goes wrong', 'Attempt safety, safety gone wrong', 'part-thirteen', '2016-07-27 15:21:02', '2016-07-27 15:21:02', 268),
(713, 'Mark Selby tries to go in the cluster', 0, 4, 10, 250, 0, 4, 46, 286, 'Mark Selby tries to go in the cluster of the green', 'Development gone wrong, Attempt cannon', 'part-thirteen', '2016-07-27 15:24:46', '2016-07-27 15:24:46', 268),
(714, 'Awesome long pot from Shaun!', 0, 7, 4, 424, 0, 7, 30, 450, 'Awesome long pot from Shaun!', 'Long pot', 'part-thirteen', '2016-07-27 15:28:21', '2016-07-27 15:28:21', 268),
(715, 'Super shot from Shaun murphy', 0, 7, 55, 475, 0, 8, 22, 502, 'Super shot from Shaun murphy', 'Development, Cannon', 'part-thirteen', '2016-07-27 15:29:41', '2016-07-27 15:29:41', 268),
(716, 'Mark Selby caught the red to full', 0, 14, 1, 841, 0, 14, 20, 860, 'Mark Selby caught the red to full to come back to the baulk with the cue ball', 'Attempt safety, safety gone wrong', 'part-thirteen', '2016-07-27 15:38:11', '2016-07-27 15:38:11', 268),
(717, 'Excellent pot from Shaum Murphy', 0, 18, 0, 1080, 0, 18, 21, 1101, 'Excellent pot from Shaum Murphy', 'Great pot', 'part-thirteen', '2016-07-27 15:41:50', '2016-07-27 15:41:50', 268),
(718, 'Good safety from Mark Selby', 0, 22, 35, 1355, 0, 22, 55, 1375, 'Good safety from Mark Selby', 'Safety', 'part-thirteen', '2016-07-27 15:48:52', '2016-07-27 15:48:52', 268),
(719, 'Mark Selby misses the black', 0, 24, 10, 1450, 0, 24, 39, 1479, 'Mark Selby misses the black', 'Miss', 'part-thirteen', '2016-07-27 15:51:37', '2016-07-27 15:51:37', 268),
(720, 'Shaun Murphy develops the 2 reds', 0, 26, 32, 1592, 0, 26, 53, 1613, 'Shaun Murphy develops the 2 reds on the right hand cushion', 'Development, Cannon', 'part-thirteen', '2016-07-27 15:54:44', '2016-07-27 15:54:44', 268),
(721, 'John Parrot announcing the players', 0, 1, 2, 62, 0, 2, 18, 138, 'John Parrot announcing the players', 'Announcement', 'part-one', '2016-07-31 16:38:32', '2016-07-31 16:38:32', 269),
(722, 'Handshake before the match', 0, 2, 22, 142, 0, 2, 25, 145, 'Handshake before the match', 'Handshake', 'part-one', '2016-07-31 16:39:36', '2016-07-31 16:39:36', 269),
(723, 'Frame 1 Stuart Bingham to break', 0, 2, 25, 145, 0, 3, 2, 182, 'Frame 1 Stuart Bingham to break', 'Break off', 'part-one', '2016-07-31 16:40:32', '2016-07-31 16:40:32', 269),
(724, 'Good cue ball control from Marco Fu', 0, 12, 6, 726, 0, 12, 38, 758, 'Good cue ball control from Marco Fu', 'Control, cue ball control', 'part-one', '2016-07-31 16:55:03', '2016-07-31 16:55:03', 269),
(725, 'Nice cannon to get position on the black', 0, 12, 45, 765, 0, 13, 5, 785, 'Nice cannon to get position on the black from Marco Fu', 'Cannon', 'part-one', '2016-07-31 16:56:04', '2016-07-31 16:56:04', 269),
(726, 'Cannon gone wrong for Marco Fu', 0, 16, 25, 985, 0, 16, 54, 1014, 'Cannon gone wrong for Marco Fu', 'Cannon gone wrong', 'part-one', '2016-07-31 17:03:14', '2016-07-31 17:03:14', 269),
(727, 'Hawk Eye for Stuart Binghams shot', 0, 18, 18, 1098, 0, 18, 54, 1134, 'Hawk Eye for Stuart Binghams shot', 'Hawk Eye', 'part-one', '2016-07-31 17:18:20', '2016-07-31 17:18:34', 269),
(728, 'Unexpected miss from Stuart Bingham', 0, 21, 39, 1299, 0, 21, 56, 1316, 'Unexpected miss from Stuart Bingham', 'Miss', 'part-one', '2016-07-31 17:23:06', '2016-07-31 17:23:06', 269),
(729, 'Great cross double from Marco Fu', 0, 23, 5, 1385, 0, 23, 25, 1405, 'Great cross double from Marco Fu', 'Double, cross double', 'part-one', '2016-07-31 17:25:48', '2016-07-31 17:25:48', 269),
(730, 'Frame 2 Marco Fu to break', 0, 0, 7, 7, 0, 0, 29, 29, 'Frame 2 Marco Fu to break', 'Break off', 'part-two', '2016-08-01 20:34:58', '2016-08-01 20:34:58', 269),
(731, 'Long pot and nice position on the black', 0, 1, 23, 83, 0, 1, 45, 105, 'Long pot and nice position on the black from Stuart Bingham', 'Long pot, opening shot', 'part-two', '2016-08-01 20:38:45', '2016-08-01 20:38:45', 269),
(732, 'Stuart is unlucky after going in to the pack', 0, 1, 46, 106, 0, 2, 25, 145, 'Stuart is unlucky after going in to the pack', 'Development, Cannon, Unlucky', 'part-two', '2016-08-01 20:40:13', '2016-08-01 20:40:13', 269),
(733, '2 Cushion\'s first pot by Stuart Bingham', 0, 4, 20, 260, 0, 4, 44, 284, '2 Cushion\'s first pot by Stuart Bingham, touched second cushion to get better angle on the black with the cue ball', 'Cushion first, kick shot', 'part-two', '2016-08-01 20:44:51', '2016-08-01 20:44:51', 269),
(734, 'Top spin by Marco Fu to get the cue ball', 0, 10, 53, 653, 0, 11, 25, 685, 'Top spin by Marco Fu to get the cue ball through the pack and to get position on the black. Black becomes a pressure shot!', 'Top spin, development, cannon, bit unlucky', 'part-two', '2016-08-01 21:10:49', '2016-08-01 21:10:49', 269),
(735, 'Nice position from Marco on the black', 0, 13, 52, 832, 0, 14, 30, 870, 'Nice position from Marco on the black', 'Position, position play', 'part-two', '2016-08-01 21:15:32', '2016-08-01 21:15:32', 269),
(736, 'Thin long cut by Stuart Bingham', 0, 21, 0, 1260, 0, 21, 20, 1280, 'Thin long cut by Stuart Bingham', 'Long pot, Cut shot', 'part-two', '2016-08-01 21:27:34', '2016-08-01 21:27:34', 269),
(737, 'Unlucky in off from Marco Fu', 0, 27, 19, 1639, 0, 27, 46, 1666, 'Unlucky in off from Marco Fu', 'In off, unlucky', 'part-two', '2016-08-01 21:35:24', '2016-08-01 21:35:24', 269),
(738, 'Double kiss by Marco Fu', 0, 30, 14, 1814, 0, 30, 26, 1826, 'Double kiss by Marco Fu', 'Double kiss', 'part-two', '2016-08-01 21:42:14', '2016-08-01 21:42:14', 269),
(739, 'Statistics of the match', 0, 34, 34, 2074, 0, 36, 29, 2189, 'Statistics of the match', 'Statistics, stats', 'part-two', '2016-08-01 21:49:44', '2016-08-01 21:49:44', 269),
(740, 'Frame 3 Stuart Bingham to break', 0, 0, 6, 6, 0, 0, 23, 23, 'Frame 3 Stuart Bingham to break', 'Break off', 'part-three', '2016-08-02 18:47:41', '2016-08-02 18:47:41', 269),
(741, 'Containing safety from Marco Fu', 0, 0, 32, 32, 0, 0, 41, 41, 'Containing safety from Marco Fu', 'Safety, containing, containing safety', 'part-three', '2016-08-02 18:48:46', '2016-08-02 18:48:46', 269),
(742, 'Stuart goes in the pack of the blue', 0, 1, 51, 111, 0, 2, 10, 130, 'Stuart goes in the pack of the blue', 'Development, Cannon', 'part-three', '2016-08-02 18:50:31', '2016-08-02 18:50:31', 269),
(743, 'Nicely played cannon from Marco Fu', 0, 5, 46, 346, 0, 6, 6, 366, 'Nicely played cannon from Marco Fu', 'Development, Cannon', 'part-three', '2016-08-02 18:57:43', '2016-08-02 18:57:43', 269),
(744, 'Marco pots a more difficult kind of blue', 0, 6, 50, 410, 0, 7, 6, 426, 'Marco pots a more difficult kind of blue', 'Difficult blue, blue', 'part-three', '2016-08-02 19:02:56', '2016-08-02 19:02:56', 269),
(745, 'Marco knocks the brown in, Unlucky', 0, 12, 53, 773, 0, 13, 22, 802, 'Marco knocks the brown in and makes a foul, unlucky', 'Foul, unlucky', 'part-three', '2016-08-02 19:28:53', '2016-08-02 19:28:53', 269),
(746, 'Frame 4 Marco Fu to break', 0, 0, 7, 7, 0, 0, 28, 28, 'Frame 4 Marco Fu to break', 'Break off', 'part-four', '2016-08-02 23:35:00', '2016-08-02 23:35:00', 269),
(747, 'Marco Fu\'s 147 maximum break', 0, 1, 15, 75, 0, 12, 24, 744, 'Marco Fu\'s 147 maximum break on the opening day of The Masters 2015', 'Maximum break, 147', 'part-four', '2016-08-03 00:14:58', '2016-08-03 00:14:58', 269),
(748, 'Memories of The Masters', 0, 0, 1, 1, 0, 2, 28, 148, 'Memories of The Masters', 'Memories, The Masters, Masters', 'part-five', '2016-08-03 17:20:24', '2016-08-03 17:20:24', 269),
(749, 'Freeze Frame Stuart Bingham', 0, 2, 29, 149, 0, 3, 10, 190, 'Freeze Frame Stuart Bingham', 'Freeze Frame', 'part-five', '2016-08-03 17:22:05', '2016-08-03 17:30:04', 269),
(750, 'Marco Fu\'s perfect player', 0, 3, 13, 193, 0, 5, 14, 314, 'Marco Fu\'s perfect player', 'My perfect player', 'part-five', '2016-08-03 17:33:46', '2016-08-03 17:33:46', 269),
(751, 'Frame 5 Marco\'s Fu is 1 point in front', 0, 0, 1, 1, 0, 0, 20, 20, 'Frame 5 Marco\'s Fu is 1 point in front', 'Frame 5 ', 'part-six', '2016-08-03 18:25:48', '2016-08-03 18:25:48', 269),
(752, 'Nice down the cushion long pot from Stuart', 0, 2, 24, 144, 0, 2, 45, 165, 'Nice down the cushion long pot from Stuart', 'Long pot, down the cushion', 'part-six', '2016-08-03 18:28:40', '2016-08-03 18:28:40', 269),
(753, 'Marco goes nicely in the pack', 0, 4, 50, 290, 0, 5, 20, 320, 'Marco goes nicely in the pack but he\'s a bit unlucky not dropping on a red', 'Development, Cannon, Unlucky', 'part-six', '2016-08-03 18:31:54', '2016-08-03 18:31:54', 269),
(754, 'How close was this shot from Marco Fu!', 0, 6, 46, 406, 0, 7, 6, 426, 'How close was this shot from Marco Fu!', 'Very close, close', 'part-six', '2016-08-03 18:34:17', '2016-08-03 18:34:17', 269),
(755, 'Break of 104 by Marco Fu', 0, 10, 52, 652, 0, 18, 22, 1102, 'Break of 104 by Marco Fu', 'Century break, Back to back centuries', 'part-six', '2016-08-03 18:50:17', '2016-08-03 18:50:17', 269),
(756, 'Frame 6 Marco Fu to break', 0, 0, 2, 2, 0, 0, 17, 17, 'Frame 6 Marco Fu to break', 'Break off', 'part-seven', '2016-08-03 19:50:27', '2016-08-03 19:50:27', 269),
(757, 'Good red to the middle and nice blue', 0, 8, 2, 482, 0, 8, 52, 532, 'Good red to the middle and nice blue to the corner from Stuart Bingham', 'Good pot, red, blue', 'part-seven', '2016-08-03 20:00:25', '2016-08-03 20:00:25', 269),
(758, 'Marco Fu pots a red down the cushion', 0, 14, 52, 892, 0, 15, 9, 909, 'Marco Fu pots a red down the cushion', 'Down the cushion', 'part-seven', '2016-08-03 20:07:18', '2016-08-03 20:07:18', 269),
(759, 'Stuart Bingham puts his hand in the air', 0, 17, 50, 1070, 0, 18, 9, 1089, 'Stuart Bingham puts his hand in the air after potting a simple red', 'Fist bump, celebration, hand in the air', 'part-seven', '2016-08-03 20:12:49', '2016-08-03 20:12:49', 269),
(760, 'Statistics of the match', 0, 25, 38, 1538, 0, 26, 12, 1572, 'Statistics of the match', 'Statistics, stats', 'part-seven', '2016-08-03 20:21:16', '2016-08-03 20:21:16', 269),
(761, 'Frame 7 Stuart Bingham to break', 0, 0, 1, 1, 0, 0, 22, 22, 'Frame 7 Stuart Bingham to break', 'Break off', 'part-eight', '2016-08-05 10:46:34', '2016-08-05 10:46:34', 269),
(762, 'Double from Stuart Bingham', 0, 1, 10, 70, 0, 1, 45, 105, 'Double from Stuart Bingham and nice black to the middle', 'Double', 'part-eight', '2016-08-05 10:48:48', '2016-08-05 10:48:48', 269),
(763, 'Stuart Bingham on a 147 but it goes wrong', 0, 5, 16, 316, 0, 5, 40, 340, 'Stuart Bingham on a 147 but it goes wrong', 'Maximum break gone wrong, 147 gone wrong', 'part-eight', '2016-08-05 11:01:03', '2016-08-05 11:01:03', 269),
(764, 'Stuart Bingham pots a red into bigger pocket', 0, 9, 55, 595, 0, 10, 14, 614, 'Stuart Bingham pots a red into a bigger pocket due to the brown', 'Big pocket', 'part-eight', '2016-08-05 11:06:27', '2016-08-05 11:06:27', 269),
(765, 'Frame 8 Marco Fu to break', 0, 0, 15, 15, 0, 0, 36, 36, 'Frame 8 Marco Fu to break', 'Break off', 'part-nine', '2016-08-05 12:10:23', '2016-08-05 12:10:23', 269),
(766, 'Mid range pot from Marco Fu', 0, 2, 48, 168, 0, 3, 4, 184, 'Mid range pot from Marco Fu', 'Mid range pot, mid range', 'part-nine', '2016-08-05 12:13:44', '2016-08-05 12:13:44', 269),
(767, 'Top spin run through the reds from Marco', 0, 3, 36, 216, 0, 3, 55, 235, 'Top spin run through the reds from Marco', 'Top spin, development, run, run through, cannon', 'part-nine', '2016-08-05 12:15:00', '2016-08-05 12:15:00', 269),
(768, 'Break of 103 by Marco Fu', 0, 3, 36, 216, 0, 13, 37, 817, 'Break of 100 by Marco Fu', 'Century break', 'part-nine', '2016-08-05 12:21:45', '2016-08-05 12:34:23', 269),
(769, 'Plant by Marco Fu', 0, 8, 40, 520, 0, 9, 0, 540, 'Plant by Marco Fu', 'Plant', 'part-nine', '2016-08-05 12:34:51', '2016-08-05 12:34:51', 269),
(770, 'Statistics of the match', 0, 14, 37, 877, 0, 15, 4, 904, 'Statistics of the match', 'Statistics, stats', 'part-nine', '2016-08-05 12:36:11', '2016-08-05 12:36:11', 269),
(771, 'Frame 9 Stuart Bingham to break', 0, 0, 2, 2, 0, 0, 34, 34, 'Frame 9 Stuart Bingham to break', 'Break off', 'part-ten', '2016-08-05 13:17:28', '2016-08-05 13:17:28', 269),
(772, 'A man that leaves the arena', 0, 0, 36, 36, 0, 1, 26, 86, 'A man that leaves the arena doesn\'t upset Marco Fu, in fact look at the red he pots!', 'Long pot', 'part-ten', '2016-08-05 13:20:40', '2016-08-05 13:20:40', 269),
(773, 'Cinematics', 0, 0, 29, 29, 0, 0, 51, 51, 'Cinematics', 'Cinematics', 'part-one', '2016-09-20 12:58:17', '2016-09-20 12:58:17', 270),
(774, 'Hazel Irvine', 0, 0, 53, 53, 0, 1, 25, 85, 'Hazel Irvine', 'Studio', 'part-one', '2016-09-20 13:00:04', '2016-09-20 13:00:04', 270),
(775, 'Mark Selby VS Shaun Murphy', 0, 1, 26, 86, 0, 16, 59, 1019, 'Mark Selby VS Shaun Murphy', 'Highlights', 'part-one', '2016-09-20 13:17:49', '2016-09-20 13:17:49', 270),
(776, 'Hazel Irvine talks about Stuart Bingham', 0, 17, 0, 1020, 0, 17, 33, 1053, 'Hazel Irvine talks about Stuart Bingham and Marco Fu', 'Studio', 'part-one', '2016-09-23 14:28:14', '2016-09-23 14:28:14', 270),
(777, 'Marco Fu\'s Timeline', 0, 17, 34, 1054, 0, 18, 27, 1107, 'Marco Fu\'s Timeline', 'Timeline', 'part-one', '2016-09-23 14:29:26', '2016-09-23 14:29:26', 270),
(778, 'Stuart Bingham\'s Timeline', 0, 18, 28, 1108, 0, 19, 19, 1159, 'Stuart Bingham\'s Timeline', 'Timeline', 'part-one', '2016-09-23 14:31:04', '2016-09-23 14:31:04', 270),
(779, 'Frame 4 Stuart Bingham VS Marco Fu', 0, 19, 20, 1160, 0, 31, 55, 1915, 'Frame 4 Stuart Bingham VS Marco Fu, Marco\'s maximum break (147)', 'Highlights, Frame 4, Maximum break, Maximum, 147', 'part-one', '2016-09-23 15:56:27', '2016-09-23 15:56:27', 270),
(780, 'Frame 5 Stuart Bingham at the table', 0, 32, 18, 1938, 0, 40, 47, 2447, 'Frame 5 Stuart Bingham at the table', 'Frame 5', 'part-one', '2016-09-23 16:07:41', '2016-09-23 16:07:41', 270),
(781, 'Frame 9 Stuart Bingham at the table', 0, 41, 7, 2467, 0, 47, 36, 2856, 'Frame 9 Stuart Bingham at the table', 'Frame 9', 'part-one', '2016-09-23 16:14:34', '2016-09-23 16:14:34', 270),
(782, 'Marco Fu\'s interview', 0, 47, 37, 2857, 0, 48, 5, 2885, 'Marco Fu\'s interview', 'Interview', 'part-one', '2016-09-23 16:15:15', '2016-09-23 16:15:15', 270),
(783, 'Talking about Judd Trump', 0, 0, 29, 29, 0, 2, 9, 129, 'Talking about Judd Trump', 'Cinematics', 'part-one', '2016-09-27 18:18:55', '2016-09-27 18:18:55', 271),
(784, 'Hazel Irvine at the Arena Entrance', 0, 2, 10, 130, 0, 2, 40, 160, 'Hazel Irvine at the Arena Entrance', 'Arena Entrance', 'part-one', '2016-09-27 18:20:34', '2016-09-27 18:20:34', 271),
(785, 'Judd Trump\'s Timeline', 0, 2, 41, 161, 0, 3, 32, 212, 'Judd Trump\'s Timeline', 'Timeline', 'part-one', '2016-09-27 18:22:07', '2016-09-27 18:22:07', 271),
(786, 'Stephen Maguire\'s pro file', 0, 3, 33, 213, 0, 6, 42, 402, 'Stephen Maguire\'s pro file', 'Pro File, File, Pro', 'part-one', '2016-09-27 18:26:04', '2016-09-27 18:26:04', 271),
(787, 'Steve Davis and Ken Doherty in the Arena', 0, 6, 43, 403, 0, 7, 48, 468, 'Steve Davis and Ken Doherty in the Arena talking about the players', 'Arena', 'part-one', '2016-09-27 18:31:07', '2016-09-27 18:31:07', 271),
(788, 'Head to Head of Trump and Maguire', 0, 7, 50, 470, 0, 8, 9, 489, 'Head to Head of Trump and Maguire', 'Head to head', 'part-one', '2016-09-27 18:32:13', '2016-09-27 18:32:13', 271),
(789, 'Rob Walker announcing the players', 0, 0, 1, 1, 0, 3, 0, 180, 'Rob Walker announcing the players', 'Announcement', 'part-two', '2016-09-27 18:36:21', '2016-09-27 21:19:56', 271),
(790, 'Frame 1 Judd Trump to break', 0, 3, 10, 190, 0, 3, 30, 210, 'Frame 1 Judd Trump to break', 'Break off', 'part-two', '2016-09-27 21:21:12', '2016-09-27 21:21:12', 271),
(791, 'Nice long pot from Judd', 0, 22, 59, 1379, 0, 23, 29, 1409, 'Nice long pot from Judd', 'Long pot', 'part-two', '2016-09-28 11:20:42', '2016-09-28 11:20:42', 271),
(792, 'Clearance from Judd', 0, 23, 0, 1380, 0, 27, 35, 1655, 'Clearance from Judd', 'Clearance', 'part-two', '2016-09-30 11:15:46', '2016-09-30 11:19:59', 271),
(793, 'That\'s one way to get on a red', 0, 25, 33, 1533, 0, 25, 54, 1554, 'That\'s one way to get on a red', 'Position, position play', 'part-two', '2016-09-30 11:20:03', '2016-09-30 11:20:03', 271),
(794, 'Hazel Irvine, Ken Doherty and Steve Davis', 0, 0, 1, 1, 0, 1, 11, 71, 'Hazel Irvine, Ken Doherty and Steve Davis in the studio', 'Studio', 'part-three', '2016-09-30 11:27:17', '2016-09-30 11:27:17', 271),
(795, 'Frame 2 Stephen Maguire to break', 0, 1, 10, 70, 0, 1, 32, 92, 'Frame 2 Stephen Maguire to break', 'Break off', 'part-three', '2016-09-30 11:28:50', '2016-09-30 11:28:50', 271),
(796, 'Nice opening pot from Judd', 0, 2, 44, 164, 0, 3, 10, 190, 'Nice opening pot from Judd', 'Hampered, opening pot', 'part-three', '2016-09-30 11:39:30', '2016-09-30 11:39:30', 271),
(797, 'Hazel Irvine, Ken Doherty and Steve Davis', 0, 0, 1, 1, 0, 1, 52, 112, 'Hazel Irvine, Ken Doherty and Steve Davis in the Studio', 'Studio', 'part-four', '2016-09-30 13:59:20', '2016-09-30 13:59:20', 271),
(798, 'First round draw', 0, 0, 8, 8, 0, 1, 17, 77, 'First round draw', 'Draw, First Round', 'part-four', '2016-09-30 13:59:27', '2016-09-30 13:59:27', 271),
(799, 'Frame 3 Judd Trump to break', 0, 1, 40, 100, 0, 1, 57, 117, 'Frame 3 Judd Trump to break', 'Break, break off', 'part-four', '2016-09-30 14:00:52', '2016-09-30 14:00:52', 271),
(800, 'Judd misses the pink to secure the frame', 0, 13, 31, 811, 0, 13, 58, 838, 'Judd misses the pink to almost secure the frame', 'Missed pot', 'part-four', '2016-09-30 14:19:18', '2016-09-30 14:19:18', 271),
(801, 'Hit and hope by Judd', 0, 15, 18, 918, 0, 15, 37, 937, 'Hit and hope by Judd', 'Hit and hope', 'part-four', '2016-09-30 14:22:01', '2016-09-30 14:22:01', 271),
(802, 'Nice response escape from Stephen', 0, 15, 41, 941, 0, 16, 2, 962, 'Nice response escape from Stephen', 'Escape, response', 'part-four', '2016-09-30 14:23:10', '2016-09-30 14:23:10', 271),
(803, 'Nice pot from Stephen, cue all up in the air', 0, 20, 8, 1208, 0, 20, 25, 1225, 'Nice pot from Stephen, cue all up in the air', 'Cue up in the air', 'part-four', '2016-09-30 14:28:35', '2016-09-30 14:28:35', 271),
(804, 'Stephen Maguire plays to give Judd a snooker', 0, 23, 56, 1436, 0, 24, 45, 1485, 'Stephen Maguire plays to give Judd a snooker', 'Snooker', 'part-four', '2016-09-30 14:33:57', '2016-09-30 14:34:49', 271),
(805, 'Stephen Maguire plays to give Judd a snooker', 0, 25, 47, 1547, 0, 26, 20, 1580, 'Stephen Maguire plays to give Judd another snooker', 'Snooker', 'part-four', '2016-09-30 14:38:16', '2016-09-30 14:38:16', 271),
(806, 'Excellent safety shot by Maguire', 0, 30, 56, 1856, 0, 31, 14, 1874, 'Excellent safety shot by Maguire', 'Safety', 'part-four', '2016-09-30 14:44:01', '2016-09-30 14:44:01', 271),
(807, 'Stephen wins an important frame', 0, 32, 16, 1936, 0, 32, 51, 1971, 'Stephen wins an important frame', 'Important frame', 'part-four', '2016-09-30 14:45:44', '2016-09-30 14:45:44', 271),
(808, 'Hazel Irvine, Ken Doherty and Steve Davis', 0, 0, 1, 1, 0, 2, 17, 137, 'Hazel Irvine, Ken Doherty and Steve Davis in the studio', 'Studio', 'part-five', '2016-09-30 18:15:35', '2016-09-30 18:15:35', 271),
(809, 'Frame 4 Stephen Maguire to break', 0, 1, 57, 117, 0, 2, 19, 139, 'Frame 4 Stephen Maguire to break', 'Break, break off', 'part-five', '2016-09-30 18:16:47', '2016-09-30 18:16:47', 271),
(810, 'Long pot from Judd Trump, shot to nothing', 0, 4, 3, 243, 0, 4, 26, 266, 'Long pot from Judd Trump, shot to nothing', 'Long pot', 'part-five', '2016-09-30 18:23:09', '2016-09-30 18:23:09', 271),
(811, 'Excellent safety shot by Maguire', 0, 6, 46, 406, 0, 7, 13, 433, 'Excellent safety shot by Maguire', 'Safety', 'part-five', '2016-09-30 18:27:05', '2016-09-30 18:27:05', 271),
(812, 'Judd misses the green', 0, 10, 6, 606, 0, 10, 24, 624, 'Judd misses the green and that means end of frame for him', 'Missed pot, end of frame', 'part-five', '2016-09-30 18:41:35', '2016-09-30 18:41:35', 271),
(813, 'Break of 96 from Stephen Maguire', 0, 10, 26, 626, 0, 18, 43, 1123, 'Break of 96 from Stephen Maguire', '50+, 50+ break', 'part-five', '2016-09-30 18:43:07', '2016-09-30 18:43:07', 271),
(814, 'Mid Session Interval', 0, 0, 1, 1, 0, 22, 36, 1356, 'Mid Session Interval', 'Mid session', 'part-six', '2016-10-01 12:17:42', '2016-10-01 12:17:42', 271),
(815, 'An era of big snooker breaks', 0, 1, 36, 96, 0, 8, 34, 514, 'An era of big snooker breaks', 'Era, big breaks, centuries', 'part-six', '2016-10-03 15:19:17', '2016-10-03 15:19:17', 271),
(816, 'Marco Fu\'s 147 maximum break', 0, 9, 15, 555, 0, 21, 38, 1298, 'Marco Fu\'s 147 maximum break', 'Maximum break, 147, century', 'part-six', '2016-10-03 15:20:35', '2016-10-03 15:20:35', 271),
(817, 'Frame 5 Judd Trump to break', 0, 0, 5, 5, 0, 0, 38, 38, 'Frame 5 Judd Trump to break', 'Break, break off', 'part-seven', '2016-10-03 15:23:33', '2016-10-03 15:23:33', 271),
(818, 'Judd goes into the pack of the blue', 0, 2, 3, 123, 0, 2, 49, 169, 'Judd goes into the pack of the blue', 'Going into the pack, the pack, development', 'part-seven', '2016-10-03 15:26:06', '2016-10-03 15:26:06', 271),
(819, 'Judd flukes a red', 0, 4, 58, 298, 0, 5, 41, 341, 'Judd flukes a red', 'Fluke', 'part-seven', '2016-10-03 15:31:16', '2016-10-03 15:31:16', 271),
(820, 'Great safety from Judd', 0, 14, 52, 892, 0, 15, 9, 909, 'Great safety from Judd', 'Safety', 'part-seven', '2016-10-03 15:41:47', '2016-10-03 15:41:47', 271),
(821, 'Hazel Irvine, Ken Doherty and Steve Davis', 0, 0, 1, 1, 0, 1, 47, 107, 'Hazel Irvine, Ken Doherty and Steve Davis in the studio', 'Studio', 'part-eight', '2016-10-06 13:06:49', '2016-10-06 13:06:49', 271),
(822, 'Frame 6 Stephen Maguire to break', 0, 1, 27, 87, 0, 1, 50, 110, 'Frame 6 Stephen Maguire to break', 'Break off', 'part-eight', '2016-10-06 13:07:41', '2016-10-06 13:07:41', 271),
(823, 'Stephen Maguire goes into the pack', 0, 2, 45, 165, 0, 3, 14, 194, 'Stephen Maguire goes into the pack', 'Going into the pack, the pack, development', 'part-eight', '2016-10-06 13:09:42', '2016-10-06 13:09:42', 271),
(824, 'Break of 82 by Stephen Maguire', 0, 7, 58, 478, 0, 13, 48, 828, 'Break of 82 by Stephen Maguire', '50+, 50+ break', 'part-eight', '2016-10-06 13:25:24', '2016-10-06 13:25:24', 271),
(825, 'Stephen Maguire Pro Tour', 0, 0, 1, 1, 0, 1, 8, 68, 'Stephen Maguire Pro Tour', 'Pro Tour, pro, tour', 'part-nine', '2016-10-13 13:56:18', '2016-10-13 13:56:18', 271),
(826, 'Hazel Irvine, Ken Doherty and Steve Davis', 0, 1, 9, 69, 0, 3, 31, 211, 'Hazel Irvine, Ken Doherty and Steve Davis in the studio', 'Studio', 'part-nine', '2016-10-13 13:59:17', '2016-10-13 13:59:17', 271),
(827, 'Frame 7 Judd Trump to break', 0, 3, 5, 185, 0, 3, 32, 212, 'Frame 7 Judd Trump to break', 'Break, break off, frame 7', 'part-nine', '2016-10-13 14:01:05', '2016-10-13 14:01:05', 271),
(828, 'Great opening long pot from Maguire', 0, 3, 37, 217, 0, 4, 7, 247, 'Great opening long pot from Maguire', 'Long pot, pot', 'part-nine', '2016-10-13 14:03:17', '2016-10-13 14:03:17', 271),
(829, 'Judd nestles the cue ball into the bunch', 0, 4, 54, 294, 0, 5, 14, 314, 'Judd nestles the cue ball into the bunch', 'Nestling, the bunch', 'part-nine', '2016-10-13 14:05:34', '2016-10-13 14:05:34', 271),
(830, 'Crazy pot down the cushion from Judd', 0, 7, 36, 456, 0, 8, 40, 520, 'Crazy pot down the cushion from Judd, look at the screw', 'Screw, down the cushion', 'part-nine', '2016-10-13 14:13:45', '2016-10-13 14:14:03', 271),
(831, 'Break of 109 by Judd Trump', 0, 9, 28, 568, 0, 17, 0, 1020, 'Break of 109 by Judd Trump', 'Century, century break', 'part-nine', '2016-10-13 14:24:56', '2016-10-13 14:24:56', 271),
(832, 'Hazel Irvine, Ken Doherty and Steve Davis', 0, 0, 1, 1, 0, 1, 20, 80, 'Hazel Irvine, Ken Doherty and Steve Davis in the studio', 'Studio', 'part-ten', '2016-11-01 14:29:36', '2016-11-01 14:29:36', 271),
(833, 'Frame 8 Stephen Maguire to break', 0, 1, 8, 68, 0, 1, 30, 90, 'Frame 8 Stephen Maguire to break', 'Break, break off, frame 8', 'part-ten', '2016-11-01 14:30:37', '2017-01-11 15:59:04', 271),
(834, 'Screw shot, cannoning the red to get position', 0, 3, 5, 185, 0, 3, 30, 210, 'Screw shot from Stephen Maguire, cannoning the red to get position on the black', 'Screw, cannon, position', 'part-ten', '2016-11-01 14:35:21', '2016-11-01 14:35:21', 271),
(835, 'Maguire pots the blue and opens the pack', 0, 4, 26, 266, 0, 4, 53, 293, 'Maguire pots the blue and opens the pack, but the outcome of the cue ball isn\'t good', 'Splitting the pack, development', 'part-ten', '2016-11-01 14:39:42', '2016-11-01 14:39:42', 271),
(836, 'Excellent safety shot from Judd Trump', 0, 7, 18, 438, 0, 7, 36, 456, 'Excellent safety shot from Judd Trump', 'Safety, safety shot', 'part-ten', '2016-11-01 14:42:51', '2016-11-01 14:42:51', 271),
(837, 'Excellent safety response from Maguire', 0, 7, 48, 468, 0, 8, 12, 492, 'Excellent safety response from Maguire', 'Safety, safety shot', 'part-ten', '2016-11-01 14:43:43', '2016-11-01 14:43:43', 271),
(838, 'Break of 71 by Judd Trump', 0, 12, 22, 742, 0, 18, 30, 1110, 'Break of 71 by Judd Trump', '50+, 50+ break', 'part-ten', '2016-11-01 14:57:05', '2016-11-01 14:57:05', 271),
(839, 'What a positional shot from Judd Trump', 0, 17, 15, 1035, 0, 17, 42, 1062, 'What a positional shot from Judd Trump', 'Position, position play', 'part-ten', '2016-11-01 14:57:09', '2016-11-01 14:57:09', 271),
(840, 'Hazel Irvine, Ken Doherty and Steve Davis', 0, 0, 1, 1, 0, 2, 47, 167, 'Hazel Irvine, Ken Doherty and Steve Davis in the studio', 'Studio', 'part-eleven', '2017-01-11 15:56:50', '2017-01-11 15:56:50', 271),
(841, 'Frame 9 Judd Trump to break', 0, 2, 37, 157, 0, 3, 10, 190, 'Frame 9 Judd Trump to break', 'Break, break off, frame 9', 'part-eleven', '2017-01-11 15:58:45', '2017-01-11 15:58:45', 271),
(842, 'Long pot from Stephen Maguire', 0, 8, 25, 505, 0, 8, 50, 530, 'Long pot from Stephen Maguire', 'Long pot, pot', 'part-eleven', '2017-01-11 16:46:25', '2017-01-11 16:46:25', 271),
(843, 'Hawk Eye - Stephen Maguire at the table', 0, 14, 28, 868, 0, 14, 39, 879, 'Hawk Eye - Stephen Maguire at the table', 'Hawk eye, Hawk, Eye', 'part-eleven', '2017-01-11 16:54:47', '2017-01-11 16:54:47', 271),
(844, 'Long pot from Judd Trump', 0, 17, 0, 1020, 0, 17, 21, 1041, 'Long pot from Judd Trump', 'Long pot, pot, screw, screw back', 'part-eleven', '2017-01-11 16:58:12', '2017-01-11 16:58:12', 271),
(845, 'Long pot from Stephen Maguire', 0, 25, 35, 1535, 0, 25, 57, 1557, 'Long pot from Stephen Maguire', 'Long pot, pot', 'part-eleven', '2017-01-11 17:07:34', '2017-01-11 17:07:34', 271),
(846, 'Judd\'s attempting to get out of a snooker', 0, 26, 47, 1607, 0, 28, 21, 1701, 'Judd\'s attempting to get out of a snooker', 'Snooker, getting out of, attempt', 'part-eleven', '2017-01-11 17:11:35', '2017-01-11 17:11:35', 271),
(847, 'Stephen Maguire lays a snooker', 0, 31, 3, 1863, 0, 31, 35, 1895, 'Stephen Maguire lays a snooker', 'Laying a snooker, Snooker', 'part-one', '2017-01-11 17:16:48', '2017-01-11 17:16:48', 271),
(848, 'Frame 10 Stephen Maguire to break', 0, 0, 1, 1, 0, 0, 29, 29, 'Frame 10 Stephen Maguire to break', 'Break, break off, frame 10', 'part-twelve', '2017-01-12 15:22:58', '2017-01-12 15:22:58', 271),
(849, 'Tight red into the middle from Judd Trump', 0, 1, 44, 104, 0, 2, 3, 123, 'Tight red into the middle from Judd Trump', 'Pot, middle pocket, tight', 'part-twelve', '2017-01-12 15:25:53', '2017-01-12 15:25:53', 271),
(850, 'Stephen Maguire in the studio', 0, 0, 50, 50, 0, 4, 58, 298, 'Stephen Maguire in the studio', 'Studio', 'part-thirteen', '2017-01-12 16:19:53', '2017-01-12 16:19:53', 271),
(851, 'Conclusion of match between Marco Fu', 0, 5, 0, 300, 0, 46, 0, 2760, 'Conclusion of match between Marco Fu and Stuart Bingham', 'Conclusion of match', 'part-thirteen', '2017-01-12 16:21:49', '2017-01-12 16:21:49', 271),
(852, 'Pro File Marco Fu', 0, 5, 20, 320, 0, 7, 23, 443, 'Pro File Marco Fu', 'Pro File', 'part-thirteen', '2017-01-12 16:24:13', '2017-01-12 16:24:13', 271),
(853, 'Frame 5 Marco Fu at the table', 0, 8, 0, 480, 0, 17, 2, 1022, 'Frame 5 Marco Fu at the table', 'Frame 5', 'part-thirteen', '2017-01-12 16:58:50', '2017-01-12 16:58:50', 271),
(854, 'Break of 104 by Marco Fu', 0, 9, 50, 590, 0, 17, 2, 1022, 'Break of 104 by Marco Fu', 'Break, Century Break', 'part-thirteen', '2017-01-12 17:00:36', '2017-01-12 17:00:36', 271),
(855, 'Frame 6 Marco Fu is trailing by 22 points', 0, 0, 1, 1, 0, 9, 58, 598, 'Frame 6 Marco Fu is trailing by 22 points', 'Frame 6, Trailing', 'part-fourteen', '2017-01-12 17:52:03', '2017-01-12 18:05:13', 271),
(856, 'Awesome long pot down the cushion', 0, 0, 14, 14, 0, 0, 32, 32, 'Awesome long pot down the cushion from Marco Fu', 'Long pot, pot', 'part-fourteen', '2017-01-12 17:52:20', '2017-01-12 17:52:20', 271),
(857, 'Stuart Bingham cheers as he pot an easy red', 0, 3, 13, 193, 0, 3, 32, 212, 'Stuart Bingham cheers as he pot an easy red', 'Entertainment', 'part-fourteen', '2017-01-12 17:57:03', '2017-01-12 17:57:03', 271),
(858, 'Hawk Eye, straight on the blue?', 0, 5, 24, 324, 0, 5, 37, 337, 'Hawk Eye, straight on the blue?', 'Hawk eye, Hawk, Eye', 'part-fourteen', '2017-01-12 18:00:08', '2017-01-12 18:00:08', 271),
(859, 'Frame 8 Stuart Bingham at the table', 0, 0, 12, 12, 0, 11, 33, 693, 'Frame 8 Stuart Bingham at the table', 'Frame 8', 'part-fifteen', '2017-01-13 14:07:16', '2017-01-13 14:07:16', 271),
(860, 'Break of 103 by Marco Fu', 0, 0, 45, 45, 0, 11, 32, 692, 'Break of 103 by Marco Fu', 'Break, Century Break', 'part-fifteen', '2017-01-13 14:19:03', '2017-01-13 14:19:03', 271),
(861, 'Frame 9 Stuart Bingham at the table', 0, 0, 15, 15, 0, 7, 15, 435, 'Frame 9 Stuart Bingham at the table', 'Frame 9', 'part-sixteen', '2017-01-13 15:10:47', '2017-01-13 15:10:47', 271),
(862, 'Rob Walker announces the players', 0, 0, 34, 34, 0, 3, 58, 238, 'Rob Walker announces the players', 'announcement ', 'part-one', '2017-07-02 11:50:45', '2017-07-02 11:50:45', 272),
(863, 'Frame 1 Robert Milkins to break', 0, 4, 20, 260, 0, 4, 42, 282, 'Frame 1 Robert Milkins to break', 'break, break-off, break off', 'part-one', '2017-07-02 11:51:41', '2017-07-02 11:51:41', 272),
(864, 'Nice safety/snooker from Neil Robertson', 0, 7, 35, 455, 0, 8, 1, 481, 'Nice safety/snooker from Neil Robertson', 'safety, safety play, snooker', 'part-one', '2017-07-02 11:54:28', '2017-07-02 11:54:54', 272),
(865, '94 break from Robert Milkins', 0, 11, 24, 684, 0, 21, 55, 1315, '94 break from Robert Milkins', '50+, 50+ break', 'part-one', '2017-07-02 11:56:17', '2017-07-02 11:56:17', 272),
(866, 'Good long pot from Robert Milkins', 0, 13, 46, 826, 0, 14, 15, 855, 'Good long pot from Robert Milkins', 'long pot', 'part-one', '2017-07-02 11:57:27', '2017-07-02 11:57:27', 272),
(867, 'Nice yellow from Robert Milkins', 0, 20, 6, 1206, 0, 20, 28, 1228, 'Nice yellow from Robert Milkins to keep the break going', 'pot, nice pot, keep break going', 'part-one', '2017-07-02 11:58:46', '2017-07-02 11:58:46', 272),
(868, 'Frame 2 Neil Robertson to break', 0, 0, 2, 2, 0, 0, 34, 34, 'Frame 2 Neil Robertson to break', 'break, break-off, break off', 'part-two', '2017-07-02 12:12:37', '2017-07-02 12:12:37', 272),
(869, 'Frame 3 Robert Milkins to break', 0, 0, 5, 5, 0, 0, 22, 22, 'Frame 3 Robert Milkins to break', 'break, break-off, break off', 'part-three', '2017-07-02 12:15:04', '2017-07-02 12:15:04', 272),
(870, 'Neil fouls the yellow with his bridge hand', 0, 9, 25, 565, 0, 9, 48, 588, 'Neil fouls the yellow with his bridge hand', 'foul', 'part-three', '2017-07-02 12:16:11', '2017-07-02 12:16:11', 272),
(871, 'Excellent safety from Robert Milkins', 0, 9, 51, 591, 0, 10, 16, 616, 'Excellent safety from Robert Milkins', 'safety, safety play', 'part-three', '2017-07-02 12:17:27', '2017-07-02 12:17:27', 272),
(872, 'Surprising miss from Robert Milkins', 0, 17, 53, 1073, 0, 18, 16, 1096, 'Surprising miss from Robert Milkins', 'miss, foul', 'part-three', '2017-07-02 12:18:49', '2017-07-02 12:18:49', 272),
(873, 'Good long pot from Neil Robertson', 0, 18, 17, 1097, 0, 18, 35, 1115, 'Good long pot from Neil Robertson', 'long pot', 'part-three', '2017-07-02 12:20:03', '2017-07-02 12:20:03', 272),
(874, 'Match stats', 0, 22, 55, 1375, 0, 23, 54, 1434, 'Match stats', 'stats, match stats', 'part-three', '2017-07-02 12:21:21', '2017-07-02 12:21:21', 272),
(875, 'Frame 4 Neil Robertson to break', 0, 0, 1, 1, 0, 0, 40, 40, 'Frame 4 Neil Robertson to break', 'break, break-off, break off', 'part-four', '2017-07-02 12:24:30', '2017-07-02 12:24:30', 272),
(876, 'Mid Session Interval', 0, 0, 1, 1, 0, 15, 25, 925, 'Mid Session Interval', 'mid session, interval, mid session interval', 'part-five', '2017-07-02 12:26:25', '2017-07-02 12:26:25', 272),
(877, 'Frame 5 Robert Milkins to break', 0, 0, 7, 7, 0, 0, 23, 23, 'Frame 5 Robert Milkins to break', 'break, break-off, break off', 'part-six', '2017-07-02 12:30:13', '2017-07-02 12:30:13', 272),
(878, 'Break of 69 by Robert Milkins', 0, 5, 14, 314, 0, 13, 40, 820, 'Break of 69 by Robert Milkins', '50+, 50+ break', 'part-six', '2017-07-02 12:50:13', '2017-07-02 12:50:13', 272),
(879, 'Frame 6 Neil Robertson to break', 0, 0, 1, 1, 0, 0, 30, 30, 'Frame 6 Neil Robertson to break', 'break, break-off, break off', 'part-seven', '2017-07-02 12:51:24', '2017-07-02 12:51:24', 272),
(880, 'Nice long pot from Robert Milkins', 0, 1, 17, 77, 0, 1, 38, 98, 'Nice long pot from Robert Milkins', 'long pot', 'part-seven', '2017-07-02 12:52:07', '2017-07-02 12:52:07', 272);
INSERT INTO `items` (`item_id`, `item_title`, `item_hours_start`, `item_minutes_start`, `item_seconds_start`, `item_point_start`, `item_hours_end`, `item_minutes_end`, `item_seconds_end`, `item_point_end`, `item_description`, `item_tags`, `item_part`, `created`, `modified`, `timeline_id`) VALUES
(881, 'Neil Robertson runs in off with the white', 0, 3, 30, 210, 0, 4, 7, 247, 'Neil Robertson runs in off with the white', 'foul, in off', 'part-seven', '2017-07-02 12:52:56', '2017-07-02 12:52:56', 272),
(882, 'Nice long pot from Neil Robertson', 0, 5, 2, 302, 0, 5, 40, 340, 'Nice long pot from Neil Robertson', 'long pot', 'part-seven', '2017-07-02 12:53:52', '2017-07-02 12:53:52', 272),
(883, 'Neil opens the reds from the black', 0, 8, 40, 520, 0, 9, 15, 555, 'Neil opens the reds from the black, it\'s a frame winning chance', 'development, opening the reds, cannon', 'part-seven', '2017-07-02 12:54:56', '2017-07-02 12:54:56', 272),
(884, 'Break of 77 by Neil Robertson', 0, 5, 3, 303, 0, 13, 38, 818, 'Break of 77 by Neil Robertson', '50+, 50+ break', 'part-seven', '2017-07-02 12:56:06', '2017-07-02 12:56:06', 272),
(885, 'Frame 7 Robert Milkins to break', 0, 0, 1, 1, 0, 0, 23, 23, 'Frame 7 Robert Milkins to break', 'break, break-off, break off', 'part-eight', '2017-07-02 15:24:09', '2017-07-02 15:24:09', 272),
(886, '51 break from Neil Robertson', 0, 14, 16, 856, 0, 20, 15, 1215, '51 break from Neil Robertson', '50+, 50+ break', 'part-eight', '2017-07-02 15:25:24', '2017-07-02 15:25:24', 272),
(887, 'Vital miss from Neil Robertson', 0, 19, 58, 1198, 0, 20, 24, 1224, 'Vital miss from Neil Robertson', 'miss, foul', 'part-eight', '2017-07-02 15:26:41', '2017-07-02 15:26:41', 272),
(888, 'Nice long pot from Robert Milkins', 0, 23, 23, 1403, 0, 23, 40, 1420, 'Nice long pot from Robert Milkins', 'long pot', 'part-eight', '2017-07-02 15:27:43', '2017-07-02 15:27:43', 272),
(889, 'Frame 8 Neil Robertson to break', 0, 0, 1, 1, 0, 0, 16, 16, 'Frame 8 Neil Robertson to break', 'break, break-off, break off', 'part-nine', '2017-07-02 15:30:59', '2017-07-02 15:30:59', 272),
(890, 'Hawk eye on Robert Milkins\'s shot', 0, 0, 37, 37, 0, 0, 52, 52, 'Hawk eye on Robert Milkins\'s shot', 'hawk eye', 'part-nine', '2017-07-02 15:31:52', '2017-07-02 15:32:47', 272),
(891, 'Break of 95 by Neil Robertson', 0, 1, 10, 70, 0, 10, 16, 616, 'Break of 95 by Neil Robertson', '50+, 50+ break', 'part-nine', '2017-07-02 15:33:42', '2017-07-02 15:33:42', 272),
(892, 'Frame 9 Robert Milkins to break', 0, 0, 4, 4, 0, 0, 21, 21, 'Frame 9 Robert Milkins to break', 'break, break-off, break off', 'part-ten', '2017-07-02 15:34:52', '2017-07-02 15:34:52', 272),
(893, 'Terrific pot from Neil Robertson', 0, 4, 21, 261, 0, 4, 49, 289, 'Terrific pot from Neil Robertson', 'pot, nice pot', 'part-ten', '2017-07-02 15:37:11', '2017-07-02 15:37:11', 272),
(894, 'Robert Milkins misses a red', 0, 5, 20, 320, 0, 5, 40, 340, 'Robert Milkins misses a red', 'missing a pot', 'part-ten', '2017-07-02 15:38:39', '2017-07-02 15:38:39', 272),
(895, 'Break of 117 by Neil Robertson', 0, 5, 55, 355, 0, 14, 9, 849, 'Break of 117 by Neil Robertson', 'century, century break, 100+, 100+ break', 'part-ten', '2017-07-02 15:39:47', '2017-07-02 15:39:47', 272),
(896, 'Frame 10 Neil Robertson to break', 0, 0, 6, 6, 0, 0, 27, 27, 'Frame 10 Neil Robertson to break', 'break, break-off, break off', 'part-eleven', '2017-07-02 15:42:20', '2017-07-02 15:42:20', 272),
(897, 'Break of 76 by Neil Robertson', 0, 3, 58, 238, 0, 10, 22, 622, 'Break of 76 by Neil Robertson', '50+, 50+ break', 'part-eleven', '2017-07-02 15:43:04', '2017-07-02 15:43:04', 272),
(898, 'Nice pot from Neil Robertson', 0, 3, 59, 239, 0, 4, 29, 269, 'Nice pot from Neil Robertson to stun of two cushions to get on the black', 'pot, nice pot, stun, black, get on the black', 'part-eleven', '2017-07-02 15:45:19', '2017-07-02 15:45:19', 272),
(899, 'Nice red from Neil Robertson', 0, 9, 18, 558, 0, 9, 32, 572, 'Nice red from Neil Robertson to get on the pink', 'pot, nice pot', 'part-eleven', '2017-07-02 15:46:50', '2017-07-02 15:46:50', 272),
(900, 'Robert Milkins shakes hands', 0, 11, 10, 670, 0, 11, 34, 694, 'Robert Milkins shakes hands with Neil Robertson', 'hand shake, shakes hands, end of match, end', 'part-eleven', '2017-07-02 15:48:16', '2017-07-02 15:48:16', 272),
(901, 'Pre match cinematics', 0, 27, 0, 1620, 0, 11, 53, 713, 'Pre match cinematics', 'cinematics, pre, match, prematch', 'part-one', '2017-08-26 12:06:59', '2017-08-26 12:06:59', 273),
(902, 'Who is the all time greatest snooker player?', 0, 1, 27, 87, 0, 4, 0, 240, 'Who is the all time greatest snooker player?', 'greatest', 'part-one', '2017-08-26 12:07:11', '2017-08-26 12:07:11', 273),
(903, 'Ricky Walden\'s pro file', 0, 5, 26, 326, 0, 7, 34, 454, 'Ricky Walden\'s pro file', 'pro, file, profile', 'part-one', '2017-08-26 12:08:36', '2017-08-26 12:08:36', 273),
(904, 'Head to head and commentary box', 0, 7, 35, 455, 0, 9, 43, 583, 'Head to head and commentary box', 'head-to-head', 'part-one', '2017-08-26 12:09:05', '2017-08-26 12:09:05', 273),
(905, 'Rob Walker announces the players', 0, 9, 44, 584, 0, 11, 53, 713, 'Rob Walker announces the players', 'announcement', 'part-one', '2017-08-26 12:09:12', '2017-08-26 12:09:12', 273),
(906, 'Handshake', 0, 0, 3, 3, 0, 0, 7, 7, 'Handshake', 'hand shake, shakes hands', 'part-two', '2017-08-26 12:11:12', '2017-08-26 14:33:59', 273),
(907, 'Frame 1 Ronnie O\'Sullivan to break', 0, 0, 11, 11, 0, 0, 34, 34, 'Frame 1 Ronnie O\'Sullivan to break', 'break, break-off, break off', 'part-two', '2017-08-26 14:35:49', '2017-08-26 14:35:49', 273),
(908, 'A monster kick on the black', 0, 10, 24, 624, 0, 10, 45, 645, 'A monster kick on the black when Ricky is attempting to pot the black. John Virgo\'s comment is funny: \"Well that was scary wasn\'t it!\"', 'kick', 'part-two', '2017-08-26 14:53:43', '2017-08-26 14:53:43', 273),
(909, 'Wonderfull shot from Ronnie', 0, 11, 19, 679, 0, 11, 46, 706, 'Wonderfull shot from Ronnie to develop the reds!', 'development, opening the reds, cannon', 'part-two', '2017-08-26 14:56:24', '2017-08-26 14:56:49', 273),
(910, 'Crazy pot down the cushion from Ronnie', 0, 13, 15, 795, 0, 13, 34, 814, 'Crazy pot down the cushion from Ronnie', 'pot, nice pot', 'part-two', '2017-08-26 15:01:04', '2017-08-26 15:01:04', 273),
(911, 'Jason Mohammad, John Parrot and Stephen Hendr', 0, 13, 55, 835, 0, 15, 26, 926, 'Jason Mohammad, John Parrot and Stephen Hendry in the studio', 'studio', 'part-two', '2017-08-26 17:21:43', '2017-08-26 17:21:43', 273),
(912, 'Frame 2 Rick Walden to break', 0, 0, 5, 5, 0, 0, 30, 30, 'Frame 2 Rick Walden to break', 'break, break-off, break off', 'part-three', '2017-08-26 17:54:45', '2017-08-26 17:54:45', 273),
(913, 'Ricky got so close to potting the red', 0, 3, 8, 188, 0, 3, 40, 220, 'Ricky got so close to potting the red', 'pot, close', 'part-three', '2017-08-26 18:07:28', '2017-08-26 18:07:28', 273),
(914, 'Great plant from Ronnie', 0, 4, 2, 242, 0, 4, 27, 267, 'Great plant from Ronnie', 'plant', 'part-three', '2017-08-26 18:09:30', '2017-08-26 18:09:30', 273),
(915, 'Great positional play from Ronnie', 0, 7, 15, 435, 0, 7, 40, 460, 'Great positional play from Ronnie', 'position, positional, play, positional play', 'part-three', '2017-08-26 18:22:42', '2017-08-26 18:22:42', 273),
(916, 'Ronnie\'s miss on the pink doesn\'t gets punish', 0, 15, 43, 943, 0, 16, 37, 997, 'Ronnie\'s miss on the pink doesn\'t gets punished', 'missing a pot', 'part-three', '2017-08-26 18:44:27', '2017-08-26 18:44:27', 273),
(917, 'Good safety from Ricky', 0, 19, 30, 1170, 0, 19, 52, 1192, 'Good safety from Ricky', 'safety, safety play', 'part-three', '2017-08-26 18:48:16', '2017-08-26 18:48:16', 273),
(918, 'Jason Mohammad, John Parrot and Stephen Hendr', 0, 23, 55, 1435, 0, 0, 25, 57, 'Jason Mohammad, John Parrot and Stephen Hendry', 'studio', 'part-three', '2017-08-26 18:55:53', '2017-08-26 18:55:53', 273),
(919, 'Frame 3 Ronnie O\'Sullivan to break', 0, 0, 1, 1, 0, 0, 44, 44, 'Frame 3 Ronnie O\'Sullivan to break', 'break, break-off, break off', 'part-four', '2017-08-30 19:07:03', '2017-08-30 19:07:03', 273),
(920, 'Nice cross double from Ronnie', 0, 8, 55, 535, 0, 10, 10, 610, 'Nice cross double from Ronnie', 'double, cross double', 'part-four', '2017-08-30 19:17:25', '2017-08-30 19:18:15', 273),
(921, 'Great red from Ricky in the left middle', 0, 10, 49, 649, 0, 11, 0, 660, 'Great red from Ricky in the left middle', 'pot, nice pot; middle, left, left middle', 'part-four', '2017-08-30 19:20:29', '2017-08-30 19:20:29', 273),
(922, 'Great red from Ronnie', 0, 16, 31, 991, 0, 16, 43, 1003, 'Great red from Ronnie', 'pot, nice pot', 'part-four', '2017-08-30 19:29:16', '2017-08-30 19:29:16', 273),
(923, 'Ronnie gets a bit lucky in playing a snooker', 0, 17, 0, 2, 0, 17, 16, 1036, 'Ronnie gets a bit lucky in playing a snooker behind the yellow', 'snooker', 'part-four', '2017-08-30 19:29:55', '2017-08-30 19:29:55', 273),
(924, 'Hawk eye on Ricky Walden\'s shot', 0, 19, 24, 1164, 0, 19, 40, 1180, 'Hawk eye on Ricky Walden\'s shot', 'hawk eye', 'part-four', '2017-08-30 19:33:24', '2017-08-30 19:33:24', 273),
(925, 'Great snooker from Ronnie', 0, 20, 14, 1214, 0, 20, 30, 1230, 'Great snooker from Ronnie', 'snooker', 'part-four', '2017-08-30 19:34:53', '2017-08-30 19:34:53', 273),
(926, 'Great hit from Ricky ', 0, 20, 56, 1256, 0, 21, 8, 1268, 'Great hit from Ricky, unlucky to leave it over the corner', 'hit', 'part-four', '2017-08-30 19:36:11', '2017-08-30 19:36:11', 273),
(927, 'Ricky Walden\'s information', 0, 22, 20, 1340, 0, 23, 12, 1392, 'Ricky Walden\'s information', 'players information, player, information', 'part-four', '2017-08-30 19:39:08', '2017-08-30 19:39:08', 273),
(928, 'Jason Mohammad, John Parrot and Stephen Hendr', 0, 23, 12, 1392, 0, 24, 3, 1443, 'Jason Mohammad, John Parrot and Stephen Hendry in the studio', 'studio', 'part-four', '2017-08-30 19:42:18', '2017-08-30 19:42:18', 273),
(929, 'Frame 4 Ricky Walden to break', 0, 0, 8, 8, 0, 0, 32, 32, 'Frame 4 Ricky Walden to break', 'break, break-off, break off', 'part-five', '2017-08-31 17:28:09', '2017-08-31 17:28:09', 273),
(930, 'Nice pot from Ricky', 0, 4, 37, 277, 0, 4, 48, 288, 'Nice pot from Ricky', 'pot, nice pot', 'part-five', '2017-08-31 17:34:15', '2017-08-31 17:34:15', 273),
(931, 'Great long pot from Ronnie', 0, 6, 43, 403, 0, 7, 0, 420, 'Great long pot from Ronnie', 'pot, nice pot, long pot, long', 'part-five', '2017-08-31 17:50:52', '2017-08-31 17:50:52', 273),
(932, 'Ronnie needed the whole pocket on this shit', 0, 10, 49, 649, 0, 11, 1, 661, 'Ronnie needed the whole pocket on this shit', 'whole pocket', 'part-five', '2017-08-31 18:01:09', '2017-08-31 18:01:09', 273),
(933, 'Break of 77 by Ronnie O\'Sullivan', 0, 8, 39, 519, 0, 12, 20, 740, 'Break of 77 by Ronnie O\'Sullivan', '50+ break, over half a century', 'part-five', '2017-08-31 18:04:40', '2017-08-31 18:04:40', 273),
(934, 'Mid Session Interval', 0, 0, 1, 1, 0, 17, 3, 1023, 'Mid Session Interval', 'mid session, mid, session', 'part-six', '2017-09-01 16:40:57', '2017-09-01 16:40:57', 273),
(935, 'Jimmy White interviewed by John Virgo', 0, 2, 31, 151, 0, 10, 26, 626, 'Jimmy White interviewed by John Virgo', 'interview', 'part-six', '2017-09-01 16:41:02', '2017-09-01 16:41:02', 273),
(936, 'Questions for John Parrot', 0, 12, 26, 746, 0, 15, 22, 922, 'Questions for John Parrot', 'questions', 'part-six', '2017-09-01 16:41:07', '2017-09-01 16:41:07', 273),
(937, 'Tournaments draw', 0, 15, 30, 930, 0, 16, 39, 999, 'Tournaments draw', 'draw', 'part-six', '2017-09-01 16:41:12', '2017-09-01 16:41:12', 273),
(938, 'Frame 5 Ronnie O\'Sullivan to break', 0, 0, 2, 2, 0, 0, 32, 32, 'Frame 5 Ronnie O\'Sullivan to break', 'break, break-off, break off', 'part-seven', '2017-09-02 22:25:44', '2017-09-02 22:25:44', 273),
(939, 'Ricky Walden need to hit a red', 0, 5, 0, 300, 0, 7, 24, 444, 'Ricky Walden need to hit a red otherwise he loses the frame', 'warning', 'part-seven', '2017-09-02 22:37:03', '2017-09-02 22:37:03', 273),
(940, 'Beautiful pot from Ronnie', 0, 7, 36, 456, 0, 8, 3, 483, 'Beautiful pot from Ronnie', 'pot, nice pot', 'part-seven', '2017-09-02 22:38:23', '2017-09-02 22:38:23', 273),
(941, 'Break of 91 by Ronnie O\'Sullivan', 0, 7, 36, 456, 0, 13, 21, 801, 'Break of 91 by Ronnie O\'Sullivan', '50+ break, over half a century', 'part-seven', '2017-09-02 22:53:44', '2017-09-02 22:53:44', 273),
(942, 'Jason Mohammad, John Parrot and Stephen', 0, 13, 23, 803, 0, 14, 29, 869, 'Jason Mohammad, John Parrot and Stephen Hendry in the studio', 'studio', 'part-seven', '2017-09-02 22:55:45', '2017-09-02 22:56:06', 273),
(943, 'Frame 6 Ricky Walden to break', 0, 0, 2, 2, 0, 0, 22, 22, 'Frame 6 Ricky Walden to break', 'break, break-off, break off', 'part-eight', '2017-09-03 13:30:40', '2017-09-03 13:30:40', 273),
(944, 'Excellent safety from Ronnie', 0, 2, 4, 124, 0, 2, 22, 142, 'Excellent safety from Ronnie', 'safety, safety play', 'part-eight', '2017-09-03 13:33:10', '2017-09-03 13:33:10', 273),
(945, 'Beautiful controlled cannon on the reds', 0, 3, 56, 236, 0, 4, 17, 257, 'Beautiful controlled cannon on the reds while potting the black from Ronnie', 'cannon', 'part-eight', '2017-09-03 13:36:13', '2017-09-03 13:36:13', 273),
(946, 'Ronnie goes into the reds', 0, 7, 8, 428, 0, 7, 33, 453, 'Ronnie goes into the reds', 'cannon, going into the pack, pack', 'part-eight', '2017-09-03 13:45:34', '2017-09-03 15:23:49', 273),
(947, 'Wonderfull pot from Ronnie', 0, 7, 48, 468, 0, 8, 14, 494, 'Wonderfull pot from Ronnie', 'pot, nice pot, long pot, long', 'part-eight', '2017-09-03 13:48:39', '2017-09-03 13:48:39', 273),
(948, 'Break of 100 by Ronnie O\'Sullivan', 0, 3, 33, 213, 0, 11, 31, 691, 'Break of 100 by Ronnie O\'Sullivan', '100+ break, century', 'part-eight', '2017-09-03 13:54:52', '2017-09-03 13:54:52', 273),
(949, 'Ronnie O\'Sullivan VS Stephen Hendry', 0, 11, 32, 692, 0, 11, 48, 708, 'Ronnie O\'Sullivan VS Stephen Hendry century breaks', 'century breaks, breaks', 'part-eight', '2017-09-03 13:56:15', '2017-09-03 13:56:15', 273),
(950, 'Jason Mohammad, John Parrot and Stephen', 0, 11, 49, 709, 0, 13, 35, 815, 'Jason Mohammad, John Parrot and Stephen Hendry in the studio', 'studio', 'part-eight', '2017-09-03 13:58:48', '2017-09-03 13:58:48', 273),
(951, 'Frame 7 Ronnie O\'Sullivan to break', 0, 0, 0, 0, 0, 0, 22, 22, 'Frame 7 Ronnie O\'Sullivan to break', 'break, break-off, break off', 'part-nine', '2017-09-03 15:14:19', '2017-09-03 15:14:19', 273),
(952, 'Mistake from Ronnie but gets away with it', 0, 0, 45, 45, 0, 1, 32, 92, 'Mistake from Ronnie but gets away with it', 'mistake', 'part-nine', '2017-09-03 15:16:05', '2017-09-03 15:17:12', 273),
(953, 'Nice long pot from Ricky', 0, 3, 32, 212, 0, 3, 47, 227, 'Nice long pot from Ricky', 'pot, nice pot', 'part-nine', '2017-09-03 15:21:25', '2017-09-03 15:21:25', 273),
(954, 'Ricky goes into the pack nicely', 0, 4, 25, 265, 0, 4, 46, 286, 'Ricky goes into the pack nicely when potting the blue', 'cannon, going into the pack, pack', 'part-nine', '2017-09-03 15:23:33', '2017-09-03 15:23:33', 273),
(955, 'Crazy amount of side on the cue ball', 0, 7, 22, 442, 0, 7, 55, 475, 'Crazy amount of side on the cue ball from Ricky to get back to the reds', 'side, spin, cue ball, white ball', 'part-nine', '2017-09-03 15:28:13', '2017-09-03 15:28:13', 273),
(956, 'Good pot on the blue to get the break', 0, 11, 18, 678, 0, 11, 32, 692, 'Good pot on the blue to get the break going', 'pot, nice pot', 'part-nine', '2017-09-03 15:32:28', '2017-09-03 15:32:28', 273),
(957, 'Break of 100 by Ricky Walden', 0, 3, 33, 213, 0, 12, 18, 738, 'Break of 100 by Ricky Walden', '100+ break, century', 'part-nine', '2017-09-03 15:34:25', '2017-09-03 15:34:25', 273),
(958, 'Frame 8 Ricky Walden to break', 0, 0, 5, 5, 0, 0, 35, 35, 'Frame 8 Ricky Walden to break', 'break, break-off, break off', 'part-ten', '2017-09-03 16:57:32', '2017-09-03 16:57:32', 273),
(959, 'Huge mistake from Ricky to hit the blue', 0, 2, 12, 132, 0, 2, 35, 155, 'Huge mistake from Ricky to hit the blue', 'mistake', 'part-ten', '2017-09-03 16:59:41', '2017-09-03 16:59:41', 273),
(960, 'Ronnie is far out of the pot, Ricky', 0, 4, 12, 252, 0, 5, 5, 305, 'Ronnie is far out of the pot, Ricky doesn\'t take advantage', 'mistake, far out', 'part-ten', '2017-09-03 17:04:02', '2017-09-03 17:04:02', 273),
(961, 'Nice pot from Ronnie and just on the black', 0, 10, 53, 653, 0, 11, 15, 675, 'Nice pot from Ronnie and just on the black', 'pot, nice pot', 'part-ten', '2017-09-03 17:10:59', '2017-09-03 17:10:59', 273),
(962, 'Ronnie O\'Sullivan\'s red drifted up', 0, 13, 22, 802, 0, 13, 44, 824, 'Ronnie O\'Sullivan\'s red drifted up, it was in when he hit it', 'drifted, rolled off', 'part-ten', '2017-09-03 17:14:24', '2017-09-03 17:14:24', 273),
(963, 'Ricky Walden gets a snooker behind the yellow', 0, 17, 40, 1060, 0, 18, 2, 1082, 'Ricky Walden gets a snooker behind the yellow', 'snooker', 'part-ten', '2017-09-03 17:19:56', '2017-09-03 17:19:56', 273),
(964, 'Ronnie O\'Sullivan misses the red', 0, 18, 8, 1088, 0, 18, 30, 1110, 'Ronnie O\'Sullivan misses the red and leaves a free ball', 'free ball', 'part-ten', '2017-09-03 17:21:09', '2017-09-03 17:21:09', 273),
(965, 'Jason Mohammad, John Parrot and Stephen', 0, 21, 20, 1280, 0, 23, 18, 1398, 'Jason Mohammad, John Parrot and Stephen hendry', 'studio', 'part-ten', '2017-09-03 17:27:19', '2017-09-03 17:27:19', 273),
(966, 'Frame 9 Ronnie O\'Sullivan to break', 0, 0, 0, 0, 0, 0, 30, 30, 'Frame 9 Ronnie O\'Sullivan to break', 'break, break-off, break off', 'part-eleven', '2017-09-03 18:54:10', '2017-09-03 18:54:10', 273),
(967, 'Awesome long pot from Ronnie O\'Sullivan', 0, 3, 7, 187, 0, 3, 24, 204, 'Awesome long pot from Ronnie O\'Sullivan', 'pot, nice pot, long pot, long', 'part-eleven', '2017-09-03 18:57:30', '2017-09-03 18:57:30', 273),
(968, 'Ronnie turns down the plant and plays safe', 0, 6, 28, 388, 0, 7, 6, 426, 'Ronnie turns down the plant and plays safe', 'turning down, safe, safety play, safety', 'part-eleven', '2017-09-03 19:02:05', '2017-09-03 19:02:05', 273),
(969, 'Great safety from Ricky', 0, 8, 5, 485, 0, 8, 23, 503, 'Great safety from Ricky', 'safety, safety play', 'part-eleven', '2017-09-03 19:03:58', '2017-09-03 19:03:58', 273),
(970, 'Ronnie puts a bit of side', 0, 11, 1, 661, 0, 11, 20, 680, 'Ronnie puts a bit of side on the cue ball to bend it around the blue to pot the red', 'swerve, bend the cue ball', 'part-eleven', '2017-09-03 19:07:53', '2017-09-03 19:07:53', 273),
(971, 'Ronnie misses the pink and bangs the table', 0, 12, 14, 734, 0, 12, 26, 746, 'Ronnie misses the pink and bangs the table with his fist in frustration', 'missed pot, bangs the table, frustration', 'part-eleven', '2017-09-03 19:10:27', '2017-09-03 19:10:27', 273),
(972, '73 break from Ricky Walden', 0, 12, 33, 753, 0, 16, 30, 990, '73 break from Ricky Walden', '50+ break, over half a century', 'part-eleven', '2017-09-03 19:15:07', '2017-09-03 19:15:07', 273),
(973, 'Jason Mohammad, John Parrot and Stephen', 0, 16, 31, 991, 0, 17, 50, 1070, 'Jason Mohammad, John Parrot and Stephen Hendry in the studio', 'studio', 'part-eleven', '2017-09-03 19:17:52', '2017-09-03 19:17:52', 273),
(974, 'Frame 10 Ricky Walden to break', 0, 0, 5, 5, 0, 0, 36, 36, 'Frame 10 Ricky Walden to break', 'break, break-off, break off', 'part-twelve', '2017-09-04 16:20:12', '2017-09-04 16:20:12', 273),
(975, 'Good long pot from Ronnie', 0, 1, 16, 76, 0, 1, 40, 100, 'Good long pot from Ronnie', 'pot, nice pot, long pot, long', 'part-twelve', '2017-09-04 16:22:18', '2017-09-04 16:22:18', 273),
(976, 'Ronnie loses control of the cue ball', 0, 5, 15, 315, 0, 5, 52, 352, 'Ronnie loses control of the cue ball but Ricky can\'t take advantage', 'losing control, cue ball', 'part-twelve', '2017-09-04 16:27:43', '2017-09-04 16:27:54', 273),
(977, 'Break of 116 by Ronnie O\'Sullivan', 0, 6, 17, 377, 0, 13, 16, 796, 'Break of 116 by Ronnie O\'Sullivan', 'century break, break', 'part-twelve', '2017-09-04 16:39:56', '2017-09-04 16:39:56', 273),
(978, 'Ronnie flukes the yellow', 0, 11, 35, 695, 0, 13, 16, 796, 'Ronnie flukes the yellow to continue his break to equal Stephen Hendry\'s record of 775 centuries', 'century breaks, breaks, equaling record, record', 'part-twelve', '2017-09-04 16:39:59', '2017-09-04 16:39:59', 273),
(979, 'Jason Mohammad, John Parrot and Stephen', 0, 13, 18, 798, 0, 19, 11, 1151, 'Jason Mohammad, John Parrot and Stephen Hendry in the studio', 'studio', 'part-twelve', '2017-09-04 16:48:12', '2017-09-04 16:48:12', 273),
(980, 'Ronnie O\'Sullivan in the studio', 0, 13, 50, 830, 0, 18, 36, 1116, 'Ronnie O\'Sullivan in the studio', 'studio, interview', 'part-twelve', '2017-09-04 16:48:15', '2017-09-04 16:48:15', 273),
(981, 'Tonight\'s match Barry Hawkins VS Ali Carter', 0, 18, 4, 1084, 0, 18, 28, 1108, 'Tonight\'s match Barry Hawkins VS Ali Carter', 'match, tonight\'s match', 'part-twelve', '2017-09-04 16:48:18', '2017-09-04 16:48:18', 273),
(982, 'Rob Walker announces the players', 0, 0, 32, 32, 0, 3, 10, 190, 'Rob Walker announces the players', 'announcement', 'part-one', '2017-09-05 16:51:07', '2017-09-05 16:51:07', 274),
(983, 'Handshake', 0, 3, 17, 197, 0, 3, 20, 200, 'Handshake', 'handshake', 'part-one', '2017-09-05 16:51:56', '2017-09-05 16:51:56', 274),
(984, 'Frame 1 Barry Hawkins to break', 0, 3, 20, 200, 0, 3, 46, 226, 'Frame 1 Barry Hawkins to break', 'break, break-off, break off', 'part-one', '2017-09-05 16:52:45', '2017-09-05 16:52:45', 274),
(985, 'What a nice long pot from Ali', 0, 5, 33, 333, 0, 5, 58, 358, 'What a nice long pot from Ali', 'pot, nice pot, long pot, long', 'part-one', '2017-09-05 17:00:49', '2017-09-05 17:00:49', 274),
(986, 'Great black form Ali', 0, 6, 10, 370, 0, 6, 38, 398, 'Great black form Ali', 'pot, nice pot', 'part-one', '2017-09-05 17:01:40', '2017-09-05 17:01:40', 274),
(987, 'Very good safety from Barry Hawkins', 0, 10, 34, 634, 0, 11, 16, 676, 'Very good safety from Barry Hawkins', 'safety, safety play', 'part-one', '2017-09-05 17:10:22', '2017-09-05 17:10:22', 274),
(988, 'Unexpected miss from Barry', 0, 12, 13, 733, 0, 12, 34, 754, 'Unexpected miss from Barry', 'unexpected, miss, unwanted side ', 'part-one', '2017-09-05 17:13:07', '2017-09-05 17:13:07', 274),
(989, 'Excellent pot from Ali', 0, 14, 15, 855, 0, 14, 33, 873, 'Excellent pot from Ali and nice cannon to get position on the black', 'pot, nice pot, cannon, development, position', 'part-one', '2017-09-05 17:15:35', '2017-09-05 17:15:35', 274),
(990, 'Unlucky to get snookered', 0, 16, 43, 1003, 0, 17, 10, 1030, 'Unlucky to get snookered after developing the red, but look at what happens', 'development', 'part-one', '2017-09-05 17:18:44', '2017-09-05 17:18:44', 274),
(991, 'Break of 95 by Ali Carter', 0, 12, 46, 766, 0, 18, 26, 1106, 'Break of 95 by Ali Carter', '50+ break, over half a century', 'part-one', '2017-09-05 17:21:47', '2017-09-05 17:21:47', 274),
(992, 'Standing ovation for Ali Carter', 0, 18, 26, 1106, 0, 19, 28, 1168, 'Standing ovation for Ali Carter', 'standing ovation, ovation', 'part-one', '2017-09-05 17:23:23', '2017-09-05 17:23:23', 274),
(993, 'Frame 2 Ali Carter to break', 0, 0, 4, 4, 0, 0, 31, 31, 'Frame 2 Ali Carter to break', 'break, break-off, break off', 'part-two', '2017-09-06 16:19:26', '2017-09-06 16:19:26', 274),
(994, 'Excellent safety shot from Barry', 0, 0, 53, 53, 0, 1, 20, 80, 'Excellent safety shot from Barry', 'safety, safety play', 'part-two', '2017-09-06 16:21:00', '2017-09-06 16:21:00', 274),
(995, 'Pretty good safety from Barry', 0, 2, 55, 175, 0, 3, 12, 192, 'Pretty good safety from Barry, Ali Carter taps the table', 'safety, safety play', 'part-two', '2017-09-06 16:24:48', '2017-09-06 16:24:48', 274),
(996, 'Hawk eye on Ali Carter\'s shot', 0, 3, 27, 207, 0, 3, 42, 222, 'Hawk eye on Ali Carter\'s shot', 'hawk eye', 'part-two', '2017-09-06 16:25:40', '2017-09-06 16:25:40', 274),
(997, 'Long pot from Barry', 0, 5, 30, 330, 0, 5, 46, 346, 'Long pot from Barry', 'pot, nice pot, long pot, long', 'part-two', '2017-09-06 16:32:23', '2017-09-06 16:32:23', 274),
(998, 'Edgy miss from Barry', 0, 7, 3, 423, 0, 7, 27, 447, 'Edgy miss from Barry, but he got a kick', 'missing a pot', 'part-two', '2017-09-06 16:34:46', '2017-09-06 16:34:46', 274),
(999, 'Unexpected miss from Ali', 0, 9, 16, 556, 0, 9, 44, 584, 'Unexpected miss from Ali', 'missing a pot', 'part-two', '2017-09-06 16:45:17', '2017-09-06 16:45:17', 274),
(1000, 'Barry goes in of with the white', 0, 9, 49, 589, 0, 10, 15, 615, 'Barry goes in of with the white', 'in of', 'part-two', '2017-09-06 16:46:21', '2017-09-06 16:46:21', 274),
(1001, 'Beautiful long pot from Ali', 0, 10, 57, 657, 0, 11, 24, 684, 'Beautiful long pot from Ali', 'pot, nice pot, long pot, long', 'part-two', '2017-09-06 16:48:16', '2017-09-06 16:48:16', 274),
(1002, 'Ali Carter opens the reds', 0, 11, 26, 686, 0, 11, 48, 708, 'Ali Carter opens the reds after potting the black', 'cannon, going into the pack, pack', 'part-two', '2017-09-06 16:49:56', '2017-09-06 16:49:56', 274),
(1003, '50 break from Ali Carter', 0, 11, 0, 660, 0, 15, 20, 920, '50 break from Ali Carter', '50 break, over half a century', 'part-two', '2017-09-06 16:55:01', '2017-09-06 16:55:01', 274),
(1004, 'Hawk eye on Ali Carter\'s shot', 0, 15, 39, 939, 0, 15, 58, 958, 'Hawk eye on Ali Carter\'s shot', 'hawk eye', 'part-two', '2017-09-06 16:56:14', '2017-09-06 16:56:14', 274),
(1005, 'Frame 3 Barry Hawkins to break', 0, 0, 1, 1, 0, 0, 25, 25, 'Frame 3 Barry Hawkins to break', 'break, break-off, break off', 'part-three', '2017-09-07 16:07:19', '2017-09-07 16:07:19', 274),
(1006, 'Hawk eye on Ali Carter\'s shot', 0, 0, 45, 45, 0, 0, 59, 59, 'Hawk eye on Ali Carter\'s shot', 'hawk eye', 'part-three', '2017-09-07 16:08:28', '2017-09-07 16:08:28', 274),
(1007, 'Excellent long pot on the blue from Barry', 0, 4, 55, 295, 0, 5, 11, 311, 'Excellent long pot on the blue from Barry', 'pot, nice pot, long pot, long', 'part-three', '2017-09-07 16:25:47', '2017-09-07 16:25:47', 274),
(1008, 'Ridiculous good pot from Barry', 0, 6, 17, 377, 0, 6, 34, 394, 'Ridiculous good pot from Barry down the cushion with the rest', 'pot, nice pot', 'part-three', '2017-09-07 16:31:54', '2017-09-07 16:31:54', 274),
(1009, 'Good long pot from Ali', 0, 7, 16, 436, 0, 7, 50, 470, 'Good long pot - three ball plant - from Ali Carter', 'pot, nice pot, long pot, long, plant', 'part-three', '2017-09-07 16:34:16', '2017-09-07 16:34:26', 274),
(1010, 'Hawk eye on Ali Carter\'s shot', 0, 8, 36, 516, 0, 8, 57, 537, 'Hawk eye on Ali Carter\'s three ball plant', 'hawk eye, plant', 'part-three', '2017-09-07 16:35:46', '2017-09-07 16:35:46', 274),
(1011, 'Nice long pot from Barry', 0, 9, 48, 588, 0, 10, 15, 615, 'Nice long pot from Barry', 'pot, nice pot, long pot, long', 'part-three', '2017-09-07 16:44:58', '2017-09-07 16:44:58', 274),
(1012, 'Terrible kick on Barry Hawkins\'s shot', 0, 11, 17, 677, 0, 11, 46, 706, 'Terrible kick on Barry Hawkins\'s shot', 'kick', 'part-three', '2017-09-07 16:47:40', '2017-09-07 16:47:40', 274),
(1013, 'Barry Hawkins misses the blue', 0, 17, 59, 1079, 0, 18, 37, 1117, 'Barry Hawkins misses the blue in trying to develop the red on the side cushion', 'missing a pot, development', 'part-three', '2017-09-07 16:56:26', '2017-09-07 16:56:26', 274),
(1014, 'Great pot from Ali Carter', 0, 18, 43, 1123, 0, 19, 4, 1144, 'Great pot from Ali Carter down the cushion', 'pot, nice pot', 'part-three', '2017-09-07 16:58:00', '2017-09-07 16:58:00', 274),
(1015, 'Ali Carter flukes a snooker', 0, 20, 45, 1245, 0, 21, 5, 1265, 'Ali Carter flukes a snooker', 'snooker, fluke', 'part-three', '2017-09-08 18:56:00', '2017-09-08 18:56:00', 274),
(1016, 'Nice pink from Barry to clinch the frame', 0, 23, 49, 1429, 0, 24, 6, 1446, 'Nice pink from Barry to clinch the frame', 'pot, nice pot, frame clincher', 'part-three', '2017-09-08 19:02:38', '2017-09-08 19:02:38', 274),
(1017, 'Highlights/summary of the third frame', 0, 24, 23, 1463, 0, 26, 0, 1560, 'Highlights/summary of the third frame', 'highlights, summary', 'part-three', '2017-09-08 19:06:32', '2017-09-08 19:06:32', 274),
(1018, 'Frame 4 Ali Carter to break', 0, 0, 8, 8, 0, 0, 37, 37, 'Frame 4 Ali Carter to break', 'break, break-off, break off', 'part-four', '2017-09-09 11:49:07', '2017-09-09 11:49:07', 274),
(1019, 'Good long pot from Barry', 0, 0, 38, 38, 0, 1, 0, 60, 'Good long pot from Barry', 'pot, nice pot, long pot, long', 'part-four', '2017-09-09 11:50:03', '2017-09-09 11:50:03', 274),
(1020, 'Thin safety battle', 0, 3, 59, 239, 0, 4, 57, 297, 'Thin safety battle', 'safety, safety play', 'part-four', '2017-09-09 12:01:28', '2017-09-09 12:01:28', 274),
(1021, 'Hawk eye on Ali Carter\'s shot', 0, 5, 25, 325, 0, 5, 37, 337, 'Hawk eye on Ali Carter\'s shot', 'hawk eye', 'part-four', '2017-09-09 12:03:08', '2017-09-09 12:03:08', 274),
(1022, 'Barry nearly pots the yellow', 0, 6, 47, 407, 0, 7, 4, 424, 'Barry nearly pots the yellow after potting a red', 'pot, nice pot, lucky', 'part-four', '2017-09-09 12:06:15', '2017-09-09 12:06:15', 274),
(1023, 'Mid session interval', 0, 0, 1, 1, 0, 7, 5, 425, 'Mid session interval', 'mid session, mid, session', 'part-five', '2017-09-09 13:07:58', '2017-09-09 13:07:58', 274),
(1024, 'Ronnie O\'Sullivan\'s interview', 0, 0, 1, 1, 0, 4, 11, 251, 'Ronnie O\'Sullivan\'s interview', 'interview', 'part-five', '2017-09-09 13:08:04', '2017-09-09 13:08:04', 274),
(1025, 'Frame 5 Barry Hawkins to break', 0, 0, 6, 6, 0, 0, 33, 33, 'Frame 5 Barry Hawkins to break', 'break, break-off, break off', 'part-six', '2017-09-09 13:24:31', '2017-09-09 13:24:31', 274),
(1026, 'Barry\'s safety shot goes wrong', 0, 2, 40, 160, 0, 3, 20, 200, 'Barry\'s safety shot goes wrong', 'safety, safety play, mistake', 'part-six', '2017-09-09 13:28:37', '2017-09-09 13:28:37', 274),
(1027, 'Ali needed to swerve the white', 0, 3, 20, 200, 0, 4, 5, 245, 'Ali needed to swerve the white to pot the red', 'swerve, bend the cue ball', 'part-six', '2017-09-09 13:30:13', '2017-09-09 13:30:13', 274),
(1028, 'Ali opens the reds and gets a bonus', 0, 5, 14, 314, 0, 6, 31, 391, 'Ali opens the reds and gets a bonus being on the pink', 'cannon, going into the pack, pack', 'part-six', '2017-09-09 13:35:31', '2017-09-09 13:35:31', 274),
(1029, 'Ali carter plays a good safety', 0, 7, 47, 467, 0, 8, 7, 487, 'Ali carter plays a good safety after running out of position', 'safety, safety play', 'part-six', '2017-09-09 13:58:46', '2017-09-09 13:58:46', 274),
(1030, 'Barry goes in of with the cue ball', 0, 8, 30, 510, 0, 8, 50, 530, 'Barry goes in of with the cue ball after playing a safety', 'safety, safety play, mistake, in off, scraatch', 'part-six', '2017-09-09 14:00:54', '2017-09-09 14:00:54', 274),
(1031, 'Excellent long pot from Ali', 0, 9, 46, 586, 0, 10, 4, 604, 'Excellent long pot from Ali', 'pot, nice pot, long pot, long', 'part-six', '2017-09-09 14:12:53', '2017-09-09 14:12:53', 274),
(1032, 'Lovely cannon from Ali', 0, 11, 33, 693, 0, 11, 46, 706, 'Lovely cannon from Ali', 'cannon', 'part-six', '2017-09-09 14:18:06', '2017-09-09 14:18:06', 274),
(1033, 'Barry Hawkins concedes frame', 0, 13, 25, 805, 0, 13, 47, 827, 'Barry Hawkins concedes frame', 'conceding frame, concedes', 'part-six', '2017-09-09 14:23:25', '2017-09-09 14:23:25', 274),
(1034, 'Frame 6 Ali Carter to break', 0, 0, 1, 1, 0, 0, 27, 27, 'Frame 6 Ali Carter to break', 'break, break-off, break off', 'part-seven', '2017-09-10 12:30:23', '2017-09-10 12:30:23', 274),
(1035, 'Ali pots the black and goes into the pack', 0, 3, 41, 221, 0, 4, 10, 250, 'Ali pots the black and goes into the pack', 'pot, nice pot, cannon, development, position', 'part-seven', '2017-09-10 12:34:39', '2017-09-10 12:34:39', 274),
(1036, 'Nice cannon onto the reds from Ali', 0, 9, 4, 544, 0, 9, 20, 560, 'Nice cannon onto the reds from Ali', 'cannon, going into the pack, pack', 'part-seven', '2017-09-10 18:09:10', '2017-09-10 18:09:10', 274),
(1037, 'Break of 130 from Ali Carter', 0, 2, 26, 146, 0, 13, 27, 807, 'Break of 130 from Ali Carter', 'century break, break', 'part-seven', '2017-09-10 18:17:10', '2017-09-10 18:17:10', 274),
(1038, 'Frame 7 Barry Hawkins to break', 0, 0, 24, 24, 0, 0, 48, 48, 'Frame 7 Barry Hawkins to break', 'break, break-off, break off', 'part-eight', '2017-09-10 18:51:11', '2017-09-10 18:51:11', 274),
(1039, 'Careless safety shot from Barry Hawkins', 0, 2, 41, 161, 0, 3, 0, 180, 'Careless safety shot from Barry Hawkins', 'safety, safety play, careless', 'part-eight', '2017-09-10 18:54:12', '2017-09-10 18:54:12', 274),
(1040, 'Awesome plant from Barry', 0, 3, 19, 199, 0, 4, 0, 240, 'Awesome plant from Barry', 'plant', 'part-eight', '2017-09-10 18:56:07', '2017-09-10 18:56:07', 274),
(1041, 'Ali misses a plant, but has a result', 0, 11, 47, 707, 0, 12, 23, 743, 'Ali misses a plant, but has a result', 'plant, reslut', 'part-eight', '2017-09-10 19:06:13', '2017-09-10 19:06:13', 274),
(1042, 'Thin safety from Barry', 0, 12, 50, 770, 0, 13, 10, 790, 'Thin safety from Barry', 'safety, safety play, thin', 'part-eight', '2017-09-10 19:07:37', '2017-09-10 19:07:37', 274),
(1043, 'Ali over-swerves his shot', 0, 13, 43, 823, 0, 14, 54, 894, 'Ali over-swerves his shot, but plays a excellent safety the second time', 'swerve, over swerve', 'part-eight', '2017-09-10 19:09:04', '2017-09-10 19:10:31', 274),
(1044, 'Barry concedes frame and shakes hands', 0, 21, 6, 1266, 0, 21, 34, 1294, 'Barry concedes frame and shakes hands with Ali', 'conceding frame, concedes, hand shake', 'part-eight', '2017-09-10 19:26:02', '2017-09-10 19:26:02', 274),
(1045, 'Match Stats', 0, 21, 40, 1300, 0, 22, 36, 1356, 'Match Stats', 'statistics, stats, match stats', 'part-eight', '2017-09-10 19:27:32', '2017-09-10 19:27:32', 274);

-- --------------------------------------------------------

--
-- Table structure for table `items_players`
--

CREATE TABLE `items_players` (
  `item_id` int(11) NOT NULL,
  `player_id` int(11) NOT NULL
) ENGINE=InnoDB DEFAULT CHARSET=utf8;

--
-- Dumping data for table `items_players`
--

INSERT INTO `items_players` (`item_id`, `player_id`) VALUES
(18, 40),
(19, 40),
(20, 40),
(21, 86),
(22, 10),
(22, 46),
(23, 22),
(24, 80),
(25, 22),
(25, 80),
(26, 22),
(26, 80),
(27, 80),
(28, 22),
(29, 22),
(29, 80),
(75, 78),
(362, 90),
(363, 90),
(364, 90),
(365, 90),
(366, 26),
(367, 90),
(368, 90),
(369, 26),
(373, 26),
(374, 90),
(375, 26),
(376, 90),
(377, 26),
(378, 78),
(380, 26),
(381, 90),
(382, 90),
(383, 26),
(384, 26),
(385, 90),
(386, 90),
(387, 26),
(388, 90),
(389, 90),
(390, 26),
(391, 26),
(392, 90),
(393, 90),
(394, 41),
(396, 9),
(396, 78),
(397, 78),
(398, 90),
(399, 26),
(400, 90),
(401, 41),
(401, 52),
(402, 41),
(403, 52),
(404, 41),
(405, 52),
(406, 41),
(407, 49),
(407, 88),
(409, 78),
(409, 90),
(411, 78),
(413, 78),
(414, 90),
(415, 86),
(417, 78),
(418, 90),
(419, 78),
(420, 90),
(421, 90),
(422, 90),
(423, 90),
(424, 90),
(425, 90),
(426, 78),
(427, 90),
(428, 90),
(429, 37),
(429, 78),
(430, 78),
(431, 90),
(432, 41),
(432, 88),
(433, 78),
(434, 90),
(435, 90),
(436, 90),
(437, 90),
(438, 78),
(439, 78),
(440, 90),
(441, 90),
(442, 78),
(443, 78),
(444, 90),
(445, 90),
(446, 78),
(447, 78),
(448, 78),
(449, 78),
(450, 41),
(451, 88),
(452, 41),
(452, 88),
(454, 41),
(454, 88),
(460, 41),
(461, 88),
(463, 88),
(464, 41),
(465, 88),
(467, 41),
(468, 88),
(469, 41),
(470, 41),
(472, 88),
(473, 41),
(474, 41),
(476, 78),
(476, 90),
(477, 78),
(478, 90),
(479, 78),
(480, 90),
(481, 41),
(482, 41),
(483, 88),
(484, 41),
(486, 88),
(487, 41),
(488, 41),
(490, 41),
(491, 88),
(492, 41),
(493, 41),
(494, 88),
(496, 88),
(497, 41),
(498, 41),
(499, 88),
(500, 88),
(501, 88),
(504, 41),
(505, 88),
(506, 41),
(507, 41),
(508, 41),
(509, 41),
(511, 88),
(512, 41),
(513, 41),
(514, 41),
(517, 41),
(517, 78),
(522, 41),
(523, 78),
(524, 78),
(525, 41),
(526, 41),
(527, 78),
(528, 78),
(530, 78),
(531, 41),
(532, 41),
(533, 41),
(534, 41),
(535, 41),
(536, 78),
(538, 78),
(539, 41),
(540, 41),
(541, 78),
(542, 41),
(543, 78),
(545, 41),
(546, 78),
(547, 78),
(548, 78),
(549, 78),
(551, 78),
(552, 41),
(553, 41),
(555, 41),
(556, 78),
(557, 41),
(559, 78),
(560, 41),
(561, 78),
(562, 78),
(563, 41),
(564, 78),
(566, 78),
(571, 41),
(571, 78),
(572, 41),
(573, 41),
(574, 78),
(576, 78),
(577, 41),
(578, 41),
(579, 78),
(580, 78),
(581, 78),
(583, 41),
(584, 41),
(585, 41),
(586, 41),
(588, 78),
(589, 78),
(590, 78),
(592, 5),
(595, 89),
(597, 41),
(598, 78),
(599, 78),
(600, 41),
(602, 78),
(603, 41),
(604, 78),
(605, 41),
(607, 41),
(608, 41),
(609, 41),
(611, 78),
(612, 41),
(614, 41),
(614, 89),
(615, 41),
(616, 41),
(617, 41),
(618, 41),
(620, 78),
(621, 78),
(622, 78),
(623, 78),
(624, 41),
(627, 41),
(627, 78),
(628, 41),
(628, 78),
(629, 78),
(630, 78),
(631, 41),
(632, 41),
(632, 78),
(633, 78),
(634, 41),
(635, 78),
(637, 41),
(638, 78),
(643, 22),
(643, 41),
(643, 51),
(643, 55),
(643, 66),
(643, 73),
(643, 78),
(643, 84),
(643, 88),
(643, 90),
(648, 55),
(648, 84),
(649, 55),
(649, 84),
(650, 55),
(651, 84),
(652, 55),
(652, 84),
(653, 84),
(654, 55),
(655, 55),
(655, 84),
(656, 55),
(657, 55),
(658, 84),
(659, 55),
(660, 55),
(662, 84),
(663, 55),
(664, 84),
(665, 84),
(666, 84),
(667, 84),
(668, 84),
(669, 84),
(671, 55),
(672, 84),
(673, 55),
(674, 84),
(675, 84),
(676, 84),
(677, 84),
(678, 84),
(679, 84),
(680, 84),
(682, 42),
(685, 55),
(686, 84),
(687, 84),
(688, 55),
(689, 55),
(690, 84),
(691, 84),
(693, 55),
(694, 55),
(695, 55),
(696, 84),
(697, 55),
(698, 55),
(700, 55),
(701, 84),
(702, 55),
(703, 84),
(704, 55),
(706, 84),
(707, 55),
(708, 55),
(709, 55),
(711, 55),
(712, 84),
(713, 55),
(714, 84),
(715, 84),
(716, 55),
(717, 84),
(718, 55),
(719, 55),
(720, 84),
(721, 49),
(721, 90),
(722, 49),
(722, 90),
(723, 90),
(724, 49),
(725, 49),
(726, 49),
(727, 90),
(728, 90),
(729, 49),
(730, 49),
(731, 90),
(732, 90),
(733, 90),
(734, 49),
(735, 49),
(736, 90),
(737, 49),
(738, 49),
(739, 49),
(739, 90),
(740, 90),
(741, 49),
(742, 90),
(743, 49),
(744, 49),
(745, 49),
(746, 49),
(747, 49),
(749, 90),
(750, 49),
(751, 49),
(752, 90),
(753, 49),
(754, 49),
(755, 49),
(756, 49),
(757, 90),
(758, 49),
(759, 90),
(760, 49),
(760, 90),
(761, 90),
(762, 90),
(763, 90),
(764, 90),
(765, 49),
(766, 49),
(767, 49),
(768, 49),
(769, 49),
(770, 49),
(770, 101),
(771, 49),
(772, 49),
(773, 49),
(773, 90),
(775, 55),
(775, 84),
(777, 49),
(778, 90),
(779, 49),
(780, 90),
(781, 90),
(782, 49),
(783, 41),
(785, 41),
(786, 88),
(787, 42),
(787, 89),
(788, 41),
(788, 88),
(789, 41),
(789, 88),
(790, 41),
(791, 41),
(792, 41),
(793, 41),
(795, 88),
(796, 41),
(799, 41),
(800, 41),
(801, 41),
(802, 88),
(803, 88),
(804, 41),
(804, 88),
(805, 41),
(805, 88),
(806, 88),
(807, 88),
(808, 88),
(809, 88),
(810, 41),
(811, 88),
(812, 41),
(813, 88),
(816, 49),
(817, 41),
(818, 41),
(819, 41),
(820, 41),
(822, 88),
(823, 88),
(824, 88),
(825, 88),
(827, 41),
(828, 88),
(829, 41),
(830, 41),
(831, 41),
(833, 88),
(834, 88),
(835, 88),
(836, 41),
(837, 88),
(838, 41),
(839, 41),
(841, 41),
(842, 88),
(843, 88),
(844, 41),
(845, 88),
(846, 41),
(847, 88),
(848, 88),
(849, 41),
(850, 88),
(851, 49),
(851, 90),
(852, 49),
(853, 49),
(854, 49),
(855, 49),
(856, 49),
(857, 90),
(858, 90),
(859, 90),
(860, 49),
(861, 90),
(863, 75),
(864, 66),
(865, 75),
(866, 75),
(867, 75),
(868, 66),
(869, 75),
(870, 66),
(871, 75),
(872, 75),
(873, 66),
(874, 66),
(874, 75),
(875, 66),
(877, 75),
(878, 75),
(879, 66),
(880, 75),
(881, 66),
(882, 66),
(883, 66),
(884, 66),
(885, 75),
(886, 66),
(887, 66),
(888, 75),
(889, 66),
(890, 75),
(891, 66),
(892, 75),
(893, 66),
(894, 75),
(895, 66),
(896, 66),
(897, 66),
(898, 66),
(899, 66),
(900, 66),
(900, 75),
(903, 73),
(904, 73),
(904, 78),
(905, 73),
(905, 78),
(906, 73),
(906, 78),
(907, 78),
(908, 73),
(909, 78),
(910, 78),
(912, 73),
(913, 73),
(914, 78),
(915, 78),
(916, 78),
(917, 73),
(919, 78),
(920, 78),
(921, 73),
(922, 78),
(923, 78),
(924, 73),
(925, 78),
(926, 73),
(927, 73),
(929, 73),
(930, 73),
(931, 78),
(932, 78),
(933, 78),
(935, 36),
(938, 78),
(939, 73),
(940, 78),
(941, 78),
(943, 73),
(944, 78),
(945, 78),
(946, 78),
(947, 78),
(948, 78),
(949, 78),
(949, 86),
(951, 78),
(952, 78),
(953, 73),
(954, 73),
(955, 73),
(956, 73),
(957, 73),
(958, 73),
(959, 73),
(960, 73),
(960, 78),
(961, 78),
(962, 78),
(963, 73),
(964, 78),
(966, 78),
(967, 78),
(968, 78),
(969, 73),
(970, 78),
(971, 78),
(972, 73),
(974, 73),
(975, 78),
(976, 73),
(976, 78),
(977, 78),
(978, 78),
(979, 78),
(980, 78),
(981, 5),
(981, 10),
(982, 5),
(982, 10),
(983, 5),
(983, 10),
(984, 10),
(985, 5),
(986, 5),
(987, 10),
(988, 10),
(989, 5),
(990, 5),
(991, 5),
(992, 5),
(993, 5),
(994, 10),
(995, 10),
(996, 5),
(997, 10),
(998, 10),
(999, 5),
(1000, 10),
(1001, 5),
(1002, 5),
(1003, 5),
(1004, 5),
(1005, 10),
(1006, 5),
(1007, 10),
(1008, 10),
(1009, 5),
(1010, 5),
(1011, 10),
(1012, 10),
(1013, 10),
(1014, 5),
(1015, 5),
(1016, 10),
(1017, 5),
(1017, 10),
(1018, 5),
(1019, 10),
(1020, 5),
(1020, 10),
(1021, 5),
(1022, 10),
(1024, 78),
(1025, 10),
(1026, 10),
(1027, 5),
(1028, 5),
(1029, 5),
(1030, 10),
(1031, 5),
(1032, 5),
(1033, 10),
(1034, 5),
(1035, 5),
(1036, 5),
(1037, 5),
(1038, 10),
(1039, 10),
(1040, 10),
(1041, 5),
(1042, 10),
(1043, 5),
(1044, 5),
(1045, 5),
(1045, 10);

-- --------------------------------------------------------

--
-- Table structure for table `matches`
--

CREATE TABLE `matches` (
  `match_id` int(11) NOT NULL,
  `match_title` varchar(45) NOT NULL,
  `match_player_one_firstname` varchar(45) NOT NULL,
  `match_player_one_surname` varchar(45) NOT NULL,
  `match_player_two_firstname` varchar(45) NOT NULL,
  `match_player_two_surname` varchar(45) NOT NULL,
  `match_created` timestamp NOT NULL DEFAULT CURRENT_TIMESTAMP,
  `user_id` bigint(11) NOT NULL
) ENGINE=InnoDB DEFAULT CHARSET=utf8;

-- --------------------------------------------------------

--
-- Table structure for table `players`
--

CREATE TABLE `players` (
  `player_id` int(11) NOT NULL,
  `player_slug` varchar(255) NOT NULL,
  `player_route` varchar(255) NOT NULL,
  `player_firstname` varchar(45) NOT NULL,
  `player_surname` varchar(45) NOT NULL,
  `player_birthDate` date NOT NULL,
  `player_turnedPro` year(4) NOT NULL,
  `player_nickname` varchar(45) NOT NULL,
  `player_nationality` varchar(45) NOT NULL,
  `player_flag` varchar(255) DEFAULT NULL,
  `player_highestBreak` varchar(45) NOT NULL,
  `player_highestRanking` int(11) NOT NULL,
  `player_centuryBreaks` int(11) NOT NULL,
  `player_careerWinnings` varchar(55) NOT NULL,
  `player_worldChampion` varchar(45) NOT NULL,
  `player_image` varchar(255) DEFAULT NULL,
  `player_imageSrc` varchar(255) NOT NULL,
  `player_category` varchar(45) DEFAULT NULL,
  `player_location` varchar(45) NOT NULL
) ENGINE=InnoDB DEFAULT CHARSET=utf8;

--
-- Dumping data for table `players`
--

INSERT INTO `players` (`player_id`, `player_slug`, `player_route`, `player_firstname`, `player_surname`, `player_birthDate`, `player_turnedPro`, `player_nickname`, `player_nationality`, `player_flag`, `player_highestBreak`, `player_highestRanking`, `player_centuryBreaks`, `player_careerWinnings`, `player_worldChampion`, `player_image`, `player_imageSrc`, `player_category`, `player_location`) VALUES
(1, 'adam-duffy', 'Router::connect(\"/players/adam-duffy\", array(\"controller\" => \"players\", \"action\" => \"view\", 1));', 'Adam', 'Duffy', '1989-03-30', 2011, '-', 'England', 'flags/England.png', '139', 58, 21, '53,717', '-', 'players/Adam_Duffy.jpg', 'http://www.worldsnooker.com/players/adam-duffy/', 'Others', ''),
(2, 'aditya-mehta', 'Router::connect(\"/players/aditya-mehta\", array(\"controller\" => \"players\", \"action\" => \"view\", 2));', 'Aditya', 'Mehta', '1985-10-31', 2004, '-', 'India', 'flags/India.png', '140', 49, 1, '0', '-', 'players/Aditya_Mehta.jpg', 'https://en.wikipedia.org/wiki/Aditya_Mehta', 'Others', ''),
(3, 'alan-mcmanus', 'Router::connect(\"/players/alan-mcmanus\", array(\"controller\" => \"players\", \"action\" => \"view\", 3));', 'Alan', 'McManus', '1971-01-21', 1990, 'Angles', 'Scotland', 'flags/Scotland.png', '143', 6, 195, '2,405,698', '-', 'players/Allan_McManus.jpg', 'http://www.inside-snooker.com/snooker/2014/4/25/mcmanus-pegged-back-by-doherty', 'Top32', ''),
(4, 'alfie-burden', 'Router::connect(\"/players/alfie-burden\", array(\"controller\" => \"players\", \"action\" => \"view\", 4));', 'Alfie', 'Burden', '1976-12-14', 1994, '-', 'England', 'flags/England.png', '143', 38, 91, '343,608', '-', 'players/Alfie_Burden.jpg', 'https://commons.wikimedia.org/wiki/File:Alfie_Burden_and_Thorsten_M%C3%BCller_at_Snooker_German_Masters_(DerHexer)_2015-02-05_01.jpg#/media/File:Alfie_Burden_and_Thorsten_M%C3%BCller_at_Snooker_German_Masters_(DerHexer)_2015-02-05_01.jpg', 'Top64', ''),
(5, 'ali-carter', 'Router::connect(\"/players/ali-carter\", array(\"controller\" => \"players\", \"action\" => \"view\", 5));', 'Ali', 'Carter', '1979-07-25', 1996, 'The Captain', 'England', 'flags/England.png', '147', 2, 192, '1,607,624', 'Runner Up 2008 and 2012', 'players/Ali_Carter.jpg', 'http://www.wikiwand.com/nl/Ali_Carter', 'Top32', ''),
(6, 'andrew-higginson', 'Router::connect(\"/players/andrew-higginson\", array(\"controller\" => \"players\", \"action\" => \"view\", 6));', 'Andrew', 'Higginson', '1977-12-13', 1995, 'Widnes Warrior', 'England', 'flags/England.png', '147', 18, 97, '473.351', '-', 'players/Andrew_Higginson.jpg', 'https://nl.wikipedia.org/wiki/Andrew_Higginson', 'Top64', ''),
(7, 'andrew-norman', 'Router::connect(\"/players/andrew-norman\", array(\"controller\" => \"players\", \"action\" => \"view\", 7));', 'Andrew', 'Norman', '1980-06-27', 2001, '-', 'England', 'flags/England.png', '133', 42, 27, '121,043', '-', 'players/Andrew_Norman.jpg', 'https://twitter.com/swsa_andrew', 'Others', ''),
(8, 'anthony-hamilton', 'Router::connect(\"/players/anthony-hamilton\", array(\"controller\" => \"players\", \"action\" => \"view\", 8));', 'Anthony', 'Hamilton', '1971-06-29', 1991, 'The Robin Hood Of Snooker', 'England', 'flags/England.png', '145', 10, 226, '1,128,956', '-', 'players/Anthony_Hamilton.jpg', 'https://en.wikipedia.org/wiki/Anthony_Hamilton_(snooker_player)', 'Top64', ''),
(9, 'anthony-mcgill', 'Router::connect(\"/players/anthony-mcgill\", array(\"controller\" => \"players\", \"action\" => \"view\", 9));', 'Anthony', 'McGill', '1991-02-05', 2010, '-', 'Scotland', 'flags/Scotland.png', '142', 40, 62, '219,020', '-', 'players/Anthony_McGill.jpg', 'https://en.wikipedia.org/wiki/Anthony_McGill_(snooker_player)', 'Top64', ''),
(10, 'barry-hawkins', 'Router::connect(\"/players/barry-hawkins\", array(\"controller\" => \"players\", \"action\" => \"view\", 10));', 'Barry', 'Hawkins', '1979-04-23', 1996, 'The Hawk', 'England', 'flags/England.png', '147', 4, 166, '1,133,153', 'Runner Up 2013', 'players/Barry_Hawkins.jpg', 'https://commons.wikimedia.org/wiki/File:Barry_Hawkins_at_Snooker_German_Masters_(DerHexer)_2013-02-02_08.jpg', 'Top32', ''),
(11, 'barry-pinches', 'Router::connect(\"/players/barry-pinches\", array(\"controller\" => \"players\", \"action\" => \"view\", 11));', 'Barry', 'Pinches', '1970-07-13', 1989, 'The Canarian', 'England', 'flags/England.png', '147', 18, 139, '457,293', '-', 'players/Barry_Pinches.jpg', 'http://www.worldsnooker.com/the-longest-frame/', 'Others', ''),
(12, 'ben-woollaston', 'Router::connect(\"/players/ben-woollaston\", array(\"controller\" => \"players\", \"action\" => \"view\", 12));', 'Ben', 'Woollaston', '1987-05-14', 2003, '-', 'England', 'flags/England.png', '145', 27, 57, '255,907', '-', 'players/Ben_Woollaston.jpg', 'http://www.wikiwand.com/th/%E0%B9%80%E0%B8%9A%E0%B8%99_%E0%B8%A7%E0%B8%B9%E0%B8%A5%E0%B8%A5%E0%B8%B2%E0%B8%AA%E0%B8%95%E0%B8%B1%E0%B8%99', 'Top64', ''),
(13, 'cao-yupeng', 'Router::connect(\"/players/cao-yupeng\", array(\"controller\" => \"players\", \"action\" => \"view\", 13));', 'Cao', 'Yupeng', '1990-10-27', 2011, '-', 'China', 'flags/China.png', '143', 42, 32, '124,274', '-', 'players/Cao_Yupeng.jpg', 'http://www.zimbio.com/photos/Cao+Yupeng/Betfred+com+World+Snooker+Championship/Ra6H4EewxNL', 'Top64', ''),
(14, 'chen-zhe', 'Router::connect(\"/players/chen-zhe\", array(\"controller\" => \"players\", \"action\" => \"view\", 14));', 'Chen', 'Zhe', '1993-02-28', 2012, 'Sleepy', 'China', 'flags/China.png', '140', 66, 13, '23,688', '-', 'players/Chen_Zhe.jpg', 'http://elitesnooker.com/threads/581/', 'Others', ''),
(15, 'craig-steadman', 'Router::connect(\"/players/craig-steadman\", array(\"controller\" => \"players\", \"action\" => \"view\", 15));', 'Craig', 'Steadman', '1982-07-14', 2001, '-', 'Wales', 'flags/Wales.png', '143', 69, 45, '92,363', '-', 'players/Craig_Steadman.jpg', 'http://www.thesun.co.uk/sol/homepage/sport/6416306/Slow-n-Steady-14-year-wait-for-Crucible-is-over-fro-Craig.html', 'Others', ''),
(16, 'daniel-wells', 'Router::connect(\"/players/daniel-wells\", array(\"controller\" => \"players\", \"action\" => \"view\", 16));', 'Daniel', 'Wells', '1988-07-31', 2008, '-', 'Wales', 'flags/Wales.png', '136', 70, 43, '38,247', '-', 'players/Daniel_Wells.jpg', 'https://commons.wikimedia.org/wiki/File:Daniel_Wells_at_Snooker_German_Masters_(DerHexer)_2013-01-30_02.jpg#/media/File:Daniel_Wells_at_Snooker_German_Masters_(DerHexer)_2013-01-30_02.jpg', 'Others', ''),
(17, 'dave-harold', 'Router::connect(\"/players/dave-harold\", array(\"controller\" => \"players\", \"action\" => \"view\", 17));', 'Dave', 'Harold', '1966-12-15', 1991, 'The Stoke Potter', 'England', 'flags/England.png', '143', 11, 143, '1,093,882', '-', 'players/Dave_Harold.jpg', 'http://www.dailystar.co.uk/news/latest-news/440199/Dave-Harold-snooker-ace-quits-eye-condition', 'Others', ''),
(18, 'david -gilbert', 'Router::connect(\"/players/david -gilbert\", array(\"controller\" => \"players\", \"action\" => \"view\", 18));', 'David ', 'Gilbert', '1981-06-12', 1999, '-', 'England', 'flags/England.png', '147', 31, 145, '393,106', '-', 'players/David_Gilbert.jpg', 'http://www.worldsnooker.com/players/david-gilbert/', 'Top64', ''),
(19, 'david-grace', 'Router::connect(\"/players/david-grace\", array(\"controller\" => \"players\", \"action\" => \"view\", 19));', 'David', 'Grace', '1999-05-05', 2008, 'Amazing Grace', 'England', 'flags/England.png', '139', 63, 28, '13,090', '-', 'players/David_Grace.jpg', 'http://www.dailystar.co.uk/sport/other-sports/479002/David-Grace-Peter-Ebdon-Snooker-Betway-UK-Championship', 'Others', ''),
(20, 'david-morris', 'Router::connect(\"/players/david-morris\", array(\"controller\" => \"players\", \"action\" => \"view\", 20));', 'David', 'Morris', '1999-11-27', 2006, '-', 'Ireland', 'flags/Ireland.png', '141', 55, 1, '132,351', '-', 'players/David_Morris.jpg', 'https://commons.wikimedia.org/wiki/File:David_Morris_at_Snooker_German_Masters_(Martin_Rulsch)_2014-01-29_01.jpg', 'Others', ''),
(21, 'dechawat-poomjaeng', 'Router::connect(\"/players/dechawat-poomjaeng\", array(\"controller\" => \"players\", \"action\" => \"view\", 21));', 'Dechawat', 'Poomjaeng', '1978-07-11', 2011, '-', 'Thailand', 'flags/Thailand.png', '147', 47, 9, '128,834', '-', 'players/Dechawat_Poomjaeng.jpg', 'https://commons.wikimedia.org/wiki/File:Dechawat_Poomjaeng_at_Snooker_German_Masters_(Martin_Rulsch)_2014-01-30_03.jpg', 'Top64', ''),
(22, 'ding-junhui', 'Router::connect(\"/players/ding-junhui\", array(\"controller\" => \"players\", \"action\" => \"view\", 22));', 'Ding', 'Junhui', '1987-04-01', 2003, 'Enter The Dragon', 'China', 'flags/China.png', '147 (5 times)', 2, 362, '2,141,301', '-', 'players/Ding_Junhui.jpg', 'https://en.wikipedia.org/wiki/Ding_Junhui#/media/File:Ding_Junhui_at_Snooker_German_Masters_(DerHexer)_2013-01-30_07.jpg', 'Top32', ''),
(23, 'dominic-dale', 'Router::connect(\"/players/dominic-dale\", array(\"controller\" => \"players\", \"action\" => \"view\", 23));', 'Dominic', 'Dale', '1971-12-29', 1992, 'The Spaceman', 'Wales', 'flags/Wales.png', '145', 19, 151, '1,022,447', '-', 'players/Dominic_Dale.jpg', 'https://en.wikipedia.org/wiki/Dominic_Dale#/media/File:Dominic_Dale_at_Snooker_German_Masters_(DerHexer)_2013-01-30_03.jpg', 'Top32', ''),
(24, 'fergal-obrien', 'Router::connect(\"/players/fergal-obrien\", array(\"controller\" => \"players\", \"action\" => \"view\", 24));', 'Fergal', 'O\'Brien', '1972-03-08', 1991, 'The Baby-Faced Assassin', 'Ireland', 'flags/Ireland.png', '143', 9, 157, '1,171,589', '-', 'players/Fergal_O_Brien.jpg', 'https://commons.wikimedia.org/wiki/File:Fergal_O%E2%80%99Brien,_Gdynia_Open_2014.JPG', 'Top32', ''),
(25, 'gerard-greene', 'Router::connect(\"/players/gerard-greene\", array(\"controller\" => \"players\", \"action\" => \"view\", 25));', 'Gerard', 'Greene', '1973-11-12', 1993, '-', 'Northern Ireland', '/img/flags/NorthernIreland.png', '143', 26, 86, '627,073', '-', 'players/Gerard_Greene.jpg', 'https://en.wikipedia.org/wiki/Gerard_Greene#/media/File:Gerard_Greene_at_Snooker_German_Masters_(Martin_Rulsch)_2014-01-29_01.jpg', 'Top64', ''),
(26, 'graeme-dott', 'Router::connect(\"/players/graeme-dott\", array(\"controller\" => \"players\", \"action\" => \"view\", 26));', 'Graeme', 'Dott', '1977-05-12', 1994, 'The Pocket Dynamo', 'Scotland', 'flags/Scotland.png', '147', 2, 157, '1,972,350', '2006', 'players/Graeme_Dott.jpg', 'http://www.dailyrecord.co.uk/sport/other-sports/snooker/scots-snooker-ace-graeme-dott-3415206', 'World Champions', ''),
(27, 'hossein-vafaei', 'Router::connect(\"/players/hossein-vafaei\", array(\"controller\" => \"players\", \"action\" => \"view\", 27));', 'Hossein', 'Vafaei', '1994-11-04', 2012, '-', 'Iran', '/img/flags/Iran.png', '147', 96, 4, '14,262', '-', 'players/Hossein_Vafaei.jpg', 'http://www.worldsnooker.com/players/hossein-vafaei-ayouri/', 'Others', ''),
(28, 'ian-burns', 'Router::connect(\"/players/ian-burns\", array(\"controller\" => \"players\", \"action\" => \"view\", 28));', 'Ian', 'Burns', '1985-03-11', 2012, '-', 'England', 'flags/England.png', '136', 67, 17, '62,239', '-', 'players/Ian_Burns.jpg', 'https://en.wikipedia.org/wiki/Ian_Burns_(snooker_player)#/media/File:Ian_Burns_PHC_2012-2.jpg', 'Others', ''),
(29, 'jack-lisowski', 'Router::connect(\"/players/jack-lisowski\", array(\"controller\" => \"players\", \"action\" => \"view\", 29));', 'Jack', 'Lisowski', '1991-06-25', 2010, 'Jackpot', 'England', 'flags/England.png', '147', 34, 70, '209,084', '-', 'players/Jack_Lisowski.jpg', 'https://commons.wikimedia.org/wiki/File:Jack_Lisowski_at_Snooker_German_Masters_(Martin_Rulsch)_2014-01-29_06.jpg#/media/File:Jack_Lisowski_at_Snooker_German_Masters_(Martin_Rulsch)_2014-01-29_06.jpg', 'Top64', ''),
(30, 'james-wattana', 'Router::connect(\"/players/james-wattana\", array(\"controller\" => \"players\", \"action\" => \"view\", 30));', 'James', 'Wattana', '1970-01-17', 1989, 'The Thai-Poon', 'Thailand', 'flags/Thailand.png', '147 (3 times)', 3, 159, '1,690,278', '-', 'players/James_Wattana.jpg', 'https://en.wikipedia.org/wiki/James_Wattana#/media/File:James_Wattana_at_Snooker_German_Masters_(DerHexer)_2013-01-30_13.jpg', 'Past Players', ''),
(31, 'jamie-burnett', 'Router::connect(\"/players/jamie-burnett\", array(\"controller\" => \"players\", \"action\" => \"view\", 31));', 'Jamie', 'Burnett', '1975-11-16', 1992, '-', 'Scotland', 'flags/Scotland.png', '148', 27, 127, '624,974', '-', 'players/Jamie_Burnett.jpg', 'https://en.wikipedia.org/wiki/Jamie_Burnett#/media/File:Jamie_Burnett_at_Snooker_German_Masters_(Martin_Rulsch)_2014-01-29_02.jpg', 'Top64', ''),
(32, 'jamie-cope', 'Router::connect(\"/players/jamie-cope\", array(\"controller\" => \"players\", \"action\" => \"view\", 32));', 'Jamie', 'Cope', '1985-11-12', 2002, 'The Shotgun', 'England', 'flags/England.png', '147 (3 times)', 13, 150, '577,021', '-', 'players/Jamie_Cope.jpg', 'https://en.wikipedia.org/wiki/Jamie_Cope#/media/File:Jamie_Cope_PHC_2012-1.jpg', 'Top64', ''),
(33, 'jamie-jones', 'Router::connect(\"/players/jamie-jones\", array(\"controller\" => \"players\", \"action\" => \"view\", 33));', 'Jamie', 'Jones', '1988-02-14', 2006, 'The Cimla Quiff/The Welsh Warrior', 'Wales', 'flags/Wales.png', '143', 29, 65, '257,668', '-', 'players/Jamie_Jones.jpg', 'http://www.worldsnooker.com/players/jamie-jones/', 'Top32', ''),
(34, 'jamie-oneill', 'Router::connect(\"/players/jamie-oneill\", array(\"controller\" => \"players\", \"action\" => \"view\", 34));', 'Jamie', 'O\'Neill', '1986-08-19', 2003, '-', 'England', 'flags/England.png', '133', 80, 1, '27,897', '-', 'players/Jamie_ONeill.jpg', 'http://news.xinhuanet.com/english/photo/2013-12/01/c_132931716_4.htm', 'Others', ''),
(35, 'jimmy-robertson', 'Router::connect(\"/players/jimmy-robertson\", array(\"controller\" => \"players\", \"action\" => \"view\", 35));', 'Jimmy', 'Robertson', '1986-05-03', 2002, 'Robbo', 'England', 'flags/England.png', '142', 45, 55, '191,057', '-', 'players/Jimmy_Robertson.jpg', 'https://commons.wikimedia.org/wiki/File:Jimmy_Robertson_at_Snooker_German_Masters_(Martin_Rulsch)_2014-01-29_04.jpg#/media/File:Jimmy_Robertson_at_Snooker_German_Masters_(Martin_Rulsch)_2014-01-29_04.jpg', 'Top64', ''),
(36, 'jimmy-white', 'Router::connect(\"/players/jimmy-white\", array(\"controller\" => \"players\", \"action\" => \"view\", 36));', 'Jimmy', 'White', '1962-05-02', 1980, 'The Whirlwind', 'England', 'flags/England.png', '147', 2, 318, '4,685,403', '6 Times Runner Up', 'players/Jimmy_White.jpg', 'https://en.wikipedia.org/wiki/Jimmy_White#/media/File:Jimmy_White_at_Snooker_German_Masters_(DerHexer)_2013-01-30_02.jpg', 'Top64', ''),
(37, 'joe-perry', 'Router::connect(\"/players/joe-perry\", array(\"controller\" => \"players\", \"action\" => \"view\", 37));', 'Joe', 'Perry', '1974-08-13', 1991, 'The Fen Potter', 'England', 'flags/England.png', '145', 12, 183, '1,270,171', '-', 'players/Joe_Perry.jpg', 'https://en.wikipedia.org/wiki/Joe_Perry_(snooker_player)#/media/File:Joe_Perry_at_Snooker_German_Masters_(Martin_Rulsch)_2014-01-29_07.jpg', 'Top32', ''),
(38, 'joe-swail', 'Router::connect(\"/players/joe-swail\", array(\"controller\" => \"players\", \"action\" => \"view\", 38));', 'Joe', 'Swail', '1969-08-29', 1991, 'The Outlaw', 'Ireland', 'flags/Ireland.png', '142', 10, 105, '1,196,249', '-', 'players/Joe_Swail.jpg', 'http://www.irishmirror.ie/sport/other-sport/snooker/joe-swail-puts-bad-times-1761349', 'Others', ''),
(39, 'joel-walker', 'Router::connect(\"/players/joel-walker\", array(\"controller\" => \"players\", \"action\" => \"view\", 39));', 'Joel', 'Walker', '1994-03-16', 2012, '-', 'England', 'flags/England.png', '128', 80, 18, '50,877', '-', 'players/Joel_Walker.jpg', 'https://commons.wikimedia.org/wiki/File:Joel_Walker_at_Snooker_German_Masters_(Martin_Rulsch)_2014-01-30_04.jpg#/media/File:Joel_Walker_at_Snooker_German_Masters_(Martin_Rulsch)_2014-01-30_04.jpg', 'Others', ''),
(40, 'john-higgins', 'Router::connect(\"/players/john-higgins\", array(\"controller\" => \"players\", \"action\" => \"view\", 40));', 'John', 'Higgins', '1975-05-18', 1992, 'The Wizard Of Wishaw', 'Scotland', 'flags/Scotland.png', '147 (7 times)', 1, 556, '5,962,885', '1998, 2007, 2009, 2011', 'players/John_Higgins.jpg', 'http://www.bettingpro.com.au/category/snooker/players-championship-grand-finals-schedule-of-play-march-25-201403250008/', 'World Champions', ''),
(41, 'judd-trump', 'Router::connect(\"/players/judd-trump\", array(\"controller\" => \"players\", \"action\" => \"view\", 41));', 'Judd', 'Trump', '1989-08-20', 2005, 'The Ace In The Pack', 'England', 'flags/England.png', '147', 1, 267, '1,699,514', '-', 'players/Judd_Trump.jpg', 'http://www.mirror.co.uk/sport/other-sports/snooker/judd-trump-says-absent-ronnie-3231878', 'Top32', ''),
(42, 'ken-doherty', 'Router::connect(\"/players/ken-doherty\", array(\"controller\" => \"players\", \"action\" => \"view\", 42));', 'Ken', 'Doherty', '1969-11-17', 1990, 'The Darlin\' Of Dublin', 'Ireland', 'flags/Ireland.png', '147', 2, 315, '3,511,843', '1997', 'players/Ken_Doherty.jpg', 'http://www.yoursportswindon.co.uk/bid-for-your-chance-to-play-crafty-ken/', 'World Champions', ''),
(43, 'kurt-maflin', 'Router::connect(\"/players/kurt-maflin\", array(\"controller\" => \"players\", \"action\" => \"view\", 43));', 'Kurt', 'Maflin', '1983-08-08', 2000, '-', 'Norway', 'flags/Norway.png', '147 (2 times)', 34, 96, '-', '-', 'players/Kurt_Maflin.jpg', 'https://commons.wikimedia.org/wiki/File:Kurt_Maflin_at_Snooker_German_Masters_(Martin_Rulsch)_2014-01-30_02.jpg#/media/File:Kurt_Maflin_at_Snooker_German_Masters_(Martin_Rulsch)_2014-01-30_02.jpg', 'Top64', ''),
(44, 'li-yan', 'Router::connect(\"/players/li-yan\", array(\"controller\" => \"players\", \"action\" => \"view\", 44));', 'Li', 'Yan', '1992-11-17', 2011, '-', 'China', 'flags/China.png', '132', 64, 8, '39,132', '-', 'players/Li_Yan.jpg', 'http://maximumsnooker.com/world_snooker_q_school_returns_in_may_2012.htm', 'Others', ''),
(45, 'liam-highfield', 'Router::connect(\"/players/liam-highfield\", array(\"controller\" => \"players\", \"action\" => \"view\", 45));', 'Liam', 'Highfield', '1990-12-01', 2010, '-', 'England', 'flags/England.png', '138', 63, 38, '86,774', '-', 'players/Liam_Highfield.jpg', 'http://www.worldsnooker.com/players/liam-highfield/', 'Others', ''),
(46, 'liang-wenbo', 'Router::connect(\"/players/liang-wenbo\", array(\"controller\" => \"players\", \"action\" => \"view\", 46));', 'Liang', 'Wenbo', '1987-03-05', 2004, 'The Fearless', 'China', 'flags/China.png', '147', 15, 151, '552,013', '-', 'players/Liang_Wenbo.jpg', 'http://en.espn.co.uk/snooker/sport/story/261491.html', 'Top32', ''),
(47, 'liu-chuang', 'Router::connect(\"/players/liu-chuang\", array(\"controller\" => \"players\", \"action\" => \"view\", 47));', 'Liu', 'Chuang', '1990-06-06', 2007, '-', 'China', 'flags/China.png', '139', 47, 43, '99,593', '-', 'players/Liu_Chuang.jpg', 'https://commons.wikimedia.org/wiki/File:Liu_Chuang_at_Snooker_German_Masters_(Martin_Rulsch)_2014-01-29_05.jpg#/media/File:Liu_Chuang_at_Snooker_German_Masters_(Martin_Rulsch)_2014-01-29_05.jpg', 'Others', ''),
(48, 'luca-brecel', 'Router::connect(\"/players/luca-brecel\", array(\"controller\" => \"players\", \"action\" => \"view\", 48));', 'Luca', 'Brecel', '1995-03-08', 2011, 'Belgian Bullet', 'Belgium', 'flags/Belgium.png', '147', 28, 48, '144,752', '-', 'players/Luca_Brecel.jpg', 'http://www.dailymail.co.uk/sport/othersports/article-2133519/World-Championship-2012-Luca-Brecel-youngest-Crucible-debutant-v-Stephen-Maguire.html', 'Top32', ''),
(49, 'marco-fu', 'Router::connect(\"/players/marco-fu\", array(\"controller\" => \"players\", \"action\" => \"view\", 49));', 'Marco', 'Fu', '1978-01-08', 1998, 'Full Of Eastern Promise', 'Hong Kong', 'flags/HongKong.png', '147 (2 times)', 6, 333, '1,716,864', '-', 'players/Marco_Fu.jpg', 'https://pt.wikipedia.org/wiki/Marco_Fu#/media/File:Marco_Fu_at_Snooker_German_Masters_(DerHexer)_2013-02-03_08.jpg', 'Top32', ''),
(50, 'marcus-campbell', 'Router::connect(\"/players/marcus-campbell\", array(\"controller\" => \"players\", \"action\" => \"view\", 50));', 'Marcus', 'Campbell', '1972-11-22', 1991, 'The Dumbarton Destroyer', 'Scotland', 'flags/Scotland.png', '147', 20, 59, '609,519', '-', 'players/Marcus_Campbell.jpg', 'http://welcometooncue.blogspot.be/2011_12_01_archive.html', 'Top64', ''),
(51, 'mark-allen', 'Router::connect(\"/players/mark-allen\", array(\"controller\" => \"players\", \"action\" => \"view\", 51));', 'Mark', 'Allen', '1986-02-22', 2003, 'The Pistal', 'Ireland', 'flags/NorthernIreland.png', '146', 6, 220, '1,418,660', '-', 'players/Mark_Allen.jpg', 'http://arangodwmaddock.blogspot.be/2010/10/mark-allen.html', 'Top32', ''),
(52, 'mark-davis', 'Router::connect(\"/players/mark-davis\", array(\"controller\" => \"players\", \"action\" => \"view\", 52));', 'Mark', 'Davis', '1972-08-12', 1991, 'The Battler From Hastings', 'England', 'flags/England.png', '143', 12, 186, '1,075,065', '-', 'players/Mark_Davis.jpg', 'http://www.worldsnooker.com/players/mark-davis/', 'Top32', ''),
(53, 'mark-joyce', 'Router::connect(\"/players/mark-joyce\", array(\"controller\" => \"players\", \"action\" => \"view\", 53));', 'Mark', 'Joyce', '1983-08-11', 2003, '-', 'England', 'flags/England.png', '143', 32, 49, '239,754', '-', 'players/Mark_Joyce.jpg', 'https://commons.wikimedia.org/wiki/File:Mark_Joyce_PHC_2012-1.jpg#/media/File:Mark_Joyce_PHC_2012-1.jpg', 'Top64', ''),
(54, 'mark-king', 'Router::connect(\"/players/mark-king\", array(\"controller\" => \"players\", \"action\" => \"view\", 54));', 'Mark', 'King', '1974-03-28', 1991, 'The Romford Battler', 'England', 'flags/England.png', '146', 11, 111, '1,239,832', '-', 'players/Mark_King.jpg', 'https://commons.wikimedia.org/wiki/File:Mark_King_PHC_2012-1.jpg#/media/File:Mark_King_PHC_2012-1.jpg', 'Top32', ''),
(55, 'mark-selby', 'Router::connect(\"/players/mark-selby\", array(\"controller\" => \"players\", \"action\" => \"view\", 55));', 'Mark', 'Selby', '1983-06-19', 1998, 'The Jester From Leicester', 'England', 'flags/England.png', '147 (2 times)', 1, 378, '3,028,941', '2014 & 2016', 'players/Mark_Selby.jpg', 'http://www.thesundaytimes.co.uk/sto/sport/more_sport/article1173871.ece', 'World Champions', ''),
(56, 'mark-williams', 'Router::connect(\"/players/mark-williams\", array(\"controller\" => \"players\", \"action\" => \"view\", 56));', 'Mark', 'Williams', '1975-03-21', 1992, 'Welsh Potting Machine', 'Wales', 'flags/Wales.png', '147 (2 times)', 1, 307, '4,727,141', '2000, 2003', 'players/Mark_Williams.jpg', 'http://www.walesonline.co.uk/sport/other-sport/welsh-snooker-star-mark-williams-8682203', 'World Champions', ''),
(57, 'martin-gould', 'Router::connect(\"/players/martin-gould\", array(\"controller\" => \"players\", \"action\" => \"view\", 57));', 'Martin', 'Gould', '1981-09-14', 2000, 'The Pinner Potter', 'England', 'flags/England.png', '139', 10, 131, '577,317', '-', 'players/Martin_Gould.jpg', 'https://commons.wikimedia.org/wiki/File:Martin_Gould_PHC_2011.jpg#/media/File:Martin_Gould_PHC_2011.jpg', 'Top32', ''),
(58, 'martin-o\'donnell', 'Router::connect(\"/players/martin-o\'donnell\", array(\"controller\" => \"players\", \"action\" => \"view\", 58));', 'Martin', 'O\'Donnell', '1986-06-04', 2012, 'The MOD', 'England', 'flags/England.png', '140', 75, 16, '30,085', '-', 'players/Martin_ODonnell.jpg', 'http://www.worldsnooker.com/players/martin-odonnell/', 'Others', ''),
(59, 'matthew-selt', 'Router::connect(\"/players/matthew-selt\", array(\"controller\" => \"players\", \"action\" => \"view\", 59));', 'Matthew', 'Selt', '1985-03-07', 2002, '-', 'England', 'flags/England.png', '143', 22, 75, '163,788', '-', 'players/Matthew_Selt.jpg', 'http://www.worldsnooker.com/players/matthew-selt/', 'Top32', ''),
(60, 'matthew-stevens', 'Router::connect(\"/players/matthew-stevens\", array(\"controller\" => \"players\", \"action\" => \"view\", 60));', 'Matthew', 'Stevens', '1977-09-11', 1994, 'The Welsh Dragon', 'Wales', 'flags/Wales.png', '147', 4, 269, '2,294,583', 'Runner Up 2005', 'players/Matthew_Stevens.jpg', 'https://en.wikipedia.org/wiki/Matthew_Stevens#/media/File:Matthew_Stevens_PHC_2012.jpg', 'Top32', ''),
(61, 'michael-holt', 'Router::connect(\"/players/michael-holt\", array(\"controller\" => \"players\", \"action\" => \"view\", 61));', 'Michael', 'Holt', '1978-08-07', 1996, 'The Hitman', 'England', 'flags/England.png', '145', 20, 150, '771,739', '-', 'players/Michael_Holt.jpg', 'https://commons.wikimedia.org/wiki/File:Michael_Holt_at_Snooker_German_Masters_(Martin_Rulsch)_2014-01-30_03.jpg#/media/File:Michael_Holt_at_Snooker_German_Masters_(Martin_Rulsch)_2014-01-30_03.jpg', 'Top32', ''),
(62, 'michael-leslie', 'Router::connect(\"/players/michael-leslie\", array(\"controller\" => \"players\", \"action\" => \"view\", 62));', 'Michael', 'Leslie', '1993-01-28', 2012, '-', 'Scotland', 'flags/Scotland.png', '139', 85, 6, '19,825', '-', 'players/Michael_Leslie.jpg', 'http://www.livesnooker.com/subcategory/major-ranking-events/china-open/', 'Others', ''),
(63, 'michael-wasley', 'Router::connect(\"/players/michael-wasley\", array(\"controller\" => \"players\", \"action\" => \"view\", 63));', 'Michael', 'Wasley', '1990-02-23', 2012, '-', 'England', 'flags/England.png', '144', 72, 28, '60,801', '-', 'players/Michael_Wasley.jpg', 'http://www.worldsnooker.com/players/michael-wasley/', 'Others', ''),
(64, 'michael-white', 'Router::connect(\"/players/michael-white\", array(\"controller\" => \"players\", \"action\" => \"view\", 64));', 'Michael', 'White', '1991-07-05', 2007, 'Lightning', 'Wales', 'flags/Wales.png', '145', 26, 72, '320,042', '-', 'players/Michael_White.jpg', 'http://www.dailymail.co.uk/sport/othersports/article-2315431/WORLD-SNOOKER-CHAMPIONSHIP-2013-Dechawat-Poomjaeng-knocked-Michael-White.html', 'Top32', ''),
(65, 'mike-dunn', 'Router::connect(\"/players/mike-dunn\", array(\"controller\" => \"players\", \"action\" => \"view\", 65));', 'Mike', 'Dunn', '1971-09-20', 1991, '-', 'England', 'flags/England.png', '147', 32, 49, '403,597', '-', 'players/Mike_Dunn.jpg', 'http://www.worldsnooker.com/players/mike-dunn/', 'Top32', ''),
(66, 'neil-robertson', 'Router::connect(\"/players/neil-robertson\", array(\"controller\" => \"players\", \"action\" => \"view\", 66));', 'Neil', 'Robertson', '1982-02-11', 1998, 'The Thunder From Down Under', 'Australia', 'flags/Australia.png', '147 (2 times)', 1, 426, '2,395,385', '2010', 'players/Neil_Robertson.jpg', 'http://www.sportinglife.com/snooker/news/article/663/9064385/neil-robertson-battles-back-for-win', 'World Champions', ''),
(67, 'nigel-bond', 'Router::connect(\"/players/nigel-bond\", array(\"controller\" => \"players\", \"action\" => \"view\", 67));', 'Nigel', 'Bond', '1965-09-15', 1989, '00-147', 'England', 'flags/England.png', '140', 5, 109, '1,680,200', 'Runner Up 1995', 'players/Nigel_Bond.jpg', 'https://commons.wikimedia.org/wiki/File:Nigel_Bond_PHC_2011.jpg#/media/File:Nigel_Bond_PHC_2011.jpg', 'Top64', ''),
(68, 'pankaj-advani', 'Router::connect(\"/players/pankaj-advani\", array(\"controller\" => \"players\", \"action\" => \"view\", 68));', 'Pankaj', 'Advani', '1985-07-24', 2003, 'The Prince Of Pune', 'India', 'flags/India.png', '136', 56, 16, '59,763', '-', 'players/Pankaj_Advani.jpg', 'https://en.wikipedia.org/wiki/Pankaj_Advani#/media/File:Pankaj_Advani_PHC_2012-1.jpg', 'Top64', ''),
(69, 'passakorn-suwannawat', 'Router::connect(\"/players/passakorn-suwannawat\", array(\"controller\" => \"players\", \"action\" => \"view\", 69));', 'Passakorn', 'Suwannawat', '1986-06-01', 2006, '-', 'Thailand', 'flags/Thailand.png', '138', 68, 14, '14,367', '-', 'players/Passakorn_Suwannawat.jpg', 'https://commons.wikimedia.org/wiki/File:Passakorn_Suwannawat_PHC_2011-1.png#/media/File:Passakorn_Suwannawat_PHC_2011-1.png', 'Others', ''),
(70, 'paul-davison', 'Router::connect(\"/players/paul-davison\", array(\"controller\" => \"players\", \"action\" => \"view\", 70));', 'Paul', 'Davison', '1971-10-01', 1992, 'Snowy', 'England', 'flags/England.png', '144', 70, 69, '102,267', '-', 'players/Paul_Davison.jpg', 'https://commons.wikimedia.org/wiki/File:Paul_Davison_at_Snooker_German_Masters_(Martin_Rulsch)_2014-01-29_14.jpg#/media/File:Paul_Davison_at_Snooker_German_Masters_(Martin_Rulsch)_2014-01-29_14.jpg', 'Others', ''),
(71, 'peter-ebdon', 'Router::connect(\"/players/peter-ebdon\", array(\"controller\" => \"players\", \"action\" => \"view\", 71));', 'Peter', 'Ebdon', '1970-08-27', 1991, 'Ebbo', 'England', 'flags/England.png', '147 (2 times)', 3, 346, '3,383,765', '2002 and Runner Up 2006', 'players/Peter_Ebdon.jpg', 'http://www.telegraph.co.uk/sport/othersports/snooker/9224683/Peter-Ebdon-told-to-remove-cancer-treatment-logo.html', 'Top32', ''),
(72, 'peter-lines', 'Router::connect(\"/players/peter-lines\", array(\"controller\" => \"players\", \"action\" => \"view\", 72));', 'Peter', 'Lines', '1969-12-11', 1991, '-', 'England', 'flags/England.png', '147', 42, 42, '324,992', '-', 'players/Peter_Lines.jpg', 'https://de.wikipedia.org/wiki/Peter_Lines#/media/File:Peter_Lines_at_Snooker_German_Masters_(Martin_Rulsch)_2014-01-30_01.jpg', 'Top64', ''),
(73, 'ricky-walden', 'Router::connect(\"/players/ricky-walden\", array(\"controller\" => \"players\", \"action\" => \"view\", 73));', 'Ricky', 'Walden', '1982-11-11', 1999, 'Stamina Man', 'England', 'flags/England.png', '147', 7, 196, '990,402', '-', 'players/Ricky_Walden.jpg', 'http://www.mirror.co.uk/sport/other-sports/snooker/betfair-world-championship-ricky-walden-1868334', 'Top32', ''),
(74, 'robbie-williams', 'Router::connect(\"/players/robbie-williams\", array(\"controller\" => \"players\", \"action\" => \"view\", 74));', 'Robbie', 'Williams', '1986-12-28', 2012, '-', 'England', 'flags/England.png', '144', 49, 20, '74,934', '-', 'players/Robbie_Williams.jpg', 'http://www.liverpoolecho.co.uk/sport/other-sport/robbie-williams-out-uk-snooker-6364133', 'Top64', ''),
(75, 'robert-milkins', 'Router::connect(\"/players/robert-milkins\", array(\"controller\" => \"players\", \"action\" => \"view\", 75));', 'Robert', 'Milkins', '1976-03-06', 1995, 'The Milkman', 'England', 'flags/England.png', '147 (2 times)', 12, 121, '821,665', '-', 'players/Robert_Milkins.jpg', 'http://www.thetimes.co.uk/tto/sport/article3943537.ece', 'Top32', ''),
(76, 'robin-hull', 'Router::connect(\"/players/robin-hull\", array(\"controller\" => \"players\", \"action\" => \"view\", 76));', 'Robin', 'Hull', '1974-08-16', 1993, 'Roope', 'Belgium', 'flags/Finland.png', '145', 32, 139, '276,174', '-', 'players/Robin_Hull.jpg', 'http://www.worldsnooker.com/players/robin-hull/', 'Others', ''),
(77, 'rod-lawler', 'Router::connect(\"/players/rod-lawler\", array(\"controller\" => \"players\", \"action\" => \"view\", 77));', 'Rod', 'Lawler', '1971-07-12', 1990, 'Rod The Plod', 'England', 'flags/England.png', '143', 20, 86, '605,911', '-', 'players/Rod_Lawler.jpg', 'https://commons.wikimedia.org/wiki/File:Rod_Lawler_at_Snooker_German_Masters_(Martin_Rulsch)_2014-01-29_06.jpg#/media/File:Rod_Lawler_at_Snooker_German_Masters_(Martin_Rulsch)_2014-01-29_06.jpg', 'Top64', ''),
(78, 'ronnie-osullivan', 'Router::connect(\"/players/ronnie-osullivan\", array(\"controller\" => \"players\", \"action\" => \"view\", 78));', 'Ronnie', 'O\'sullivan', '1975-12-05', 1992, 'The Rocket', 'England', 'flags/England.png', '147 (13 times)', 1, 794, '8,029,762', '2001, 2004, 2008, 2012, 2013', 'players/Ronnie_O_Sullivan.jpg', 'http://www.mirror.co.uk/sport/other-sports/snooker/ronnie-osullivan-says-would-love-2333764', 'World Champions', ''),
(79, 'rory-mcleod', 'Router::connect(\"/players/rory-mcleod\", array(\"controller\" => \"players\", \"action\" => \"view\", 79));', 'Rory', 'Mcleod', '1971-03-26', 1991, '-', 'England', 'flags/England.png', '147', 32, 69, '400,522', '-', 'players/Rory_McLeod.jpg', 'http://www.independent.co.uk/news/people/muslim-snooker-player-rory-mcleod-explains-reason-behind-isis-badge-during-welsh-open-10058567.html', 'Top32', ''),
(80, 'ryan-day', 'Router::connect(\"/players/ryan-day\", array(\"controller\" => \"players\", \"action\" => \"view\", 80));', 'Ryan', 'Day', '1980-03-23', 1998, 'Dynamite', 'Wales', 'flags/Wales.png', '147', 6, 240, '838,778', '-', 'players/Ryan_Day.jpg', 'http://news.bbcimg.co.uk/media/images/57116000/jpg/_57116983_ryan_day_pa.jpg', 'Top32', ''),
(81, 'sam-baird', 'Router::connect(\"/players/sam-baird\", array(\"controller\" => \"players\", \"action\" => \"view\", 81));', 'Sam', 'Baird', '1988-06-17', 2009, 'The Blade', 'England', 'flags/England.png', '142', 65, 60, '0', '-', 'players/Sam_Baird.jpg', 'http://www.worldsnooker.com/players/sam-baird/', 'Others', ''),
(82, 'scott-donaldson', 'Router::connect(\"/players/scott-donaldson\", array(\"controller\" => \"players\", \"action\" => \"view\", 82));', 'Scott', 'Donaldson', '1994-03-19', 2012, '-', 'Scotland', 'flags/Scotland.png', '137', 65, 1, '58,374', '-', 'players/Scott_Donaldson.jpg', 'https://en.wikipedia.org/wiki/Scott_Donaldson#/media/File:Scott_Donaldson_PHC_2012-3.jpg', 'Others', ''),
(83, 'sean-osullivan', 'Router::connect(\"/players/sean-osullivan\", array(\"controller\" => \"players\", \"action\" => \"view\", 83));', 'Sean', 'O\'Sullivan', '1994-04-29', 2012, 'The Storm', 'England', 'flags/England.png', '142', 82, 12, '29,717', '-', 'players/Sean_OSullivan.jpg', 'http://www.worldsnooker.com/players/sean-osullivan/', 'Others', ''),
(84, 'shaun-murphy', 'Router::connect(\"/players/shaun-murphy\", array(\"controller\" => \"players\", \"action\" => \"view\", 84));', 'Shaun', 'Murphy', '1982-08-10', 1998, 'The Magician', 'England', 'flags/England.png', '147 (3 times)', 3, 305, '2,231,517', '2005', 'players/Shaun_Murphy.jpg', 'https://commons.wikimedia.org/wiki/File:Shaun_Murphy_at_Snooker_German_Masters_(DerHexer)_2013-01-30_11.jpg#/media/File:Shaun_Murphy_at_Snooker_German_Masters_(DerHexer)_2013-01-30_11.jpg', 'World Champions', ''),
(85, 'simon-bedford', 'Router::connect(\"/players/simon-bedford\", array(\"controller\" => \"players\", \"action\" => \"view\", 85));', 'Simon', 'Bedford', '1976-02-08', 1995, '-', 'England', 'flags/England.png', '141', 63, 42, '135,405', '-', 'players/Simon_Bedford.jpg', 'http://www.thetelegraphandargus.co.uk/sport/sportother/sport_other_indoor/snooker/10839355.UK_Snooker_Championship__Beaten_Bedford_in_quit_threat_as_he_struggles_to_shake_off_ring_rust/', 'Others', ''),
(86, 'stephen-hendry', 'Router::connect(\"/players/stephen-hendry\", array(\"controller\" => \"players\", \"action\" => \"view\", 86));', 'Stephen', 'Hendry', '1969-01-13', 1985, 'The King Of Crucible', 'Scotland', 'flags/Scotland.png', '147 (11 times)', 1, 775, '8,970,000', '1990, 1992-1996, 1999', 'players/Stephen_Hendry.jpg', 'http://maximumsnooker.com/stephen_hendry_drops_out_of_top_16.htm', 'Past Players', ''),
(87, 'stephen-lee', 'Router::connect(\"/players/stephen-lee\", array(\"controller\" => \"players\", \"action\" => \"view\", 87));', 'Stephen', 'Lee', '1974-10-12', 1992, '-', 'England', 'flags/England.png', '145', 5, 184, '2,060,765', '-', 'players/Stephen_Lee.jpg', 'http://www.inside-snooker.com/snooker/2014/5/15/inside-snooker-stephen-lee-special', 'Others', ''),
(88, 'stephen-maguire', 'Router::connect(\"/players/stephen-maguire\", array(\"controller\" => \"players\", \"action\" => \"view\", 88));', 'Stephen', 'Maguire', '1981-03-13', 1998, 'On-Fire', 'Scotland', 'flags/Scotland.png', '147 (2 times)', 2, 274, '1,632,781', '-', 'players/Stephen_Maguire.jpg', 'https://commons.wikimedia.org/wiki/File:Stephen_Maguire_at_German_Masters_Snooker_Final_(DerHexer)_2012-02-05_20.jpg#/media/File:Stephen_Maguire_at_German_Masters_Snooker_Final_(DerHexer)_2012-02-05_20.jpg', 'Top32', ''),
(89, 'steve-davis', 'Router::connect(\"/players/steve-davis\", array(\"controller\" => \"players\", \"action\" => \"view\", 89));', 'Steve', 'Davis', '1957-08-21', 1978, 'The Nugget', 'England', 'flags/England.png', '147', 1, 353, '5,613,536', '1981, 1983-1984, 1987-1989', 'players/Steve_Davis.jpg', 'http://www.mirror.co.uk/tv/tv-news/steve-davis-im-celebrity-2013-2787441', 'Past Players', ''),
(90, 'stuart-bingham', 'Router::connect(\"/players/stuart-bingham\", array(\"controller\" => \"players\", \"action\" => \"view\", 90));', 'Stuart', 'Bingham', '1976-05-21', 1995, 'Ball-Run', 'England', 'flags/England.png', '147 (3 times)', 2, 272, '1,683,144', '2015', 'players/Stuart_Bingham.jpg', 'http://maximumsnooker.com/world_snooker_championship_walden_and_bingham_to_make_qf_debuts.htm', 'Top32', ''),
(91, 'thanawat-thirapongpaiboon', 'Router::connect(\"/players/thanawat-thirapongpaiboon\", array(\"controller\" => \"players\", \"action\" => \"view\", 91));', 'Thanawat', 'Thirapongpaiboon', '1993-12-14', 2010, 'Thai-Namite', 'Thailand', 'flags/Thailand.png', '147', 67, 17, '44,059', '-', 'players/Thanawat_Thirapongpaiboon.jpg', 'http://www.worldsnooker.com/players/thanawat-tirapongpaiboon/', 'Others', ''),
(92, 'thepchaiya-un-nooh', 'Router::connect(\"/players/thepchaiya-un-nooh\", array(\"controller\" => \"players\", \"action\" => \"view\", 92));', 'Thepchaiya', 'Un-Nooh', '1985-04-18', 2009, '-', 'Thailand', 'flags/Thailand.png', '141', 58, 38, '159,345', '-', 'players/Thepchaiya_Un-Nooh.jpg', 'https://en.wikipedia.org/wiki/Thepchaiya_Un-Nooh#/media/File:Thepchaiya_Un-Nooh_at_Snooker_German_Masters_(DerHexer)_2013-01-30_21.jpg', 'Top64', ''),
(93, 'tian-pengfei', 'Router::connect(\"/players/tian-pengfei\", array(\"controller\" => \"players\", \"action\" => \"view\", 93));', 'Tian', 'Pengfei', '1987-08-16', 2004, '-', 'China', 'flags/China.png', '139', 49, 49, '112,553', '-', 'players/Tian_Pengfei.jpg', 'https://commons.wikimedia.org/wiki/File:Tian_Pengfei_at_Snooker_German_Masters_(Martin_Rulsch)_2014-01-30_04.jpg#/media/File:Tian_Pengfei_at_Snooker_German_Masters_(Martin_Rulsch)_2014-01-30_04.jpg', 'Others', ''),
(94, 'tom-ford', 'Router::connect(\"/players/tom-ford\", array(\"controller\" => \"players\", \"action\" => \"view\", 94));', 'Tom', 'Ford', '1983-08-17', 2001, '-', 'England', 'flags/England.png', '147 (2 times)', 21, 147, '441,664', '-', 'players/Tom_Ford.jpg', 'http://www.worldsnooker.com/players/tom-ford/', 'Top32', ''),
(95, 'tony-drago', 'Router::connect(\"/players/tony-drago\", array(\"controller\" => \"players\", \"action\" => \"view\", 95));', 'Tony', 'Drago', '1965-11-21', 1985, 'The Tornado', 'Malta', 'flags/Malta.png', '147', 10, 130, '1,125,093', '-', 'players/Tony_Drago.jpg', 'http://www.worldsnooker.com/players/tony-drago/', 'Top32', ''),
(96, 'xiao-guodong', 'Router::connect(\"/players/xiao-guodong\", array(\"controller\" => \"players\", \"action\" => \"view\", 96));', 'Xiao', 'Guodong', '1989-02-10', 2007, '-', 'China', 'flags/China.png', '143', 22, 85, '285,094', '-', 'players/Xiao_Guodong.jpg', 'https://commons.wikimedia.org/wiki/File:Xiao_Guodong_at_Snooker_German_Masters_(DerHexer)_2013-01-30_09.jpg#/media/File:Xiao_Guodong_at_Snooker_German_Masters_(DerHexer)_2013-01-30_09.jpg', 'Top32', ''),
(97, 'yu-delu', 'Router::connect(\"/players/yu-delu\", array(\"controller\" => \"players\", \"action\" => \"view\", 97));', 'Yu', 'Delu', '1987-10-11', 2011, '-', 'China', 'flags/China.png', '140', 46, 97, '137,330', '-', 'players/Yu_Delu.jpg', 'http://www.worldsnooker.com/players/yu-delu/', 'Top64', ''),
(98, 'zhang-anda', 'Router::connect(\"/players/zhang-anda\", array(\"controller\" => \"players\", \"action\" => \"view\", 98));', 'Zhang', 'Anda', '1991-12-25', 2009, 'Mighty Mouse', 'China', 'flags/China.png', '139', 70, 22, '57,304', '-', 'players/Zhang_Anda.jpg', 'http://www.zimbio.com/photos/Zhang+Anda/Betfred+com+World+Snooker+Championships/lXpCrEjOerQ', 'Others', ''),
(99, 'gary-wilson', 'Router::connect(\"/players/gary-wilson\", array(\"controller\" => \"players\", \"action\" => \"view\", 99));', 'Gary', 'Wilson', '1985-08-10', 2004, 'G-raz', 'England', 'flags/England.png', '147', 34, 52, '131,210', '-', 'players/Gary_Wilson.jpg', 'http://www.worldsnooker.com/robertson-joins-cardiff-casualties/', 'Others', ''),
(100, 'kyren-wilson', 'Router::connect(\"/players/kyren-wilson\", array(\"controller\" => \"players\", \"action\" => \"view\", 100));', 'Kyren', 'Wilson', '1991-12-23', 2010, 'The Warrior', 'England', 'flags/England.png', '137', 22, 38, '180,055', '-', 'players/Kyren_Wilson.jpg', 'http://www.worldsnooker.com/kyrens-shanghai-surprise/', 'Others', ''),
(101, 'stuart-carrington', 'Router::connect(\"/players/stuart-carrington\", array(\"controller\" => \"players\", \"action\" => \"view\", 101));', 'Stuart', 'Carrington', '1990-05-14', 2011, '-', 'England', 'flags/England.png', '141', 59, 28, '74,977', '-', 'players/Stuart_Carrington.jpg', 'http://www.worldsnooker.com/players/stuart-carrington/', 'Top64', ''),
(102, 'li-hang', 'Router::connect(\"/players/li-hang\", array(\"controller\" => \"players\", \"action\" => \"view\", 102));', 'Li', 'Hang', '1990-10-04', 1970, '-', 'China', 'flags/China.png', '141', 55, 32, '88,644', '-', 'players/Li_Hang.jpg', 'https://en.wikipedia.org/wiki/Li_Hang#/media/File:Li_Hang_at_Snooker_German_Masters_(Martin_Rulsch)_2014-01-29_13.jpg', 'Others', ''),
(103, 'noppon-saengkham', 'Router::connect(\"/players/noppon-saengkham\", array(\"controller\" => \"players\", \"action\" => \"view\", 103));', 'Noppon', 'Saengkham', '1992-07-15', 2010, '-', 'Thailand', 'flags/Thailand.png', '134', 68, 12, '55,990', '-', 'players/Noppon_Saengkham.jpg', 'http://www.worldsnooker.com/players/noppon-saengkham/', 'Others', ''),
(105, 'chris-wakelin', 'Router::connect(\"/players/chris-wakelin\", array(\"controller\" => \"players\", \"action\" => \"view\", 105));', 'Chris', 'Wakelin', '1992-03-16', 2013, '-', 'England', 'flags/England.png', '136', 69, 8, '48,415', '-', 'players/Chris_Wakelin.jpg', 'http://www.worldsnooker.com/players/chris-wakelin/', 'Others', ''),
(106, 'alex-davies', 'Router::connect(\"/players/alex-davies\", array(\"controller\" => \"players\", \"action\" => \"view\", 106));', 'Alex', 'Davies', '1987-07-27', 2003, '-', 'England', 'flags/England.png', '137', 74, 12, '33,661', '-', 'players/Alex_Davies.jpg', 'https://en.wikipedia.org/wiki/Alex_Davies_(snooker_player)#/media/File:Alex_Davies_PHC_2012.jpg', 'Others', ''),
(107, 'john-astley', 'Router::connect(\"/players/john-astley\", array(\"controller\" => \"players\", \"action\" => \"view\", 107));', 'John', 'Astley', '1989-01-13', 2013, '-', 'England', 'flags/England.png', '138', 75, 8, '22,979', '-', 'players/John_Astley.jpg', 'http://www.bbc.com/sport/snooker/25144214', 'Others', ''),
(108, 'andrew-pagett', 'Router::connect(\"/players/andrew-pagett\", array(\"controller\" => \"players\", \"action\" => \"view\", 108));', 'Andrew', 'Pagett', '1982-04-25', 2003, 'The Welsh Wizard', 'England', 'flags/England.png', '112', 70, 5, '51,272', '-', 'players/Andrew_Pagett.jpg', 'http://www.zimbio.com/photos/Andrew+Pagett/Betfred+com+World+Snooker+Championship/fpsdFnEfgvZ', 'Others', ''),
(109, 'hammad-miah', 'Router::connect(\"/players/hammad-miah\", array(\"controller\" => \"players\", \"action\" => \"view\", 109));', 'Hammad', 'Miah', '1993-07-06', 2013, '-', 'England', 'flags/England.png', '119', 78, 4, '11,310', '-', 'players/Hammad_Miah.jpg', 'https://en.wikipedia.org/wiki/Hammad_Miah#/media/File:Hammad_Miah_PHC_2014-1.jpg', 'Others', ''),
(110, 'vinnie-calabrese', 'Router::connect(\"/players/vinnie-calabrese\", array(\"controller\" => \"players\", \"action\" => \"view\", 110));', 'Vinnie', 'Calabrese', '1987-10-07', 2013, '-', 'Australia', 'flags/Australia.png', '121', 79, 4, '10,653', '-', 'players/Vinnie_Calabrese.jpg', 'http://www.worldsnooker.com/players/vinnie-calabrese/', 'Others', ''),
(111, 'michael-georgiou', 'Router::connect(\"/players/michael-georgiou\", array(\"controller\" => \"players\", \"action\" => \"view\", 111));', 'Michael', 'Georgiou', '1988-01-18', 2008, '-', 'England', 'flags/England.png', '130', 74, 5, '0', '-', 'players/Michael_Georgiou.jpg', 'http://www.worldsnooker.com/players/michael-georgiou/', 'Others', ''),
(112, 'alex-borg', 'Router::connect(\"/players/alex-borg\", array(\"controller\" => \"players\", \"action\" => \"view\", 112));', 'Alex', 'Borg', '1969-06-05', 1991, '-', 'Malta', 'flags/Malta.png', '135', 83, 14, '35,169', '-', 'players/Alex_Borg.jpg', 'http://www.maltatoday.com.mt/sports/othersports/18156/2011-12-national-snooker-championships-borg-wins-his-eleventh-national-title-20120514#.VnFKz_krKUk', 'Others', ''),
(114, 'elliot-slessor', 'Router::connect(\"/players/elliot-slessor\", array(\"controller\" => \"players\", \"action\" => \"view\", 114));', 'Elliot', 'Slessor', '1994-08-04', 2013, '-', 'England', 'flags/England.png', '136', 86, 3, '15,683', '-', 'players/Elliot_Slessor.jpg', 'http://www.worldsnooker.com/players/elliott-slessor/', 'Others', ''),
(115, 'chris-norbury', 'Router::connect(\"/players/chris-norbury\", array(\"controller\" => \"players\", \"action\" => \"view\", 115));', 'Chris', 'Norbury', '1986-08-14', 2005, '-', 'England', 'flags/England.png', '135', 72, 24, '30,431', '-', 'players/Chris_Norbury.jpg', 'https://twitter.com/chrisnorbury7', 'Others', ''),
(116, 'igor-figueiredo', 'Router::connect(\"/players/igor-figueiredo\", array(\"controller\" => \"players\", \"action\" => \"view\", 116));', 'Igor', 'Figueiredo', '1987-10-10', 2010, 'T-Igor', 'Brazil', 'flags/Brazil.png', '137', 65, 3, '38,425', '-', 'players/Igor_Figueiredo.jpg', 'http://www.worldsnooker.com/players/igor-figueiredo/', 'Others', ''),
(117, 'ross-muir', 'Router::connect(\"/players/ross-muir\", array(\"controller\" => \"players\", \"action\" => \"view\", 117));', 'Ross', 'Muir', '1995-10-06', 2013, 'Glove From Above', 'Scotland', 'flags/Scotland.png', '140', 87, 11, '20,485', '-', 'players/Ross_Muir.jpg', 'http://www.worldsnooker.com/players/ross-muir/', 'Others', ''),
(118, 'ratchayothin-yotharuck', 'Router::connect(\"/players/ratchayothin-yotharuck\", array(\"controller\" => \"players\", \"action\" => \"view\", 118));', 'Ratchayothin', 'Yotharuck', '1995-12-13', 2013, '-', 'Thailand', 'flags/Thailand.png', '131', 86, 3, '7,058', '-', 'players/Ratchayothin_Yotharuck.jpg', 'https://en.wikipedia.org/wiki/Ratchayothin_Yotharuck#/media/File:Ratchayothin_Yotharuck_at_Snooker_German_Masters_(Martin_Rulsch)_2014-01-29_04.jpg', 'Others', ''),
(119, 'lee-page', 'Router::connect(\"/players/lee-page\", array(\"controller\" => \"players\", \"action\" => \"view\", 119));', 'Lee', 'Page', '1987-11-06', 2006, '-', 'England', 'flags/England.png', '121', 91, 6, '11,901', '-', 'players/Lee_Page.jpg', 'https://en.wikipedia.org/wiki/Lee_Page#/media/File:Lee_Page_PHC_2014-1.jpg', 'Others', ''),
(120, 'cao-xinlong', 'Router::connect(\"/players/cao-xinlong\", array(\"controller\" => \"players\", \"action\" => \"view\", 120));', 'Cao', 'Xinlong', '1981-08-16', 2013, '-', 'China', 'flags/China.png', '117', 92, 6, '7,250', '-', 'players/Cao_Xinglong.jpg', 'http://www.corbisimages.com/stock-photo/rights-managed/42-27990822/shaun-murphy-defeats-cao-xinlong-51-at', 'Others', ''),
(121, 'oliver-lines', 'Router::connect(\"/players/oliver-lines\", array(\"controller\" => \"players\", \"action\" => \"view\", 121));', 'Oliver', 'Lines', '1995-06-16', 2014, '-', 'England', 'flags/England.png', '133', 64, 8, '43,510', '-', 'players/Oliver_Lines.jpg', 'http://www.worldsnooker.com/players/oliver-lines/', 'Others', ''),
(122, 'zhou-yuelong', 'Router::connect(\"/players/zhou-yuelong\", array(\"controller\" => \"players\", \"action\" => \"view\", 122));', 'Zhou', 'Yuelong', '1999-01-24', 2014, '-', 'China', 'flags/China.png', '138', 60, 18, '58,608', '-', 'players/Zhou_Yuelong.jpg', 'http://www.worldsnooker.com/players/zhou-yuelong/', 'Top64', ''),
(123, 'lu-chenwei', 'Router::connect(\"/players/lu-chenwei\", array(\"controller\" => \"players\", \"action\" => \"view\", 123));', 'Lu', 'Chenwei', '1991-01-16', 2014, '-', 'China', '/img/flags/China.png', '99', 97, 0, '7900', '-', 'players/Lu_Chenwei.jpg', 'https://commons.wikimedia.org/wiki/File:Lu_Chenwei_PHC_2014-1.jpg#/media/File:Lu_Chenwei_PHC_2014-1.jpg', 'Others', ''),
(124, 'chris-melling', 'Router::connect(\"/players/chris-melling\", array(\"controller\" => \"players\", \"action\" => \"view\", 124));', 'Chris', 'Melling', '1979-01-27', 2000, 'The Magician', 'England', 'flags/England.png', '137', 100, 18, '40,155', '-', 'players/Chris_Melling.jpg', 'https://twitter.com/worldsnooker1/status/626302714633408513', 'Others', ''),
(125, 'james-cahill', 'Router::connect(\"/players/james-cahill\", array(\"controller\" => \"players\", \"action\" => \"view\", 125));', 'James', 'Cahill', '1995-12-27', 2013, '-', 'England', 'flags/England.png', '134', 76, 3, '19,232', '-', 'players/James_Cahill.jpg', 'http://www.worldsnooker.com/players/james-cahill/', 'Others', ''),
(126, 'alexander-ursenbacher', 'Router::connect(\"/players/alexander-ursenbacher\", array(\"controller\" => \"players\", \"action\" => \"view\", 126));', 'Alexander', 'Ursenbacher', '1996-04-26', 2013, '-', 'Switzerland', 'flags/Switserland.png', '140', 102, 7, '1,683', '-', 'players/Alexander_Ursenbacher.jpg', 'http://www.worldsnooker.com/swiss-on-a-roll/', 'Others', ''),
(127, 'allan-taylor', 'Router::connect(\"/players/allan-taylor\", array(\"controller\" => \"players\", \"action\" => \"view\", 127));', 'Allan', 'Taylor', '1984-11-28', 2013, 'Albino Assassin', 'England', 'flags/England.png', '112', 103, 7, '18,092', '-', 'players/Allan_Taylor.jpg', 'https://www.snookerisland.com/blog/interview-with-allan-taylor/', 'Others', ''),
(128, 'ryan-clark', 'Router::connect(\"/players/ryan-clark\", array(\"controller\" => \"players\", \"action\" => \"view\", 128));', 'Ryan', 'Clark', '1992-09-22', 2013, '-', 'England', 'flags/England.png', '124', 104, 1, '769', '-', 'players/Profile.jpg', '', 'Others', ''),
(129, 'lu-ning', 'Router::connect(\"/players/lu-ning\", array(\"controller\" => \"players\", \"action\" => \"view\", 129));', 'Lu', 'Ning', '1994-01-01', 2014, '-', 'China', 'flags/China.png', '134', 94, 7, '10,117', '-', 'players/Lu_Ning.jpg', 'http://www.worldsnooker.com/players/lu-ning/', 'Others', '');
INSERT INTO `players` (`player_id`, `player_slug`, `player_route`, `player_firstname`, `player_surname`, `player_birthDate`, `player_turnedPro`, `player_nickname`, `player_nationality`, `player_flag`, `player_highestBreak`, `player_highestRanking`, `player_centuryBreaks`, `player_careerWinnings`, `player_worldChampion`, `player_image`, `player_imageSrc`, `player_category`, `player_location`) VALUES
(130, 'ian-glover', 'Router::connect(\"/players/ian-glover\", array(\"controller\" => \"players\", \"action\" => \"view\", 130));', 'Ian', 'Glover', '1978-11-08', 1995, '-', 'England', 'flags/England.png', '135', 90, 8, '5,821', '-', 'players/Ian_Glover.jpg', 'http://www.worldsnooker.com/players/ian-glover/', 'Others', ''),
(131, 'ju-reti', 'Router::connect(\"/players/ju-reti\", array(\"controller\" => \"players\", \"action\" => \"view\", 131));', 'Ju', 'Reti', '1984-01-01', 2014, '-', 'China', 'flags/China.png', '142', 108, 2, '17,300', '-', 'players/Ju_Reti.jpg', 'http://www.worldsnooker.com/players/ju-reti/', 'Others', ''),
(133, 'jak-jones', 'Router::connect(\"/players/jak-jones\", array(\"controller\" => \"players\", \"action\" => \"view\", 133));', 'Jak', 'Jones', '1993-07-29', 2010, '-', 'England', 'flags/England.png', '139', 81, 5, '18,280', '-', 'players/Jak_Jones.jpg', 'https://en.wikipedia.org/wiki/Jak_Jones#/media/File:Jak_Jones_PHC_2012-2.jpg', 'Others', ''),
(134, 'steven-hallworth', 'Router::connect(\"/players/steven-hallworth\", array(\"controller\" => \"players\", \"action\" => \"view\", 134));', 'Steven', 'Hallworth', '1995-12-01', 2014, '-', 'England', 'flags/England.png', '114', 89, 2, '5,666', '-', 'players/Steven_Hallworth.jpg', 'http://www.worldsnooker.com/players/steven-hallworth/', 'Others', ''),
(135, 'lee-walker', 'Router::connect(\"/players/lee-walker\", array(\"controller\" => \"players\", \"action\" => \"view\", 135));', 'Lee', 'Walker', '1976-02-10', 1994, '-', 'England', 'flags/England.png', '140', 46, 33, '242,468', '-', 'players/Lee_Walker.jpg', 'http://www.snookercoach.ws/home/coach-directory/lee-walker/', 'Others', ''),
(136, 'lee-spick', 'Router::connect(\"/players/lee-spick\", array(\"controller\" => \"players\", \"action\" => \"view\", 136));', 'Lee', 'Spick', '1980-04-25', 2000, '-', 'England', 'flags/England.png', '144', 65, 49, '63,410', '-', 'players/Lee_Spick.jpg', 'http://www.chad.co.uk/news/local/reports-emerge-of-the-death-of-mansfield-snooker-player-lee-spick-1-7072164', 'Others', ''),
(137, 'ahmed-saif', 'Router::connect(\"/players/ahmed-saif\", array(\"controller\" => \"players\", \"action\" => \"view\", 137));', 'Ahmed', 'Saif', '1983-01-01', 2013, '-', 'Qatar', 'flags/Qatar.png', '95', 113, 0, '1700', '-', 'players/Ahmed_Saif.jpg', 'http://www.worldsnooker.com/players/ahmed-saif/', 'Others', ''),
(138, 'khaled-abumdas', 'Router::connect(\"/players/khaled-abumdas\", array(\"controller\" => \"players\", \"action\" => \"view\", 138));', 'Khaled', 'Abumdas', '1987-01-20', 2013, '-', 'Libya', 'flags/Libya.png', '33', 114, 0, '0', '-', 'players/Profile.jpg', '', 'Others', ''),
(139, 'rouzi-maimaiti', 'Router::connect(\"/players/rouzi-maimaiti\", array(\"controller\" => \"players\", \"action\" => \"view\", 139));', 'Rouzi', 'Maimaiti', '1983-07-04', 2014, '-', 'China', 'flags/China.png', '104', 106, 1, '7,050', '-', 'players/Rouzi_Maimaiti.jpg', 'http://www.kantaiqiu.com/html/557.html', 'Others', ''),
(140, 'zak-surety', 'Router::connect(\"/players/zak-surety\", array(\"controller\" => \"players\", \"action\" => \"view\", 140));', 'Zak', 'Surety', '1991-10-04', 1970, '-', 'England', 'flags/England.png', '133', 83, 3, '16,143', '-', 'players/Zak_Surety.jpg', 'http://www.worldsnooker.com/players/zak-surety/', 'Others', ''),
(141, 'thor-chuanleong', 'Router::connect(\"/players/thor-chuanleong\", array(\"controller\" => \"players\", \"action\" => \"view\", 141));', 'Thor', 'Chuan Leong', '1988-03-24', 2014, '-', 'Malaysia', 'flags/Malaysia.png', '84', 124, 0, '4,487', '-', 'players/Thor_Chuan_Leong.jpg', 'http://www.snooker.org/res/index.asp?player=1509', 'Others', ''),
(142, 'mitchell-mann', 'Router::connect(\"/players/mitchell-mann\", array(\"controller\" => \"players\", \"action\" => \"view\", 142));', 'Mitchell', 'Mann', '1991-12-26', 2014, '-', 'England', 'flags/England.png', '142', 75, 10, '26,188', '-', 'players/Mitchell_Mann.jpg', 'http://www.worldsnooker.com/players/mitchell-mann/', 'Others', ''),
(143, 'steve-mifsud', 'Router::connect(\"/players/steve-mifsud\", array(\"controller\" => \"players\", \"action\" => \"view\", 143));', 'Steve', 'Mifsud', '1972-08-25', 1991, '-', 'Australia', 'flags/Australia.png', '129', 94, 7, '13,480', '-', 'players/Steve_Mifsud.jpg', 'http://www.worldsnooker.com/players/steve-mifsud/', 'Others', ''),
(144, 'andy-hicks', 'Router::connect(\"/players/andy-hicks\", array(\"controller\" => \"players\", \"action\" => \"view\", 144));', 'Andy', 'Hicks', '1973-08-10', 1991, 'The Cream of Devon', 'England', '/img/flags/England.png', '147', 17, 144, '664,208', '-', 'players/Andy_Hicks.jpg', 'http://www.worldsnooker.com/players/andy-hicks/', 'Others', ''),
(145, 'ben-judge', 'Router::connect(\"/players/ben-judge\", array(\"controller\" => \"players\", \"action\" => \"view\", 145));', 'Ben', 'Judge', '1983-09-18', 2012, '-', 'Australia', '/img/flags/Australia.png', '-', 83, 0, '2,053', '-', 'players/Ben_Judge.jpg', 'http://www.oceaniacuesports.com/Snooker/ImageGallery/tabid/416/Tag/ben/Tags/1946/Default.aspx', 'Others', ''),
(146, 'mohamed-khairy', 'Router::connect(\"/players/mohamed-khairy\", array(\"controller\" => \"players\", \"action\" => \"view\", 146));', 'Mohamed', 'Khairy', '1981-12-26', 2012, '-', 'Egypt', '/img/flags/Egypt.png', '-', 95, 0, '1,500', '-', 'players/Profile.jpg', '', 'Others', ''),
(147, 'floyd-ziegler', 'Router::connect(\"/players/floyd-ziegler\", array(\"controller\" => \"players\", \"action\" => \"view\", 147));', 'Floyd', 'Ziegler', '1958-08-17', 2012, 'Ziggy', 'Canada', '/img/flags/canada.png', '-', 98, 0, '0', '-', 'players/Floyd_Ziegler.jpg', 'http://thepoolscene.com/snooker/whitfield-wins-canadian-snooker-championships', 'Others', ''),
(148, 'jin-long', 'Router::connect(\"/players/jin-long\", array(\"controller\" => \"players\", \"action\" => \"view\", 148));', 'Jin', 'Long', '1981-05-23', 2001, 'Golden Dragon', 'China', '/img/flags/China.png', '125', 60, 15, '52,800', '-', 'players/Jin_Long.jpg', 'http://www.whatsonsanya.com/news-20299-chinese-jin-long-defeats-sam-baird-at-2012-world-snooker-haikou-open.html', 'Others', ''),
(149, 'patrick-einsle', 'Router::connect(\"/players/patrick-einsle\", array(\"controller\" => \"players\", \"action\" => \"view\", 149));', 'Patrick', 'Einsle', '1987-04-22', 2006, '-', 'Germany', '/img/flags/Germany.png', '100', 80, 1, '0', '-', 'players/Patrick_Einsle.jpg', 'http://www.tagesspiegel.de/sport/deutsche-snookerspieler-talent-allein-reicht-nicht/6138744.html', 'Others', ''),
(150, 'shi-hanqing', 'Router::connect(\"/players/shi-hanqing\", array(\"controller\" => \"players\", \"action\" => \"view\", 150));', 'Shi', 'Hanqing', '1990-08-19', 2013, '-', 'China', '/img/flags/China.png', '0', 0, 0, '0', '-', 'players/Profile.jpg', '', 'Others', ''),
(152, 'lyu-haotian', 'Router::connect(\"/players/lyu-haotian\", array(\"controller\" => \"players\", \"action\" => \"view\", 152));', 'Lyu', 'Haotian', '1997-11-29', 2013, '-', 'China', '/img/flags/China.png', '135', 72, 4, '30,289', '-', 'players/Lyu_Haotian.jpg', 'http://www.starsnookeracademy.com/news/53.html', 'Others', ''),
(153, 'sanderson-lam', 'Router::connect(\"/players/sanderson-lam\", array(\"controller\" => \"players\", \"action\" => \"view\", 153));', 'Sanderson', 'Lam', '1994-01-28', 2015, 'Panda', 'England', '/img/flags/England.png', '137', 87, 6, '12,616', '-', 'players/Sanderson_Lam.jpg', 'http://www.worldsnooker.com/players/sanderson-lam/', 'Others', ''),
(154, 'darryl-hill', 'Router::connect(\"/players/darryl-hill\", array(\"controller\" => \"players\", \"action\" => \"view\", 154));', 'Darryl', 'Hill', '1996-04-30', 2015, '-', 'Isle of Man', '/img/flags/IsleOfMan.png', '126', 96, 2, '10942', '-', 'players/Darryl_Hill.jpg', 'http://www.prosnookerblog.com/tag/darryl-hill/', 'Others', ''),
(155, 'michael-wild', 'Router::connect(\"/players/michael-wild\", array(\"controller\" => \"players\", \"action\" => \"view\", 155));', 'Michael', 'Wild', '1981-03-27', 2003, '-', 'England', '/img/flags/England.png', '138', 99, 19, '15,289', '-', 'players/Michael_Wild.jpg', 'http://www.worldsnooker.com/players/michael-wild/', 'Others', ''),
(156, 'gareth-allen', 'Router::connect(\"/players/gareth-allen\", array(\"controller\" => \"players\", \"action\" => \"view\", 156));', 'Gareth', 'Allen', '1988-09-09', 2015, 'G-Force', 'Wales', '/img/flags/Wales.png', '127', 93, 12, '3,782', '-', 'players/Gareth_Allen.jpg', 'http://www.chesterchronicle.co.uk/sport/other-sport/gareth-allen-earns-professional-snooker-9336626', 'Others', ''),
(157, 'eden-sharav', 'Router::connect(\"/players/eden-sharav\", array(\"controller\" => \"players\", \"action\" => \"view\", 157));', 'Eden', 'Sharav', '1992-04-30', 2015, '-', 'Scotland', '/img/flags/Scotland.png', '106', 105, 5, '6,600', '-', 'players/Eden_Sharav.jpg', 'http://www.worldsnooker.com/players/eden-sharav/', 'Others', ''),
(158, 'jason-weston', 'Router::connect(\"/players/jason-weston\", array(\"controller\" => \"players\", \"action\" => \"view\", 158));', 'Jason', 'Weston', '1971-01-11', 1991, '-', 'England', '/img/flags/England.png', '142', 93, 16, '58,320', '-', 'players/Jason_Weston.jpg', 'http://www.portsmouth.co.uk/sport/other-sport/snooker/portsmouth-cueist-weston-grabs-golden-ticket-to-return-to-world-snooker-tour-1-6768227', 'Others', ''),
(159, 'zhang-yong', 'Router::connect(\"/players/zhang-yong\", array(\"controller\" => \"players\", \"action\" => \"view\", 159));', 'Zhang', 'Yong', '1995-07-21', 2015, '-', 'China', '/img/flags/China.png', '131', 113, 1, '4,500', '-', 'players/Zhang_Yong.jpg', 'http://www.worldsnooker.com/players/zhang-yong/', 'Others', ''),
(160, 'rhys-clark', 'Router::connect(\"/players/rhys-clark\", array(\"controller\" => \"players\", \"action\" => \"view\", 160));', 'Rhys', 'Clark', '1994-08-17', 2015, '-', 'Scotland', '/img/flags/Scotland.png', '134', 115, 4, '3,000', '-', 'players/Rhys_Clark.jpg', 'http://www.worldsnooker.com/players/rhys-clark/', 'Others', ''),
(161, 'duane-jones', 'Router::connect(\"/players/duane-jones\", array(\"controller\" => \"players\", \"action\" => \"view\", 161));', 'Duane', 'Jones', '1993-04-30', 2015, '-', 'Wales', '/img/flags/Wales.png', '141', 117, 13, '4,633', '-', 'players/Duane_Jones.jpg', 'http://www.worldsnooker.com/q-school-event-two-winners/', 'Others', ''),
(162, 'sydney-wilson', 'Router::connect(\"/players/sydney-wilson\", array(\"controller\" => \"players\", \"action\" => \"view\", 162));', 'Sydney', 'Wilson', '1990-04-06', 2015, '-', 'England', '/img/flags/England.png', '118', 97, 2, '7,435', '-', 'players/Sydney_Wilson.jpg', 'http://www.braintreeandwithamtimes.co.uk/sport/13217013.Sydney_opens_World_Snooker_Tour_life_with_a_win/', 'Others', ''),
(163, 'akani-songsermsawad', 'Router::connect(\"/players/akani-songsermsawad\", array(\"controller\" => \"players\", \"action\" => \"view\", 163));', 'Akani', 'Songsermsawad', '1995-09-10', 2015, '-', 'Thailand', '/img/flags/Thailand.png', '-', 124, 0, '-', '-', 'players/Akani_Songsermsawad.jpg', 'http://www.nathoncity.com/paper/5971', 'Others', ''),
(164, 'hamza-akbar', 'Router::connect(\"/players/hamza-akbar\", array(\"controller\" => \"players\", \"action\" => \"view\", 164));', 'Hamza', 'Akbar', '1993-11-12', 2015, '-', 'Pakistan', '/img/flags/Pakistan.png', '127', 123, 2, '0', '-', 'players/Hamza_Akbar.jpg', 'http://www.worldsnooker.com/players/hamza-akbar/', 'Others', ''),
(165, 'hatem-yassen', 'Router::connect(\"/players/hatem-yassen\", array(\"controller\" => \"players\", \"action\" => \"view\", 165));', 'Hatem', 'Yassen', '1986-08-21', 2015, '-', 'Egypt', '/img/flags/Egypt.png', '-', 126, 0, '0', '-', 'players/Hatem_Yassen.jpg', 'http://www.worldsnooker.com/players/hatem-yaseen/', 'Others', ''),
(166, 'itaro-santos', 'Router::connect(\"/players/itaro-santos\", array(\"controller\" => \"players\", \"action\" => \"view\", 166));', 'Itaro', 'Santos', '1985-07-28', 2015, '-', 'Brazil', '/img/flags/Brazil.png', '126', 125, 1, '1,345', '-', 'players/Itaro_Santos.jpg', 'http://www.worldsnooker.com/players/itaro-santos/', 'Others', ''),
(167, 'antony-parsons', 'Router::connect(\"/players/antony-parsons\", array(\"controller\" => \"players\", \"action\" => \"view\", 167));', 'Antony', 'Parsons', '2015-12-15', 1970, '-', 'England', '/img/flags/England.png', '-', 0, 0, '-', '-', 'players/Antony_Parsons.jpg', 'http://www.gazettelive.co.uk/sport/other-sport/cue-sports-antony-parsons-progresses-3710618', 'Others', ''),
(168, 'shane-castle', 'Router::connect(\"/players/shane-castle\", array(\"controller\" => \"players\", \"action\" => \"view\", 168));', 'Shane', 'Castle', '2015-12-15', 2015, '-', 'England', '/img/flags/England.png', '-', 0, 0, '-', '-', 'players/Shane_Castle.jpg', 'http://www.sotonsnooker.com/shane_castle.htm', 'Others', ''),
(169, 'patrick-fraser', 'Router::connect(\"/players/patrick-fraser\", array(\"controller\" => \"players\", \"action\" => \"view\", 169));', 'Patrick', 'Fraser', '1985-11-08', 2007, '-', 'Scotland', '/img/flags/Scotland.png', '139', 75, 9, '35,791', '-', 'players/Patrick_Fraser.jpg', 'http://www.worldsnooker.com/players/fraser-patrick/', 'Others', '');

-- --------------------------------------------------------

--
-- Table structure for table `players_videos`
--

CREATE TABLE `players_videos` (
  `video_id` int(11) NOT NULL,
  `player_id` int(11) NOT NULL
) ENGINE=InnoDB DEFAULT CHARSET=utf8;

--
-- Dumping data for table `players_videos`
--

INSERT INTO `players_videos` (`video_id`, `player_id`) VALUES
(125, 1),
(238, 2),
(65, 3),
(66, 3),
(68, 3),
(180, 3),
(182, 3),
(183, 3),
(184, 3),
(185, 3),
(197, 3),
(200, 3),
(213, 3),
(214, 3),
(215, 3),
(222, 3),
(13, 5),
(19, 5),
(20, 5),
(21, 5),
(29, 5),
(31, 5),
(81, 5),
(84, 5),
(85, 5),
(90, 5),
(91, 5),
(191, 5),
(192, 5),
(193, 5),
(194, 5),
(195, 5),
(196, 5),
(255, 9),
(261, 9),
(4, 10),
(32, 10),
(33, 10),
(34, 10),
(82, 10),
(104, 10),
(105, 10),
(108, 10),
(111, 10),
(112, 10),
(113, 10),
(114, 10),
(115, 10),
(116, 10),
(117, 10),
(128, 10),
(133, 10),
(134, 10),
(153, 10),
(190, 10),
(201, 10),
(220, 10),
(223, 10),
(226, 10),
(227, 10),
(228, 10),
(229, 10),
(239, 10),
(240, 10),
(250, 12),
(7, 13),
(190, 18),
(64, 21),
(67, 21),
(79, 21),
(121, 21),
(26, 22),
(27, 22),
(28, 22),
(65, 22),
(66, 22),
(68, 22),
(88, 22),
(89, 22),
(118, 22),
(120, 22),
(122, 22),
(130, 22),
(149, 22),
(150, 22),
(151, 22),
(176, 22),
(237, 22),
(241, 22),
(252, 22),
(253, 22),
(10, 23),
(69, 23),
(70, 23),
(212, 23),
(220, 23),
(30, 26),
(42, 26),
(45, 26),
(48, 26),
(60, 26),
(62, 26),
(75, 26),
(76, 26),
(77, 26),
(78, 26),
(256, 26),
(257, 26),
(263, 26),
(247, 29),
(248, 29),
(122, 30),
(171, 32),
(177, 32),
(123, 36),
(237, 36),
(241, 36),
(198, 37),
(199, 37),
(202, 37),
(1, 40),
(2, 40),
(15, 40),
(29, 40),
(31, 40),
(39, 40),
(40, 40),
(63, 40),
(156, 40),
(180, 40),
(182, 40),
(183, 40),
(184, 40),
(185, 40),
(255, 40),
(6, 41),
(32, 41),
(33, 41),
(34, 41),
(42, 41),
(45, 41),
(69, 41),
(70, 41),
(80, 41),
(83, 41),
(93, 41),
(94, 41),
(95, 41),
(96, 41),
(101, 41),
(102, 41),
(103, 41),
(106, 41),
(107, 41),
(109, 41),
(110, 41),
(121, 41),
(146, 41),
(147, 41),
(148, 41),
(187, 41),
(188, 41),
(189, 41),
(203, 41),
(205, 41),
(208, 41),
(210, 41),
(217, 41),
(221, 41),
(238, 41),
(246, 41),
(258, 41),
(264, 41),
(266, 41),
(267, 41),
(271, 41),
(175, 42),
(178, 42),
(197, 42),
(200, 42),
(4, 46),
(16, 48),
(243, 48),
(249, 48),
(11, 49),
(71, 49),
(80, 49),
(83, 49),
(146, 49),
(147, 49),
(148, 49),
(155, 49),
(157, 49),
(158, 49),
(186, 49),
(262, 49),
(269, 49),
(270, 49),
(52, 50),
(53, 50),
(55, 50),
(56, 50),
(127, 50),
(38, 51),
(41, 51),
(61, 51),
(152, 51),
(154, 51),
(204, 51),
(206, 51),
(207, 51),
(209, 51),
(211, 51),
(243, 51),
(249, 51),
(7, 52),
(15, 52),
(22, 52),
(23, 52),
(63, 52),
(86, 52),
(87, 52),
(92, 52),
(143, 52),
(144, 52),
(145, 52),
(264, 52),
(6, 53),
(13, 53),
(9, 54),
(61, 54),
(88, 54),
(89, 54),
(3, 55),
(14, 55),
(17, 55),
(18, 55),
(22, 55),
(23, 55),
(24, 55),
(25, 55),
(43, 55),
(44, 55),
(48, 55),
(50, 55),
(51, 55),
(82, 55),
(119, 55),
(126, 55),
(133, 55),
(134, 55),
(138, 55),
(139, 55),
(140, 55),
(141, 55),
(142, 55),
(143, 55),
(144, 55),
(145, 55),
(156, 55),
(163, 55),
(165, 55),
(166, 55),
(167, 55),
(179, 55),
(181, 55),
(191, 55),
(192, 55),
(193, 55),
(194, 55),
(195, 55),
(196, 55),
(213, 55),
(214, 55),
(215, 55),
(222, 55),
(224, 55),
(225, 55),
(230, 55),
(231, 55),
(232, 55),
(233, 55),
(234, 55),
(235, 55),
(236, 55),
(268, 55),
(9, 56),
(35, 56),
(36, 56),
(37, 56),
(43, 56),
(44, 56),
(58, 56),
(59, 56),
(251, 56),
(54, 57),
(186, 57),
(259, 59),
(260, 59),
(10, 60),
(11, 60),
(35, 60),
(36, 60),
(37, 60),
(71, 60),
(1, 61),
(2, 61),
(57, 61),
(176, 63),
(212, 63),
(3, 64),
(58, 64),
(59, 64),
(79, 64),
(97, 64),
(179, 64),
(181, 64),
(8, 66),
(17, 66),
(18, 66),
(26, 66),
(27, 66),
(28, 66),
(38, 66),
(41, 66),
(46, 66),
(47, 66),
(49, 66),
(50, 66),
(51, 66),
(72, 66),
(73, 66),
(74, 66),
(124, 66),
(129, 66),
(135, 66),
(136, 66),
(137, 66),
(141, 66),
(142, 66),
(152, 66),
(154, 66),
(160, 66),
(204, 66),
(206, 66),
(207, 66),
(209, 66),
(211, 66),
(217, 66),
(221, 66),
(224, 66),
(225, 66),
(230, 66),
(231, 66),
(232, 66),
(242, 66),
(254, 66),
(256, 66),
(257, 66),
(272, 66),
(239, 67),
(240, 67),
(60, 71),
(62, 71),
(254, 71),
(244, 72),
(245, 72),
(57, 73),
(97, 73),
(104, 73),
(105, 73),
(108, 73),
(111, 73),
(112, 73),
(113, 73),
(130, 73),
(138, 73),
(139, 73),
(140, 73),
(153, 73),
(159, 73),
(161, 73),
(162, 73),
(201, 73),
(273, 73),
(124, 74),
(5, 75),
(72, 75),
(73, 75),
(74, 75),
(131, 75),
(272, 75),
(168, 76),
(169, 76),
(172, 76),
(173, 76),
(258, 77),
(52, 78),
(53, 78),
(55, 78),
(56, 78),
(81, 78),
(84, 78),
(85, 78),
(90, 78),
(91, 78),
(98, 78),
(99, 78),
(100, 78),
(103, 78),
(106, 78),
(107, 78),
(109, 78),
(110, 78),
(114, 78),
(115, 78),
(116, 78),
(117, 78),
(125, 78),
(127, 78),
(131, 78),
(132, 78),
(159, 78),
(161, 78),
(162, 78),
(164, 78),
(166, 78),
(167, 78),
(168, 78),
(169, 78),
(172, 78),
(173, 78),
(198, 78),
(199, 78),
(202, 78),
(216, 78),
(218, 78),
(219, 78),
(223, 78),
(226, 78),
(227, 78),
(228, 78),
(229, 78),
(233, 78),
(234, 78),
(235, 78),
(236, 78),
(244, 78),
(245, 78),
(250, 78),
(259, 78),
(260, 78),
(261, 78),
(265, 78),
(267, 78),
(273, 78),
(14, 80),
(170, 80),
(174, 80),
(203, 80),
(205, 80),
(208, 80),
(210, 80),
(5, 84),
(16, 84),
(19, 84),
(20, 84),
(21, 84),
(24, 84),
(25, 84),
(39, 84),
(40, 84),
(46, 84),
(47, 84),
(49, 84),
(54, 84),
(75, 84),
(76, 84),
(77, 84),
(78, 84),
(93, 84),
(94, 84),
(95, 84),
(96, 84),
(101, 84),
(102, 84),
(128, 84),
(149, 84),
(150, 84),
(151, 84),
(155, 84),
(157, 84),
(158, 84),
(163, 84),
(165, 84),
(171, 84),
(177, 84),
(216, 84),
(218, 84),
(219, 84),
(247, 84),
(248, 84),
(268, 84),
(12, 88),
(30, 88),
(64, 88),
(67, 88),
(160, 88),
(164, 88),
(170, 88),
(174, 88),
(251, 88),
(262, 88),
(266, 88),
(271, 88),
(12, 90),
(86, 90),
(87, 90),
(92, 90),
(98, 90),
(99, 90),
(100, 90),
(123, 90),
(132, 90),
(135, 90),
(136, 90),
(137, 90),
(175, 90),
(178, 90),
(263, 90),
(265, 90),
(269, 90),
(270, 90),
(126, 93),
(8, 94),
(187, 94),
(188, 94),
(189, 94),
(242, 100),
(129, 102),
(252, 125),
(253, 125),
(118, 167),
(120, 167),
(119, 168),
(246, 169);

-- --------------------------------------------------------

--
-- Table structure for table `rankings`
--

CREATE TABLE `rankings` (
  `ranking_id` int(11) NOT NULL,
  `ranking_rank` smallint(6) NOT NULL,
  `ranking_points` int(11) NOT NULL,
  `player_id` int(11) NOT NULL,
  `season_id` int(11) NOT NULL
) ENGINE=InnoDB DEFAULT CHARSET=utf8;

--
-- Dumping data for table `rankings`
--

INSERT INTO `rankings` (`ranking_id`, `ranking_rank`, `ranking_points`, `player_id`, `season_id`) VALUES
(1, 2, 79460, 66, 1),
(2, 1, 79740, 55, 1),
(3, 10, 57900, 22, 1),
(4, 19, 46360, 78, 1),
(5, 9, 58880, 10, 1),
(6, 3, 76720, 41, 1),
(7, 4, 68220, 84, 1),
(8, 17, 49790, 49, 1),
(9, 11, 56355, 40, 1),
(10, 7, 62460, 51, 1),
(11, 6, 62940, 90, 1),
(12, 8, 59765, 73, 1),
(13, 5, 66940, 88, 1),
(14, 20, 44580, 37, 1),
(15, 16, 52895, 5, 1),
(16, 12, 54900, 26, 1),
(17, 18, 48580, 75, 1),
(18, 13, 54280, 52, 1),
(19, 14, 53660, 60, 1),
(20, 15, 53260, 56, 1),
(21, 31, 39575, 80, 1),
(22, 37, 34185, 96, 1),
(23, 26, 43155, 61, 1),
(24, 32, 37600, 46, 1),
(25, 23, 43915, 23, 1),
(26, 25, 43515, 57, 1),
(27, 49, 29505, 3, 1),
(28, 29, 41665, 54, 1),
(29, 36, 35590, 24, 1),
(30, 34, 36495, 64, 1),
(31, 30, 40135, 71, 1),
(32, 42, 31620, 53, 1),
(33, 24, 43715, 94, 1),
(34, 64, 18690, 43, 1),
(35, 27, 42130, 42, 1),
(36, 22, 44055, 6, 1),
(37, 41, 32055, 18, 1),
(38, 33, 37590, 12, 1),
(39, 35, 35625, 29, 1),
(40, 59, 21535, 77, 1),
(41, 28, 42045, 50, 1),
(42, 48, 29580, 9, 1),
(43, 39, 34005, 31, 1),
(44, 66, 17305, 13, 1),
(45, 56, 23145, 25, 1),
(46, 40, 32510, 33, 1),
(47, 43, 31440, 8, 1),
(48, 67, 16990, 21, 1),
(49, 47, 29805, 97, 1),
(50, 38, 34145, 32, 1),
(51, 73, 13360, 2, 1),
(52, 53, 27740, 4, 1),
(53, 45, 30900, 79, 1),
(54, 52, 27895, 35, 1),
(55, 44, 30965, 59, 1),
(56, 74, 13230, 68, 1),
(57, 63, 19590, 65, 1),
(58, 69, 15715, 92, 1),
(59, 46, 30695, 67, 1),
(60, 79, 11460, 74, 1),
(61, 72, 13500, 48, 1),
(62, 57, 22620, 72, 1),
(63, 55, 25225, 36, 1),
(66, 50, 29285, 17, 1),
(77, 89, 7110, 82, 1),
(82, 81, 10940, 81, 1),
(89, 76, 13050, 45, 1),
(94, 62, 20415, 11, 1),
(96, 88, 7905, 19, 1),
(97, 82, 10350, 95, 1),
(98, 83, 10105, 15, 1),
(105, 68, 15960, 28, 1),
(106, 94, 3890, 62, 1),
(109, 54, 27145, 47, 1),
(111, 77, 11910, 98, 1),
(113, 70, 15660, 132, 1),
(115, 90, 5890, 39, 1),
(121, 80, 11420, 63, 1),
(125, 71, 14140, 91, 1),
(127, 97, 360, 27, 1),
(129, 58, 22175, 86, 1),
(130, 51, 28270, 89, 1),
(131, 61, 21215, 30, 1),
(132, 21, 44335, 87, 1),
(133, 60, 21235, 1, 1),
(134, 65, 18265, 144, 1),
(135, 75, 13110, 70, 1),
(136, 78, 11890, 14, 1),
(137, 84, 9360, 44, 1),
(138, 85, 8345, 85, 1),
(139, 86, 8340, 58, 1),
(140, 87, 8170, 16, 1),
(141, 91, 5590, 69, 1),
(142, 92, 5590, 83, 1),
(143, 93, 4060, 34, 1),
(144, 95, 3560, 145, 1),
(145, 96, 1410, 146, 1),
(146, 98, 0, 147, 1),
(147, 1, 774089, 55, 2),
(148, 2, 700671, 22, 2),
(149, 3, 680748, 66, 2),
(150, 4, 505616, 78, 2),
(151, 5, 498199, 10, 2),
(152, 6, 407322, 41, 2),
(153, 7, 366405, 84, 2),
(154, 8, 342873, 49, 2),
(155, 9, 305118, 51, 2),
(156, 10, 296860, 73, 2),
(157, 11, 284959, 40, 2),
(158, 12, 276081, 90, 2),
(159, 13, 222125, 5, 2),
(160, 14, 217476, 88, 2),
(161, 15, 198065, 37, 2),
(162, 16, 188163, 52, 2),
(163, 17, 176583, 26, 2),
(164, 18, 163388, 56, 2),
(165, 19, 163258, 60, 2),
(166, 20, 161864, 75, 2),
(167, 21, 146443, 80, 2),
(168, 22, 139705, 61, 2),
(169, 23, 138177, 96, 2),
(170, 24, 130848, 23, 2),
(171, 25, 129520, 71, 2),
(172, 26, 126689, 46, 2),
(173, 27, 115938, 64, 2),
(174, 28, 113586, 54, 2),
(175, 29, 112988, 3, 2),
(176, 30, 112148, 57, 2),
(177, 31, 111263, 24, 2),
(178, 32, 104943, 94, 2),
(179, 33, 102712, 42, 2),
(180, 34, 93888, 43, 2),
(181, 35, 93490, 50, 2),
(182, 36, 93344, 6, 2),
(183, 37, 92401, 18, 2),
(184, 38, 89702, 53, 2),
(185, 39, 88294, 77, 2),
(186, 40, 86874, 12, 2),
(187, 41, 85598, 31, 2),
(188, 42, 83940, 29, 2),
(189, 43, 78025, 32, 2),
(190, 44, 77704, 25, 2),
(191, 45, 76520, 9, 2),
(192, 46, 72205, 13, 2),
(193, 47, 69737, 21, 2),
(194, 48, 69543, 59, 2),
(195, 49, 68350, 2, 2),
(196, 50, 67091, 4, 2),
(197, 51, 66805, 8, 2),
(198, 52, 65188, 97, 2),
(199, 53, 64034, 79, 2),
(200, 54, 63722, 35, 2),
(201, 55, 61366, 33, 2),
(202, 56, 59512, 68, 2),
(203, 57, 58928, 67, 2),
(204, 58, 56787, 65, 2),
(205, 59, 53160, 92, 2),
(206, 60, 51147, 17, 2),
(207, 61, 50220, 72, 2),
(208, 62, 49375, 74, 2),
(209, 63, 48850, 48, 2),
(210, 64, 48692, 36, 2),
(211, 65, 45213, 82, 2),
(212, 66, 43902, 93, 2),
(213, 67, 42993, 81, 2),
(214, 68, 42576, 99, 2),
(215, 69, 42476, 89, 2),
(216, 70, 41752, 100, 2),
(217, 71, 40933, 20, 2),
(218, 72, 40782, 63, 2),
(219, 73, 39537, 28, 2),
(220, 74, 38223, 87, 2),
(221, 75, 36964, 30, 2),
(222, 76, 35684, 11, 2),
(223, 77, 33978, 98, 2),
(224, 78, 33784, 15, 2),
(225, 79, 31677, 101, 2),
(226, 80, 31512, 39, 2),
(227, 81, 31083, 47, 2),
(228, 82, 27601, 70, 2),
(229, 83, 26462, 45, 2),
(230, 84, 24938, 103, 2),
(231, 85, 24894, 102, 2),
(232, 86, 23922, 44, 2),
(233, 87, 23769, 91, 2),
(234, 88, 21889, 95, 2),
(235, 89, 21123, 14, 2),
(236, 90, 19974, 19, 2),
(237, 91, 19330, 1, 2),
(238, 92, 17968, 58, 2),
(239, 93, 16600, 104, 2),
(240, 94, 15610, 38, 2),
(241, 95, 15600, 76, 2),
(242, 96, 14694, 106, 2),
(243, 97, 14377, 34, 2),
(244, 98, 14110, 107, 2),
(245, 99, 14078, 85, 2),
(246, 100, 12263, 16, 2),
(247, 101, 11443, 62, 2),
(248, 102, 9209, 83, 2),
(249, 103, 8916, 108, 2),
(250, 104, 8860, 109, 2),
(251, 105, 8700, 110, 2),
(252, 106, 8249, 105, 2),
(253, 107, 6166, 112, 2),
(254, 108, 5167, 115, 2),
(255, 109, 5000, 116, 2),
(256, 110, 4960, 7, 2),
(257, 111, 4850, 118, 2),
(258, 112, 4818, 114, 2),
(259, 113, 4302, 117, 2),
(260, 114, 3883, 69, 2),
(261, 115, 3650, 120, 2),
(262, 116, 2000, 125, 2),
(263, 116, 2000, 148, 2),
(264, 118, 1749, 113, 2),
(265, 118, 1749, 149, 2),
(266, 120, 1600, 126, 2),
(267, 121, 1500, 146, 2),
(268, 122, 1260, 119, 2),
(269, 123, 833, 127, 2),
(270, 124, 694, 128, 2),
(271, 125, 400, 150, 2),
(272, 126, 200, 27, 2),
(273, 127, 0, 137, 2),
(274, 127, 0, 133, 2),
(275, 127, 0, 151, 2),
(276, 127, 0, 136, 2),
(277, 127, 0, 86, 2),
(278, 1, 760382, 55, 3),
(279, 2, 608028, 90, 3),
(280, 3, 602693, 66, 3),
(281, 4, 59210, 22, 3),
(282, 5, 465866, 78, 3),
(283, 6, 457499, 84, 3),
(284, 7, 395832, 41, 3),
(285, 8, 381433, 10, 3),
(286, 9, 358723, 37, 3),
(287, 10, 318171, 73, 3),
(288, 11, 315566, 49, 3),
(289, 12, 314500, 51, 3),
(290, 13, 284000, 40, 3),
(291, 14, 246233, 56, 3),
(292, 15, 200966, 88, 3),
(293, 16, 187660, 75, 3),
(294, 17, 177220, 64, 3),
(295, 18, 175516, 26, 3),
(296, 19, 171985, 52, 3),
(297, 20, 162987, 80, 3),
(298, 21, 150599, 96, 3),
(299, 22, 145901, 46, 3),
(300, 23, 137206, 3, 3),
(301, 24, 137112, 9, 3),
(302, 25, 131475, 61, 3),
(303, 26, 125111, 57, 3),
(304, 27, 121849, 24, 3),
(305, 28, 117626, 60, 3),
(306, 29, 114050, 5, 3),
(307, 30, 110157, 59, 3),
(308, 31, 108917, 71, 3),
(309, 32, 108203, 12, 3),
(310, 33, 105824, 23, 3),
(311, 34, 102775, 99, 3),
(312, 35, 101716, 18, 3),
(313, 36, 98834, 54, 3),
(314, 37, 96730, 43, 3),
(315, 38, 96083, 33, 3),
(316, 39, 94870, 77, 3),
(317, 40, 87809, 25, 3),
(318, 41, 86610, 35, 3),
(319, 42, 80342, 65, 3),
(320, 43, 80061, 21, 3),
(321, 44, 78431, 48, 3),
(322, 45, 78338, 42, 3),
(323, 46, 77950, 31, 3),
(324, 47, 76331, 53, 3),
(325, 48, 75026, 6, 3),
(326, 49, 71745, 92, 3),
(327, 50, 70164, 74, 3),
(328, 51, 70016, 20, 3),
(329, 52, 69819, 97, 3),
(330, 53, 69332, 29, 3),
(331, 54, 68041, 2, 3),
(332, 55, 65194, 102, 3),
(333, 56, 62251, 100, 3),
(334, 57, 61618, 72, 3),
(335, 58, 61399, 8, 3),
(336, 59, 60324, 94, 3),
(337, 60, 59447, 13, 3),
(338, 61, 56166, 76, 3),
(339, 62, 56149, 79, 3),
(340, 63, 55733, 101, 3),
(341, 64, 54582, 38, 3),
(342, 65, 53657, 67, 3),
(343, 66, 52956, 32, 3),
(344, 67, 51999, 4, 3),
(345, 68, 49404, 50, 3),
(346, 69, 47415, 105, 3),
(347, 70, 46799, 36, 3),
(348, 71, 44821, 103, 3),
(349, 72, 36332, 81, 3),
(350, 73, 30449, 15, 3),
(351, 74, 29066, 45, 3),
(352, 75, 28283, 122, 3),
(353, 76, 28194, 106, 3),
(354, 77, 28099, 113, 3),
(355, 78, 27833, 121, 3),
(356, 79, 25433, 17, 3),
(357, 80, 23583, 108, 3),
(358, 81, 23289, 152, 3),
(359, 82, 23116, 93, 3),
(360, 83, 21216, 98, 3),
(361, 84, 18833, 116, 3),
(362, 85, 18450, 125, 3),
(363, 86, 18360, 107, 3),
(364, 87, 17566, 39, 3),
(365, 88, 17366, 142, 3),
(366, 89, 16672, 28, 3),
(367, 90, 15766, 111, 3),
(368, 91, 14901, 114, 3),
(369, 92, 13582, 63, 3),
(370, 93, 12866, 82, 3),
(371, 94, 12839, 11, 3),
(372, 95, 11649, 133, 3),
(373, 96, 10832, 124, 3),
(374, 97, 10666, 140, 3),
(375, 98, 10416, 95, 3),
(376, 99, 9835, 117, 3),
(377, 100, 9260, 109, 3),
(378, 101, 8649, 112, 3),
(379, 102, 8160, 7, 3),
(380, 103, 8000, 91, 3),
(381, 104, 7983, 135, 3),
(382, 105, 7972, 62, 3),
(383, 106, 6583, 89, 3),
(384, 107, 6399, 127, 3),
(385, 108, 5860, 119, 3),
(386, 109, 5750, 115, 3),
(387, 110, 5433, 118, 3),
(388, 111, 5166, 19, 3),
(389, 112, 5050, 120, 3),
(390, 113, 3600, 153, 3),
(391, 114, 3067, 129, 3),
(392, 115, 2966, 130, 3),
(393, 116, 2416, 134, 3),
(394, 117, 1700, 137, 3),
(395, 118, 1700, 139, 3),
(396, 119, 1683, 126, 3),
(397, 120, 1400, 131, 3),
(398, 121, 694, 128, 3),
(399, 122, 600, 47, 3),
(400, 123, 400, 30, 3),
(401, 124, 0, 151, 3),
(402, 125, 0, 141, 3),
(403, 126, 0, 27, 3),
(404, 127, 0, 143, 3),
(405, 128, 0, 110, 3),
(406, 129, 0, 136, 3),
(407, 130, 0, 68, 3),
(408, 1, 680041, 55, 4),
(409, 2, 586720, 90, 4),
(410, 3, 453166, 41, 4),
(411, 4, 450058, 84, 4),
(412, 5, 406360, 66, 4),
(413, 6, 400925, 40, 4),
(414, 7, 392700, 51, 4),
(415, 8, 324752, 73, 4),
(416, 9, 314925, 22, 4),
(417, 10, 296250, 78, 4),
(418, 11, 290083, 37, 4),
(419, 12, 253241, 49, 4),
(420, 13, 237375, 56, 4),
(421, 14, 228025, 10, 4),
(422, 15, 217759, 57, 4),
(423, 16, 195899, 100, 4),
(424, 17, 187101, 46, 4),
(425, 18, 181450, 88, 4),
(426, 19, 178033, 64, 4),
(427, 20, 163951, 3, 4),
(428, 21, 163644, 75, 4),
(429, 22, 155683, 18, 4),
(430, 23, 153807, 80, 4),
(431, 24, 151483, 26, 4),
(432, 25, 150000, 59, 4),
(433, 26, 139877, 52, 4),
(434, 27, 137699, 12, 4),
(435, 28, 135017, 9, 4),
(436, 29, 133533, 61, 4),
(437, 30, 130357, 48, 4),
(438, 31, 123842, 71, 4),
(439, 32, 121050, 5, 4),
(440, 33, 103207, 92, 4),
(441, 34, 98372, 35, 4),
(442, 35, 98183, 33, 4),
(443, 36, 97717, 54, 4),
(444, 37, 87430, 65, 4),
(445, 38, 87308, 23, 4),
(446, 39, 86149, 29, 4),
(447, 40, 85925, 24, 4),
(448, 41, 79691, 53, 4),
(449, 42, 79674, 99, 4),
(450, 43, 79533, 94, 4),
(451, 44, 79018, 60, 4),
(452, 45, 78290, 21, 4),
(453, 46, 76107, 81, 4),
(454, 47, 75724, 77, 4),
(455, 48, 74616, 93, 4),
(456, 49, 72716, 79, 4),
(457, 50, 72283, 43, 4),
(458, 51, 71045, 96, 4),
(459, 52, 70925, 102, 4),
(460, 53, 66997, 38, 4),
(461, 54, 65658, 122, 4),
(462, 55, 65174, 74, 4),
(463, 56, 64358, 6, 4),
(464, 57, 63983, 42, 4),
(465, 58, 60608, 31, 4),
(466, 59, 60566, 76, 4),
(467, 60, 59516, 19, 4),
(468, 61, 50808, 121, 4),
(469, 62, 50622, 28, 4),
(470, 63, 50400, 97, 4),
(471, 64, 49431, 101, 4),
(472, 65, 45816, 98, 4),
(473, 66, 45132, 25, 4),
(474, 67, 44716, 45, 4),
(475, 68, 42999, 15, 4),
(476, 69, 42233, 20, 4),
(477, 70, 40791, 142, 4),
(478, 71, 39223, 8, 4),
(479, 72, 38175, 13, 4),
(480, 73, 36525, 72, 4),
(481, 74, 32833, 135, 4),
(482, 75, 30100, 4, 4),
(483, 76, 28591, 111, 4),
(484, 77, 26875, 58, 4),
(485, 78, 25100, 32, 4),
(486, 79, 24666, 39, 4),
(487, 80, 24150, 117, 4),
(488, 81, 23541, 82, 4),
(489, 82, 23500, 103, 4),
(490, 83, 21700, 105, 4),
(491, 84, 18775, 67, 4),
(492, 85, 14616, 140, 4),
(493, 86, 14582, 63, 4),
(494, 87, 14300, 16, 4),
(495, 88, 13639, 11, 4),
(496, 89, 13625, 27, 4),
(497, 90, 13250, 83, 4),
(498, 91, 12757, 124, 4),
(499, 92, 11550, 154, 4),
(500, 93, 11422, 62, 4),
(501, 94, 10941, 95, 4),
(502, 95, 9825, 160, 4),
(503, 96, 8800, 91, 4),
(504, 97, 8700, 153, 4),
(505, 98, 8000, 159, 4),
(506, 99, 7750, 70, 4),
(507, 100, 6817, 129, 4),
(508, 101, 6750, 162, 4),
(509, 102, 6600, 164, 4),
(510, 103, 6583, 89, 4),
(511, 104, 6191, 134, 4),
(512, 105, 5925, 141, 4),
(513, 106, 5300, 30, 4),
(514, 107, 4141, 130, 4),
(515, 108, 4125, 123, 4),
(516, 109, 4000, 155, 4),
(517, 110, 3700, 125, 4),
(518, 111, 3500, 127, 4),
(519, 112, 2775, 156, 4),
(520, 113, 2700, 157, 4),
(521, 114, 2100, 139, 4),
(522, 115, 2100, 158, 4),
(523, 116, 2050, 169, 4),
(524, 116, 1400, 131, 4),
(525, 118, 775, 161, 4),
(526, 118, 750, 110, 4),
(527, 120, 600, 47, 4),
(528, 121, 500, 36, 4),
(529, 122, 0, 143, 4),
(530, 123, 0, 163, 4),
(531, 124, 0, 166, 4),
(532, 125, 0, 165, 4),
(533, 126, 0, 116, 4),
(534, 127, 0, 86, 4);

-- --------------------------------------------------------

--
-- Table structure for table `rounds`
--

CREATE TABLE `rounds` (
  `round_id` int(11) NOT NULL,
  `round_slug` varchar(255) NOT NULL,
  `round_route` varchar(255) NOT NULL,
  `round_name` varchar(45) NOT NULL,
  `tournament_id` int(11) NOT NULL
) ENGINE=InnoDB DEFAULT CHARSET=utf8;

--
-- Dumping data for table `rounds`
--

INSERT INTO `rounds` (`round_id`, `round_slug`, `round_route`, `round_name`, `tournament_id`) VALUES
(1, 'uk-championship-2012/first-round', 'Router::connect(\"/rounds/uk-championship-2012/first-round\", array(\"controller\" => \"rounds\", \"action\" => \"view\", 1));', 'First Round', 1),
(2, 'uk-championship-2012/second-round', 'Router::connect(\"/rounds/uk-championship-2012/second-round\", array(\"controller\" => \"rounds\", \"action\" => \"view\", 2));', 'Second Round', 1),
(3, 'uk-championship-2012/quarter-finals', 'Router::connect(\"/rounds/uk-championship-2012/quarter-finals\", array(\"controller\" => \"rounds\", \"action\" => \"view\", 3));', 'Quarter Finals', 1),
(4, 'uk-championship-2012/semi-finals', 'Router::connect(\"/rounds/uk-championship-2012/semi-finals\", array(\"controller\" => \"rounds\", \"action\" => \"view\", 4));', 'Semi Finals', 1),
(5, 'uk-championship-2012/final', 'Router::connect(\"/rounds/uk-championship-2012/final\", array(\"controller\" => \"rounds\", \"action\" => \"view\", 5));', 'Final', 1),
(6, 'the-masters-2013/first-round', 'Router::connect(\"/rounds/the-masters-2013/first-round\", array(\"controller\" => \"rounds\", \"action\" => \"view\", 6));', 'First Round', 2),
(7, 'the-masters-2013/quarter-finals', 'Router::connect(\"/rounds/the-masters-2013/quarter-finals\", array(\"controller\" => \"rounds\", \"action\" => \"view\", 7));', 'Quarter Finals', 2),
(8, 'the-masters-2013/semi-finals', 'Router::connect(\"/rounds/the-masters-2013/semi-finals\", array(\"controller\" => \"rounds\", \"action\" => \"view\", 8));', 'Semi Finals', 2),
(9, 'the-masters-2013/final', 'Router::connect(\"/rounds/the-masters-2013/final\", array(\"controller\" => \"rounds\", \"action\" => \"view\", 9));', 'Final', 2),
(10, 'world-championship-2013/first-round', 'Router::connect(\"/rounds/world-championship-2013/first-round\", array(\"controller\" => \"rounds\", \"action\" => \"view\", 10));', 'First Round', 3),
(11, 'world-championship-2013/second-round', 'Router::connect(\"/rounds/world-championship-2013/second-round\", array(\"controller\" => \"rounds\", \"action\" => \"view\", 11));', 'Second Round', 3),
(12, 'world-championship-2013/quarter-finals', 'Router::connect(\"/rounds/world-championship-2013/quarter-finals\", array(\"controller\" => \"rounds\", \"action\" => \"view\", 12));', 'Quarter Finals', 3),
(13, 'world-championship-2013/semi-finals', 'Router::connect(\"/rounds/world-championship-2013/semi-finals\", array(\"controller\" => \"rounds\", \"action\" => \"view\", 13));', 'Semi Finals', 3),
(14, 'world-championship-2013/final', 'Router::connect(\"/rounds/world-championship-2013/final\", array(\"controller\" => \"rounds\", \"action\" => \"view\", 14));', 'Final', 3),
(15, 'uk-championship-2013/first-round', 'Router::connect(\"/rounds/uk-championship-2013/first-round\", array(\"controller\" => \"rounds\", \"action\" => \"view\", 15));', 'First Round', 4),
(16, 'uk-championship-2013/second-round', 'Router::connect(\"/rounds/uk-championship-2013/second-round\", array(\"controller\" => \"rounds\", \"action\" => \"view\", 16));', 'Second Round', 4),
(17, 'uk-championship-2013/third-round', 'Router::connect(\"/rounds/uk-championship-2013/third-round\", array(\"controller\" => \"rounds\", \"action\" => \"view\", 17));', 'Third Round', 4),
(18, 'uk-championship-2013/last-16', 'Router::connect(\"/rounds/uk-championship-2013/last-16\", array(\"controller\" => \"rounds\", \"action\" => \"view\", 18));', 'Last 16', 4),
(19, 'uk-championship-2013/quarter-finals', 'Router::connect(\"/rounds/uk-championship-2013/quarter-finals\", array(\"controller\" => \"rounds\", \"action\" => \"view\", 19));', 'Quarter Finals', 4),
(20, 'uk-championship-2013/semi-finals', 'Router::connect(\"/rounds/uk-championship-2013/semi-finals\", array(\"controller\" => \"rounds\", \"action\" => \"view\", 20));', 'Semi Finals', 4),
(21, 'uk-championship-2013/final', 'Router::connect(\"/rounds/uk-championship-2013/final\", array(\"controller\" => \"rounds\", \"action\" => \"view\", 21));', 'Final', 4),
(22, 'the-masters-2014/first-round', 'Router::connect(\"/rounds/the-masters-2014/first-round\", array(\"controller\" => \"rounds\", \"action\" => \"view\", 22));', 'First Round', 5),
(23, 'the-masters-2014/quarter-finals', 'Router::connect(\"/rounds/the-masters-2014/quarter-finals\", array(\"controller\" => \"rounds\", \"action\" => \"view\", 23));', 'Quarter Finals', 5),
(24, 'the-masters-2014/semi-finals', 'Router::connect(\"/rounds/the-masters-2014/semi-finals\", array(\"controller\" => \"rounds\", \"action\" => \"view\", 24));', 'Semi Finals', 5),
(25, 'the-masters-2014/final', 'Router::connect(\"/rounds/the-masters-2014/final\", array(\"controller\" => \"rounds\", \"action\" => \"view\", 25));', 'Final', 5),
(26, 'world-championship-2014/first-round', 'Router::connect(\"/rounds/world-championship-2014/first-round\", array(\"controller\" => \"rounds\", \"action\" => \"view\", 26));', 'First Round', 6),
(27, 'world-championship-2014/second-round', 'Router::connect(\"/rounds/world-championship-2014/second-round\", array(\"controller\" => \"rounds\", \"action\" => \"view\", 27));', 'Second Round', 6),
(28, 'world-championship-2014/quarter-finals', 'Router::connect(\"/rounds/world-championship-2014/quarter-finals\", array(\"controller\" => \"rounds\", \"action\" => \"view\", 28));', 'Quarter Finals', 6),
(29, 'world-championship-2014/semi-finals', 'Router::connect(\"/rounds/world-championship-2014/semi-finals\", array(\"controller\" => \"rounds\", \"action\" => \"view\", 29));', 'Semi Finals', 6),
(30, 'world-championship-2014/final', 'Router::connect(\"/rounds/world-championship-2014/final\", array(\"controller\" => \"rounds\", \"action\" => \"view\", 30));', 'Final', 6),
(31, 'uk-championship-2014/first-round', 'Router::connect(\"/rounds/uk-championship-2014/first-round\", array(\"controller\" => \"rounds\", \"action\" => \"view\", 31));', 'First Round', 7),
(32, 'uk-championship-2014/second-round', 'Router::connect(\"/rounds/uk-championship-2014/second-round\", array(\"controller\" => \"rounds\", \"action\" => \"view\", 32));', 'Second Round', 7),
(33, 'uk-championship-2014/third-round', 'Router::connect(\"/rounds/uk-championship-2014/third-round\", array(\"controller\" => \"rounds\", \"action\" => \"view\", 33));', 'Third Round', 7),
(34, 'uk-championship-2014/last-16', 'Router::connect(\"/rounds/uk-championship-2014/last-16\", array(\"controller\" => \"rounds\", \"action\" => \"view\", 34));', 'Last 16', 7),
(35, 'uk-championship-2014/quarter-finals', 'Router::connect(\"/rounds/uk-championship-2014/quarter-finals\", array(\"controller\" => \"rounds\", \"action\" => \"view\", 35));', 'Quarter Finals', 7),
(36, 'uk-championship-2014/semi-finals', 'Router::connect(\"/rounds/uk-championship-2014/semi-finals\", array(\"controller\" => \"rounds\", \"action\" => \"view\", 36));', 'Semi Finals', 7),
(37, 'uk-championship-2014/final', 'Router::connect(\"/rounds/uk-championship-2014/final\", array(\"controller\" => \"rounds\", \"action\" => \"view\", 37));', 'Final', 7),
(38, 'the-masters-2015/first-round', 'Router::connect(\"/rounds/the-masters-2015/first-round\", array(\"controller\" => \"rounds\", \"action\" => \"view\", 38));', 'First Round', 8);

-- --------------------------------------------------------

--
-- Table structure for table `seasons`
--

CREATE TABLE `seasons` (
  `season_id` int(11) NOT NULL,
  `season_beginYear` year(4) NOT NULL,
  `season_endYear` year(4) NOT NULL
) ENGINE=InnoDB DEFAULT CHARSET=utf8;

--
-- Dumping data for table `seasons`
--

INSERT INTO `seasons` (`season_id`, `season_beginYear`, `season_endYear`) VALUES
(1, 2012, 2013),
(2, 2013, 2014),
(3, 2014, 2015),
(4, 2015, 2016);

-- --------------------------------------------------------

--
-- Table structure for table `timelines`
--

CREATE TABLE `timelines` (
  `timeline_id` int(11) NOT NULL,
  `timeline_title` varchar(255) NOT NULL,
  `timeline_description` text NOT NULL
) ENGINE=InnoDB DEFAULT CHARSET=utf8;

--
-- Dumping data for table `timelines`
--

INSERT INTO `timelines` (`timeline_id`, `timeline_title`, `timeline_description`) VALUES
(1, 'John Higgins Micheal Holt', 'John Higgins Micheal Holt'),
(2, 'John Higgins Micheal Holt Part Two', 'John Higgins Micheal Holt Part Two'),
(3, 'Ding Junghui VS Ryan Day Highlights', 'Ding Junghui VS Ryan Day Highlights'),
(4, 'Barry Hawkins VS Liang Wenbo Snooker Extra', 'Barry Hawkins VS Liang Wenbo Snooker Extra'),
(5, 'Shaun Murphy VS Robert Milkins', 'Shaun Murphy VS Robert Milkins'),
(6, 'Judd Trump VS Mark Joyce', 'Judd Trump VS Mark Joyce'),
(7, 'Mark Davis VS Cao Yupeng', 'Mark Davis VS Cao Yupeng'),
(8, 'Neil Robertson VS Tom Ford', 'Neil Robertson VS Tom Ford'),
(9, 'Mark Williams VS Mark King', 'Mark Williams VS Mark King'),
(10, 'Matthew Stevens VS Dominic Dale Snooker Extra', 'Matthew Stevens VS Dominic Dale Snooker Extra '),
(11, 'Matthew Stevens VS Marco Fu', 'Matthew Stevens VS Marco Fu'),
(12, 'Stephen Maguire VS Stuart Bingham Highlights ', 'Stephen Maguire VS Stuart Bingham Highlights '),
(13, 'Mark Joyce VS Ali Carter Snooker Extra ', 'Mark Joyce VS Ali Carter Snooker Extra '),
(14, 'Mark Selby VS Ryan Day', 'Mark Selby VS Ryan Day'),
(15, 'John Higgins VS Mark Davis', 'John Higgins VS Mark Davis'),
(16, 'Shaun Murphy VS Luca Brecel', 'Shaun Murphy VS Luca Brecel'),
(17, 'Mark Selby VS Neil Robertson', 'Mark Selby VS Neil Robertson'),
(18, 'Mark Selby VS Neil Robertson Highlights', 'Mark Selby VS Neil Robertson Highlights'),
(19, 'Shaun Murphy VS Ali Carter', 'Shaun Murphy VS Ali Carter'),
(20, 'Shaun Murphy VS Ali Carter Part Two', 'Shaun Murphy VS Ali Carter Part Two'),
(21, 'Shaun Murphy VS Ali Carter Highlights', 'Shaun Murphy VS Ali Carter Highlights'),
(22, 'Mark Selby VS Mark Davis', 'Mark Selby VS Mark Davis'),
(23, 'Mark Selby VS Mark Davis Part Two', 'Mark Selby VS Mark Davis Part One '),
(24, 'Mark Selby VS Shaun Murphy Part One', 'Mark Selby VS Shaun Murphy Part One'),
(25, 'Mark Selby VS Shaun Murphy Part Two', 'Mark Selby VS Shaun Murphy Part Two'),
(26, 'Neil Robertson VS Ding Junghui', 'Neil Robertson VS Ding Junghui'),
(27, 'Neil Robertson VS Ding Junghui Highlights', 'Neil Robertson VS Ding Junghui Highlights'),
(28, 'Neil Robertson VS Ding Junghui Snooker Extra', 'Neil Robertson VS Ding Junghui Snooker Extra'),
(29, 'John Higgins VS Ali Carter', 'John Higgins VS Ali Carter'),
(30, 'Stephen Maguire VS Graeme Dott', 'Stephen Maguire VS Graeme Dott'),
(31, 'John Higgins VS Ali Carter - Snooker Extra', 'John Higgins VS Ali Carter - Snooker Extra'),
(32, 'Judd Trump VS Barry Hawkins', 'Judd Trump VS Barry Hawkins'),
(33, 'Judd Trump VS Barry Hawkins Highlights', 'Judd Trump VS Barry Hawkins Highlights'),
(34, 'Judd Trump VS Barry Hawkins Snooker Extra', 'Judd Trump VS Barry Hawkins Snooker Extra'),
(35, 'Mark Williams VS Matthew Stevens', 'Mark Williams VS Matthew Stevens'),
(36, 'Mark Williams VS Matthew Stevens Highlights', 'Mark Williams VS Matthew Stevens Highlights'),
(37, 'Mark Williams VS Matthew Stevens Snooker Extra', 'Mark Williams VS Matthew Stevens Snooker Extra'),
(38, 'Neil Robertson VS Mark Allen', 'Neil Robertson VS Mark Allen'),
(39, 'John Higgins VS Shaun Murphy', 'John Higgins VS Shaun Murphy'),
(40, 'John Higgins VS Shaun Murphy - Highlights', 'John Higgins VS Shaun Murphy - Highlights'),
(41, 'Neil Robertson VS Mark Allen - Snooker Extra', 'Neil Robertson VS Mark Allen - Snooker Extra'),
(42, 'Judd Trump VS Graeme Dott', 'Judd Trump VS Graeme Dott'),
(43, 'Mark Selby VS Mark Williams', 'Mark Selby VS Mark Williams'),
(44, 'Mark Selby VS Mark Williams Highlights', 'Mark Selby VS Mark Williams Highlights'),
(45, 'Judd Trump VS Graeme Dott Snooker Extra', 'Judd Trump VS Graeme Dott Snooker Extra'),
(46, 'Shaun Murphy VS Neil Robertson', 'Shaun Murphy VS Neil Robertson'),
(47, 'Shaun Murphy VS Neil Robertson Part Two', 'Shaun Murphy VS Neil Robertson Part Two'),
(48, 'Mark Selby VS Graeme Dott', 'Mark Selby VS Graeme Dott'),
(49, 'Shaun Murphy VS Neil Robertson Snooker Extra ', 'Shaun Murphy VS Neil Robertson Snooker Extra '),
(50, 'Mark Selby VS Neil Robertson', 'Mark Selby VS Neil Robertson'),
(51, 'Mark Selby VS Neil Robertson - Part Two', 'Mark Selby VS Neil Robertson - Part Two'),
(52, 'Ronnie O\'Sullivan VS Marcus Campbell', 'Ronnie O\'Sullivan VS Marcus Campbell'),
(53, 'Ronnie O\'Sullivan VS Marcus Campbell Part Two', 'Ronnie O\'Sullivan VS Marcus Campbell Part Two'),
(54, 'Shaun Murphy VS Martin Gould', 'Shaun Murphy VS Martin Gould'),
(55, 'Ronnie O\'Sullivan VS Marcus Campbell Part Three', 'Ronnie O\'Sullivan VS Marcus Campbell Part Three'),
(56, 'Ronnie O\'Sullivan VS Marcus Campbell Highlights', 'Ronnie O\'Sullivan VS Marcus Campbell Highlights'),
(57, 'Ricky Walden VS Michael Holt Snooker Extra', 'Ricky Walden VS Michael Holt Snooker Extra'),
(58, 'Mark Williams VS Michael White', 'Mark Williams VS Michael White'),
(59, 'Mark Williams VS Michael White Highlights', 'Mark Williams VS Michael White Highlights'),
(60, 'Greame Dott VS Peter Ebdon Snooker Extra', 'Greame Dott VS Peter Ebdon Snooker Extra'),
(61, 'Mark Allen VS Mark King', 'Mark Allen VS Mark King'),
(62, 'Graeme Dott VS Peter Ebdon', 'Graeme Dott VS Peter Ebdon'),
(63, 'John Higgins VS Mark Davis Highlights', 'John Higgins VS Mark Davis Highlights'),
(64, 'Stephen Maguire VS Dechuwat Poomjaeng Snooker Extra', 'Stephen Maguire VS Dechuwat Poomjaeng Snooker Extra'),
(65, 'Ding Junghui VS Alan McManus', 'Ding Junghui VS Alan McManus'),
(66, 'Ding Junghui VS Alan McManus Part Two', 'Ding Junghui VS Alan McManus Part Two'),
(67, 'Stephen Maguire VS Dechuwat Poomjaeng Highlights', 'Stephen Maguire VS Dechuwat Poomjaeng Highlights'),
(68, 'Ding Junghui VS Alan McManus Snooker Extra', 'Ding Junghui VS Alan McManus Snooker Extra'),
(69, 'Judd Trump VS Dominic Dale', 'Judd Trump VS Dominic Dale'),
(70, 'Judd Trump VS Dominic Dale Part Two', 'Judd Trump VS Dominic Dale Part Two'),
(71, 'Matthew Stevens VS Marco Fu Highlights', 'Matthew Stevens VS Marco Fu Highlights'),
(72, 'Neil Robertson VS Robert Milkins Snooker Extra', 'Neil Robertson VS Robert Milkins Snooker Extra'),
(73, 'Neil Robertson VS Robert Milkins', 'Neil Robertson VS Robert Milkins'),
(74, 'Neil Robertson VS Robert Milkins Highlights', 'Neil Robertson VS Robert Milkins Highlights'),
(75, 'Shaun Murphy VS Graeme Dott Snooker Extra', 'Shaun Murphy VS Graeme Dott Snooker Extra'),
(76, 'Shaun Murphy VS Graeme Dott', 'Shaun Murphy VS Graeme Dott'),
(77, 'Shaun Murphy VS Graeme Dott Part Three', 'Shaun Murphy VS Graeme Dott Part Three'),
(78, 'Shaun Murphy VS Graeme Dott Highlights', 'Shaun Murphy VS Graeme Dott Highlights'),
(79, 'Michael White VS Dechuwat Poomjaeng Snooker Extra', 'Michael White VS Dechuwat Poomjaeng Snooker Extra'),
(80, 'Judd Trump VS Marco Fu Part Two', 'Judd Trump VS Marco Fu Part Two'),
(81, 'Ali Carter VS Ronnie O\'Sullivan', 'Ali Carter VS Ronnie O\'Sullivan'),
(82, 'Mark Selby VS Barry Hawkins Part Three', 'Mark Selby VS Barry Hawkins Part Three'),
(83, 'Judd Trump VS Marco Fu Highlights', 'Judd Trump VS Marco Fu Highlights'),
(84, 'Ali Carter VS Ronnie O\'Sullivan Snooker Extra', 'Ali Carter VS Ronnie O\'Sullivan Snooker Extra'),
(85, 'Ali Carter VS Ronnie O\'Sullivan Part Two', 'Ali Carter VS Ronnie O\'Sullivan Part Two'),
(86, 'Stuart Bingham VS Mark Davis Part Two', 'Stuart Bingham VS Mark Davis Part Two'),
(87, 'Stuart Bingham VS Mark Davis Highlights', 'Stuart Bingham VS Mark Davis Highlights'),
(88, 'Ding Junghui VS Mark King Snooker Extra', 'Ding Junghui VS Mark King Snooker Extra'),
(89, 'Ding Junghui VS Mark King Part Three', 'Ding Junghui VS Mark King Part Three'),
(90, 'Ali Carter VS Ronnie O\'Sullivan Part Three', 'Ali Carter VS Ronnie O\'Sullivan Part Three'),
(91, 'Ali Carter VS Ronnie O\'Sullivan Highlights', 'Ali Carter VS Ronnie O\'Sullivan Highlights'),
(92, 'Stuart Bingham VS Mark Davis Snooker Extra', 'Stuart Bingham VS Mark Davis Snooker Extra'),
(93, 'Judd Trump VS Shaun Murphy', 'Judd Trump VS Shaun Murphy'),
(94, 'Judd Trump VS Shaun Murphy Part Two', 'Judd Trump VS Shaun Murphy Part Two'),
(95, 'Judd Trump VS Shaun Murphy Part Three', 'Judd Trump VS Shaun Murphy Part Three'),
(96, 'Judd Trump VS Shaun Murphy Highlights', 'Judd Trump VS Shaun Murphy Highlights'),
(97, 'Ricky Walden VS Michael White Snooker Extra', 'Ricky Walden VS Michael White Snooker Extra'),
(98, 'Stuart Bingham VS Ronnie O\'Sullivan Part One', 'Stuart Bingham VS Ronnie O\'Sullivan Part One'),
(99, 'Stuart Bingham VS Ronnie O\'Sullivan Part Two', 'Stuart Bingham VS Ronnie O\'Sullivan Part Two'),
(100, 'Stuart Bingham VS Ronnie O\'Sullivan Part Three', 'Stuart Bingham VS Ronnie O\'Sullivan Part Three'),
(101, 'Judd Trump VS Shaun Murphy Highlights', 'Judd Trump VS Shaun Murphy Highlights'),
(102, 'Judd Trump VS Shaun Murphy Snooker Extra', 'Judd Trump VS Shaun Murphy Snooker Extra'),
(103, 'Judd Trump VS Ronnie O\'Sullivan', 'Judd Trump VS Ronnie O\'Sullivan'),
(104, 'Ricky Walden VS Barry Hawkins', 'Ricky Walden VS Barry Hawkins'),
(105, 'Ricky Walden VS Barry Hawkins Highlights', 'Ricky Walden VS Barry Hawkins Highlights'),
(106, 'Judd Trump VS Ronnie O\'Sullivan Part Two', 'Judd Trump VS Ronnie O\'Sullivan Part Two'),
(107, 'Judd Trump VS Ronnie O\'Sullivan Part Three', 'Judd Trump VS Ronnie O\'Sullivan Part Three'),
(108, 'Ricky Walden VS Barry Hawkins Part Two', 'Ricky Walden VS Barry Hawkins Part Two'),
(109, 'Judd Trump VS Ronnie O\'Sullivan Part Three', 'Judd Trump VS Ronnie O\'Sullivan Part Three'),
(110, 'Judd Trump VS Ronnie O\'Sullivan Highlights', 'Judd Trump VS Ronnie O\'Sullivan Highlights'),
(111, 'Ricky Walden VS Barry Hawkins Part Three', 'Ricky Walden VS Barry Hawkins Part Three'),
(112, 'Ricky Walden VS Barry Hawkins Part Four', 'Ricky Walden VS Barry Hawkins Part Four'),
(113, 'Ricky Walden VS Barry Hawkins Part Five', 'Ricky Walden VS Barry Hawkins Part Five'),
(114, 'Barry Hawkins VS Ronnie O\'Sullivan', 'Barry Hawkins VS Ronnie O\'Sullivan'),
(115, 'Barry Hawkins VS Ronnie O\'Sullivan Part Two', 'Barry Hawkins VS Ronnie O\'Sullivan Part Two'),
(116, 'Barry Hawkins VS Ronnie O\'Sullivan Part Three', 'Barry Hawkins VS Ronnie O\'Sullivan Part Three'),
(117, 'Barry Hawkins VS Ronnie O\'Sullivan Part Four', 'Barry Hawkins VS Ronnie O\'Sullivan Part Four'),
(118, 'Ding Junghui VS Antony Parsons', 'Ding Junghui VS Antony Parsons'),
(119, 'Mark Selby VS Shane Castle', 'Mark Selby VS Shane Castle'),
(120, 'Ding Junghui VS Antony Parsons Snooker Extra', 'Ding Junghui VS Antony Parsons Snooker Extra'),
(121, 'Judd Trump VS Dechuwat Poomjaeng', 'Judd Trump VS Dechuwat Poomjaeng'),
(122, 'Ding Junghui VS James Wattana Highlights', 'Ding Junghui VS James Wattana Highlights'),
(123, 'Stuart Bingham VS Jimmy White Snooker Extra', 'Stuart Bingham VS Jimmy White Snooker Extra'),
(124, 'Neil Robertson VS Robbie Williams', 'Neil Robertson VS Robbie Williams'),
(125, 'Ronnie O\'Sullivan VS Adam Duffy Highlights', 'Ronnie O\'Sullivan VS Adam Duffy Highlights'),
(126, 'Mark Selby VS Tian Pengfei Snooker Extra', 'Mark Selby VS Tian Pengfei Snooker Extra'),
(127, 'Ronnie O\'Sullivan VS Marus Campbell', 'Ronnie O\'Sullivan VS Marus Campbell'),
(128, 'Shaun Murphy VS Barry Hawkins Highlights', 'Shaun Murphy VS Barry Hawkins Highlights'),
(129, 'Neil Robertson VS Li Hang Snooker Extra', 'Neil Robertson VS Li Hang Snooker Extra'),
(130, 'Ding Junghui VS Ricky Walden', 'Ding Junghui VS Ricky Walden'),
(131, ' Robert Milkins VS Ronnie O\'Sullivan', ' Robert Milkins VS Ronnie O\'Sullivan'),
(132, ' Stuart Bingham VS Ronnie O\'Sullivan', ' Stuart Bingham VS Ronnie O\'Sullivan'),
(133, 'Mark Selby VS Barry Hawkins', 'Mark Selby VS Barry Hawkins'),
(134, 'Mark Selby VS Barry Hawkins Highlights', 'Mark Selby VS Barry Hawkins Highlights'),
(135, 'Neil Robertson VS Stuart Bingham', 'Neil Robertson VS Stuart Bingham'),
(136, 'Neil Robertson VS Stuart Bingham Part Two', 'Neil Robertson VS Stuart Bingham Part Two'),
(137, 'Neil Robertson VS Stuart Bingham Highlights', 'Neil Robertson VS Stuart Bingham Highlights'),
(138, 'Mark Selby VS Ricky Walden', 'Mark Selby VS Ricky Walden'),
(139, 'Mark Selby VS Ricky Walden Part Two', 'Mark Selby VS Ricky Walden Part Two'),
(140, 'Mark Selby VS Ricky Walden Part Three', 'Mark Selby VS Ricky Walden Part Three'),
(141, 'Neil Robertson VS Mark Selby', 'Neil Robertson VS Mark Selby'),
(142, 'Neil Robertson VS Mark Selby Part Two', 'Neil Robertson VS Mark Selby Part Two'),
(143, 'Mark Selby VS Mark Davis', 'Mark Selby VS Mark Davis'),
(144, 'Mark Selby VS Mark Davis Highlights', 'Mark Selby VS Mark Davis Highlights'),
(145, 'Mark Selby VS Mark Davis Snooker Extra', 'Mark Selby VS Mark Davis Snooker Extra'),
(146, 'Judd Trump VS Marco Fu', 'Judd Trump VS Marco Fu'),
(147, 'Judd Trump VS Marco Fu Highlights', 'Judd Trump VS Marco Fu Highlights'),
(148, 'Judd Trump VS Marco Fu Snooker Extra', 'Judd Trump VS Marco Fu Snooker Extra'),
(149, 'Ding Junghui VS Shaun Murphy', 'Ding Junghui VS Shaun Murphy'),
(150, 'Ding Junghui VS Shaun Murphy Highlights', 'Ding Junghui VS Shaun Murphy Highlights'),
(151, 'Ding Junghui VS Shaun Murphy Snooker Extra', 'Ding Junghui VS Shaun Murphy Snooker Extra'),
(152, 'Neil Robertson VS Mark Allen', 'Neil Robertson VS Mark Allen'),
(153, 'Barry Hawkins VS Ricky Walden Highlights', 'Barry Hawkins VS Ricky Walden Highlights'),
(154, 'Neil Robertson VS Mark Allen Snooker Extra', 'Neil Robertson VS Mark Allen Snooker Extra'),
(155, 'Shaun Murphy VS Marco Fu', 'Shaun Murphy VS Marco Fu'),
(156, 'Mark Selby VS John Higgins', 'Mark Selby VS John Higgins'),
(157, 'Shaun Murphy VS Marco Fu Highlights', 'Shaun Murphy VS Marco Fu Highlights'),
(158, 'Shaun Murphy VS Marco Fu Snooker Extra', 'Shaun Murphy VS Marco Fu Snooker Extra'),
(159, 'Ricky Walden VS Ronnie O\'Sullivan', 'Ricky Walden VS Ronnie O\'Sullivan'),
(160, 'Neil Robertson VS Stephen Maguire', 'Neil Robertson VS Stephen Maguire'),
(161, 'Ricky Walden VS Ronnie O\'Sullivan Highlights', 'Ricky Walden VS Ronnie O\'Sullivan Highlights'),
(162, 'Ricky Walden VS Ronnie O\'Sullivan Snooker Extra', 'Ricky Walden VS Ronnie O\'Sullivan Snooker Extra'),
(163, 'Mark Selby VS Shaun Murphy', 'Mark Selby VS Shaun Murphy'),
(164, 'Stephen Maguire VS Ronnie O\'Sullivan', 'Stephen Maguire VS Ronnie O\'Sullivan'),
(165, 'Mark Selby VS Shaun Murphy Snooker Extra', 'Mark Selby VS Shaun Murphy Snooker Extra'),
(166, 'Mark Selby VS Ronnie O\'Sullivan', 'Mark Selby VS Ronnie O\'Sullivan'),
(167, 'Mark Selby VS Ronnie O\'Sullivan Part Two', 'Mark Selby VS Ronnie O\'Sullivan Part Two'),
(168, 'Ronnie O\'Sullivan VS Robin Hull', 'Ronnie O\'Sullivan VS Robin Hull'),
(169, 'Ronnie O\'Sullivan VS Robin Hull Part Two', 'Ronnie O\'Sullivan VS Robin Hull Part Two'),
(170, 'Stephen Maguire VS Ryan Day', 'Stephen Maguire VS Ryan Day'),
(171, 'Shaun Murphy VS Jamie Cope', 'Shaun Murphy VS Jamie Cope'),
(172, 'Ronnie O\'Sullivan VS Robin Hull Part Three', 'Ronnie O\'Sullivan VS Robin Hull Part Three'),
(173, 'Ronnie O\'Sullivan VS Robin Hull Highlights', 'Ronnie O\'Sullivan VS Robin Hull Highlights'),
(174, 'Stephen Maguire VS Ryan Day Snooker Extra', 'Stephen Maguire VS Ryan Day Snooker Extra'),
(175, 'Stuart Bingham VS Ken Doherty', 'Stuart Bingham VS Ken Doherty'),
(176, 'Ding Junghui VS Michael Wasley', 'Ding Junghui VS Michael Wasley'),
(177, 'Shaun Murphy VS Jamie Cope Highlights', 'Shaun Murphy VS Jamie Cope Highlights'),
(178, 'Stuart Bingham VS Ken Doherty Snooker Extra', 'Stuart Bingham VS Ken Doherty Snooker Extra'),
(179, 'Mark Selby VS Michael White', 'Mark Selby VS Michael White'),
(180, 'John Higgins VS Alan McManus', 'John Higgins VS Alan McManus'),
(181, 'Mark Selby VS Michael White Highlights', 'Mark Selby VS Michael White Highlights'),
(182, 'John Higgins VS Alan McManus Snooker Extra', 'John Higgins VS Alan McManus Snooker Extra'),
(183, 'John Higgins VS Alan McManus Part Two', 'John Higgins VS Alan McManus Part Two'),
(184, 'John Higgins VS Alan McManus Part Three', 'John Higgins VS Alan McManus Part Three'),
(185, 'John Higgins VS Alan McManus Highlights', 'John Higgins VS Alan McManus Highlights'),
(186, 'Marco Fu VS Martin Gould Snooker Extra', 'Marco Fu VS Martin Gould Snooker Extra'),
(187, 'Judd Trump VS Tom Ford Part Two', 'Judd Trump VS Tom Ford Part Two'),
(188, 'Judd Trump VS Tom Ford Part Three', 'Judd Trump VS Tom Ford Part Three'),
(189, 'Judd Trump VS Tom Ford Highlights', 'Judd Trump VS Tom Ford Highlights'),
(190, 'Barry Hawkins VS David Gilbert Snooker Extra', 'Barry Hawkins VS David Gilbert Snooker Extra'),
(191, 'Mark Selby VS Ali Carter', 'Mark Selby VS Ali Carter'),
(192, 'Mark Selby VS Ali Carter Highlights', 'Mark Selby VS Ali Carter Highlights'),
(193, 'Mark Selby VS Ali Carter Snooker Extra', 'Mark Selby VS Ali Carter Snooker Extra'),
(194, 'Mark Selby VS Ali Carter Part Two', 'Mark Selby VS Ali Carter Part Two'),
(195, 'Mark Selby VS Ali Carter Part Three', 'Mark Selby VS Ali Carter Part Three'),
(196, 'Mark Selby VS Ali Carter Part Four', 'Mark Selby VS Ali Carter Part Four'),
(197, 'Ken Doherty VS Alan McManus Snooker Extra', 'Ken Doherty VS Alan McManus Snooker Extra'),
(198, 'Joe Perry VS Ronnie O\'Sullivan', 'Joe Perry VS Ronnie O\'Sullivan'),
(199, 'Joe Perry VS Ronnie O\'Sullivan Highlights', 'Joe Perry VS Ronnie O\'Sullivan Highlights'),
(200, 'Ken Doherty VS Alan McManus Part Three', 'Ken Doherty VS Alan McManus Part Three'),
(201, 'Barry Hawkins VS Ricky Walden Part Four', 'Barry Hawkins VS Ricky Walden Part Four'),
(202, 'Joe Perry VS Ronnie O\'Sullivan Highlights', 'Joe Perry VS Ronnie O\'Sullivan Highlights'),
(203, 'Judd Trump VS Ryan Day Snooker Extra', 'Judd Trump VS Ryan Day Snooker Extra'),
(204, 'Neil Robertson VS Mark Allen', 'Neil Robertson VS Mark Allen'),
(205, 'Judd Trump VS Ryan Day', 'Judd Trump VS Ryan Day'),
(206, 'Neil Robertson VS Mark Allen Part Two', 'Neil Robertson VS Mark Allen Part Two'),
(207, 'Neil Robertson VS Mark Allen Highlights', 'Neil Robertson VS Mark Allen Highlights'),
(208, 'Judd Trump VS Ryan Day Snooker Extra', 'Judd Trump VS Ryan Day Snooker Extra'),
(209, 'Neil Robertson VS Mark Allen Part Three', 'Neil Robertson VS Mark Allen Part Three'),
(210, 'Judd Trump VS Ryan Day Part Three', 'Judd Trump VS Ryan Day Part Three'),
(211, 'Neil Robertson VS Mark Allen Part Four', 'Neil Robertson VS Mark Allen Part Four'),
(212, 'Dominic Dale VS Michael Wasley Snooker Extra', 'Dominic Dale VS Michael Wasley Snooker Extra'),
(213, 'Mark Selby VS Alan McManus', 'Mark Selby VS Alan McManus'),
(214, 'Mark Selby VS Alan McManus Part Two', 'Mark Selby VS Alan McManus Part Two'),
(215, 'Mark Selby VS Alan McManus Part Three', 'Mark Selby VS Alan McManus Part Three'),
(216, 'Shaun Murphy VS Ronnie O\'Sullivan Highlights', 'Shaun Murphy VS Ronnie O\'Sullivan Highlights'),
(217, 'Neil Robertson VS Judd Trump Snooker Extra', 'Neil Robertson VS Judd Trump Snooker Extra'),
(218, 'Shaun Murphy VS Ronnie O\'Sullivan Part Two', 'Shaun Murphy VS Ronnie O\'Sullivan Part Two'),
(219, 'Shaun Murphy VS Ronnie O\'Sullivan Part Three', 'Shaun Murphy VS Ronnie O\'Sullivan Part Three'),
(220, 'Barry Hawkins VS Dominic Dale', 'Barry Hawkins VS Dominic Dale'),
(221, 'Neil Robertson VS Judd Trump Highlights', 'Neil Robertson VS Judd Trump Highlights'),
(222, 'Mark Selby VS Alan McManus Snooker Extra', 'Mark Selby VS Alan McManus Snooker Extra'),
(223, 'Barry Hawkins VS Ronnie O\'Sullivan', 'Barry Hawkins VS Ronnie O\'Sullivan'),
(224, 'Neil Robertson VS Mark Selby', 'Neil Robertson VS Mark Selby'),
(225, 'Neil Robertson VS Mark Selby Highlights', 'Neil Robertson VS Mark Selby Highlights'),
(226, 'Barry Hawkins VS Ronnie O\'Sullivan Part Two', 'Barry Hawkins VS Ronnie O\'Sullivan Part Two'),
(227, 'Barry Hawkins VS Ronnie O\'Sullivan Part Three', 'Barry Hawkins VS Ronnie O\'Sullivan Part Three'),
(228, 'Barry Hawkins VS Ronnie O\'Sullivan Part Four', 'Barry Hawkins VS Ronnie O\'Sullivan Part Four'),
(229, 'Barry Hawkins VS Ronnie O\'Sullivan Highlights', 'Barry Hawkins VS Ronnie O\'Sullivan Highlights'),
(230, 'Neil Robertson VS Mark Selby Part Two', 'Neil Robertson VS Mark Selby Part Two'),
(231, 'Neil Robertson VS Mark Selby Part Three', 'Neil Robertson VS Mark Selby Part Three'),
(232, 'Neil Robertson VS Mark Selby Part Four', 'Neil Robertson VS Mark Selby Part Four'),
(233, 'Mark Selby VS Ronnie O\'Sullivan', 'Mark Selby VS Ronnie O\'Sullivan'),
(234, 'Mark Selby VS Ronnie O\'Sullivan Part Two', 'Mark Selby VS Ronnie O\'Sullivan Part Two'),
(235, 'Mark Selby VS Ronnie O\'Sullivan Part Three', 'Mark Selby VS Ronnie O\'Sullivan Part Three'),
(236, 'Mark Selby VS Ronnie O\'Sullivan Part Four', 'Mark Selby VS Ronnie O\'Sullivan Part Four'),
(237, 'Ding Junghui VS Jimmy White', 'Ding Junghui VS Jimmy White'),
(238, 'Judd Trump VS Aditya Mehta', 'Judd Trump VS Aditya Mehta'),
(239, 'Barry Hawkins VS Nigel Bond', 'Barry Hawkins VS Nigel Bond'),
(240, 'Barry Hawkins VS Nigel Bond Highlights', 'Barry Hawkins VS Nigel Bond Highlights'),
(241, 'Ding Junhui VS Jimmy White Snooker Extra', 'Ding Junhui VS Jimmy White Snooker Extra'),
(242, 'Neil Robertson VS Kyron Wilson', 'Neil Robertson VS Kyron Wilson'),
(243, 'Mark Allen VS Luca Brecel', 'Mark Allen VS Luca Brecel'),
(244, 'Ronnie O\'Sullivan VS Peter Lines', 'Ronnie O\'Sullivan VS Peter Lines'),
(245, 'Ronnie O\'Sullivan VS Peter Lines Highlights', 'Ronnie O\'Sullivan VS Peter Lines Highlights'),
(246, 'Judd Trump VS Patrick Fraser', 'Judd Trump VS Patrick Fraser'),
(247, 'Shaun Murphy VS Jack Lisowski', 'Shaun Murphy VS Jack Lisowski'),
(248, 'Shaun Murphy VS Jack Lisowski Highlights', 'Shaun Murphy VS Jack Lisowski Highlights'),
(249, 'Mark Allen VS Luca Brecel Snooker Extra', 'Mark Allen VS Luca Brecel Snooker Extra'),
(250, 'Ronnie O\'Sullivan VS Ben Woolasten', 'Ronnie O\'Sullivan VS Ben Woolasten'),
(251, 'Stephen Maguire VS Mark Williams', 'Stephen Maguire VS Mark Williams'),
(252, 'Ding Junhui VS James Cahill', 'Ding Junhui VS James Cahill'),
(253, 'Ding Junghui VS James Cahill Highlights', 'Ding Junghui VS James Cahill Highlights'),
(254, 'Neil Robertson VS Peter Ebdon Snooker Extra', 'Neil Robertson VS Peter Ebdon Snooker Extra'),
(255, 'John Higgins VS Anthony McGill', 'John Higgins VS Anthony McGill'),
(256, 'Neil Robertson VS Graeme Dott', 'Neil Robertson VS Graeme Dott'),
(257, 'Neil Robertson VS Graeme Dott Highlights', 'Neil Robertson VS Graeme Dott Highlights'),
(258, 'Judd Trump VS Rod Lawler', 'Judd Trump VS Rod Lawler'),
(259, 'Ronnie O\'Sullivan VS Matthew Selt', 'Ronnie O\'Sullivan VS Matthew Selt'),
(260, 'Ronnie O\'Sullivan VS Matthew Selt Highlights', 'Ronnie O\'Sullivan VS Matthew Selt Highlights'),
(261, 'Ronnie O\'Sullivan VS Anthony McGill', 'Ronnie O\'Sullivan VS Anthony McGill'),
(262, 'Stephen Maguire VS Marco Fu', 'Stephen Maguire VS Marco Fu'),
(263, 'Stuart Bingham VS Graeme Dott', 'Stuart Bingham VS Graeme Dott'),
(264, 'Judd Trump VS Mark Davis Highlights', 'Judd Trump VS Mark Davis Highlights'),
(265, 'Ronnie O\'Sullivan VS Stuart Bingham', 'Ronnie O\'Sullivan VS Stuart Bingham'),
(266, 'Judd Trump VS Stephen Maguire', 'Judd Trump VS Stephen Maguire'),
(267, 'Ronnie O\'Sullivan VS Judd Trump', 'Ronnie O\'Sullivan VS Judd Trump'),
(268, 'Mark Selby VS Shaun Murphy', 'Mark Selby VS Shaun Murphy'),
(269, 'Stuart Bingham VS Marco Fu', 'Stuart Bingham VS Marco Fu'),
(270, 'Stuart Bingham VS Marco Fu Highlights', 'Stuart Bingham VS Marco Fu Highlights'),
(271, 'Judd Trump VS Stephen Maguire', 'Judd Trump VS Stephen Maguire'),
(272, 'Neil Robertson VS Robert Milkins', 'Neil Robertson VS Robert Milkins'),
(273, 'Ronnie O\'Sullivan VS Ricky Walden', 'Ronnie O\'Sullivan VS Ricky Walden'),
(274, 'Barry Hawkins VS Ali Carter', 'Barry Hawkins VS Ali Carter');

-- --------------------------------------------------------

--
-- Table structure for table `tournaments`
--

CREATE TABLE `tournaments` (
  `tournament_id` int(11) NOT NULL,
  `tournament_slug` varchar(255) NOT NULL,
  `tournament_route` varchar(255) NOT NULL,
  `tournament_year` year(4) NOT NULL,
  `tournament_name` varchar(45) NOT NULL,
  `tournament_vennue` varchar(45) NOT NULL,
  `tournament_beginDate` date NOT NULL,
  `tournament_endDate` date NOT NULL,
  `tournament_winner` varchar(255) DEFAULT NULL,
  `tournament_winnerSrc` varchar(255) NOT NULL
) ENGINE=InnoDB DEFAULT CHARSET=utf8;

--
-- Dumping data for table `tournaments`
--

INSERT INTO `tournaments` (`tournament_id`, `tournament_slug`, `tournament_route`, `tournament_year`, `tournament_name`, `tournament_vennue`, `tournament_beginDate`, `tournament_endDate`, `tournament_winner`, `tournament_winnerSrc`) VALUES
(1, 'uk-championship-2012', 'Router::connect(\"/tournaments/uk-championship-2012\", array(\"controller\" => \"tournaments\", \"action\" => \"view\", 1));', 2012, 'UK Championship', 'Barbican Centre', '2012-12-01', '2012-12-09', 'winners/UK2012_winner.png', 'http://www.telegraph.co.uk/sport/othersports/snooker/9733895/Mark-Selby-defeats-Shaun-Murphy-to-land-UK-Championship-in-late-finish-at-York.html'),
(2, 'the-masters-2013', 'Router::connect(\"/tournaments/the-masters-2013\", array(\"controller\" => \"tournaments\", \"action\" => \"view\", 2));', 2013, 'The Masters', 'Alexandra Palace', '2013-01-13', '2013-01-20', 'winners/TM2013_winner.png', 'http://www.bbc.com/sport/snooker/21110882'),
(3, 'world-championship-2013', 'Router::connect(\"/tournaments/world-championship-2013\", array(\"controller\" => \"tournaments\", \"action\" => \"view\", 3));', 2013, 'World Championship', 'Crucible Theatre', '2013-04-20', '2013-05-06', 'winners/WC2013_winner.png', 'http://www.dailymail.co.uk/sport/othersports/article-2320378/World-Snooker-Championship-2013-Ronnie-OSullivan-beats-Barry-Hawkins-18-12-final.html'),
(4, 'uk-championship-2013', 'Router::connect(\"/tournaments/uk-championship-2013\", array(\"controller\" => \"tournaments\", \"action\" => \"view\", 4));', 2013, 'UK Championship', 'Barbican Centre', '2013-11-26', '2013-12-08', 'winners/UK2013_winner.png', 'http://www.bbc.com/sport/snooker/25292566'),
(5, 'the-masters-2014', 'Router::connect(\"/tournaments/the-masters-2014\", array(\"controller\" => \"tournaments\", \"action\" => \"view\", 5));', 2014, 'The Masters', 'Alexandra Palace', '2014-01-12', '2014-01-19', 'winners/TM2014_winner.png', 'https://i.ytimg.com/vi/Hx68khvipIw/maxresdefault.jpg'),
(6, 'world-championship-2014', 'Router::connect(\"/tournaments/world-championship-2014\", array(\"controller\" => \"tournaments\", \"action\" => \"view\", 6));', 2014, 'World Championship', 'Crucible Theatre', '2014-04-19', '2014-05-05', 'winners/WC2014_winner.png', 'http://www.telegraph.co.uk/sport/othersports/snooker/10811295/Snooker-World-Championship-2014-Ronnie-OSullivans-inner-chimp-is-no-match-for-the-champ-within-Mark-Selby.html'),
(7, 'uk-championship-2014', 'Router::connect(\"/tournaments/uk-championship-2014\", array(\"controller\" => \"tournaments\", \"action\" => \"view\", 7));', 2014, 'UK Championship', 'Barbican Centre', '2014-11-25', '2014-12-07', 'winners/UK2014_winner.png', 'http://www.skysports.com/more-sports/snooker/news/12243/9597189/snooker-ronnie-osullivan-beats-judd-trump-10-9-in-dramatic-uk-championship-final'),
(8, 'the-masters-2015', 'Router::connect(\"/tournaments/the-masters-2015\", array(\"controller\" => \"tournaments\", \"action\" => \"view\", 8));', 2015, 'The Masters', 'Alexandra Palace', '2015-01-11', '2015-01-18', 'winners/TM2015_winner.png', 'https://www.google.be/search?q=the+masters+2015+shaun+murphy&rlz=1C1ASUM_enBE692&tbm=isch&tbo=u&source=univ&sa=X&ved=0ahUKEwjw5NKqqfHNAhUROsAKHVTUD3IQsAQIHA&biw=1920&bih=1075#imgrc=t_FNO8S09OjLlM%3A');

-- --------------------------------------------------------

--
-- Table structure for table `users`
--

CREATE TABLE `users` (
  `user_id` bigint(11) NOT NULL,
  `user_firstname` varchar(255) NOT NULL,
  `user_surname` varchar(255) NOT NULL,
  `user_country` varchar(255) NOT NULL,
  `user_username` varchar(45) NOT NULL,
  `user_tokenhash` varchar(255) NOT NULL,
  `user_tokenhash_forgot_password` varchar(255) NOT NULL,
  `user_activate` varchar(1) NOT NULL DEFAULT '0',
  `email` varchar(255) NOT NULL,
  `user_password` varchar(255) NOT NULL,
  `user_image` varchar(255) DEFAULT NULL,
  `created` datetime DEFAULT NULL,
  `modified` datetime DEFAULT NULL,
  `user_lastlogin` timestamp NULL DEFAULT NULL,
  `user_locked` timestamp NULL DEFAULT NULL,
  `user_confirmed` timestamp NULL DEFAULT NULL,
  `user_role` enum('user','admin','usertimeline') DEFAULT 'user'
) ENGINE=InnoDB DEFAULT CHARSET=utf8;

--
-- Dumping data for table `users`
--

INSERT INTO `users` (`user_id`, `user_firstname`, `user_surname`, `user_country`, `user_username`, `user_tokenhash`, `user_tokenhash_forgot_password`, `user_activate`, `email`, `user_password`, `user_image`, `created`, `modified`, `user_lastlogin`, `user_locked`, `user_confirmed`, `user_role`) VALUES
(1, 'Gilles', 'Vanpeteghem', 'Belgium', 'Gilko', '', '0d3853979cb9591ac8772875946806535dc1901c', '1', 'gilles_vanpeteghem@hotmail.com', 'b1a894175abc335b8317aff9d2519ce4a3294154e1374b4d13965e8374029415', 'users/Gilko/2015-11-25-18-36-28_5655ffac3f788_Gilko.jpg', '2014-07-23 20:54:00', '2015-10-05 12:10:00', '2015-11-16 15:03:43', '2015-10-05 10:10:00', '2015-10-05 10:10:00', 'admin');

-- --------------------------------------------------------

--
-- Table structure for table `videos`
--

CREATE TABLE `videos` (
  `video_id` int(11) NOT NULL,
  `video_slug` varchar(255) NOT NULL,
  `video_route` varchar(255) NOT NULL,
  `video_title` varchar(255) NOT NULL,
  `video_date` date NOT NULL,
  `video_scoreA` tinyint(4) NOT NULL,
  `video_scoreB` tinyint(4) NOT NULL,
  `video_url` varchar(512) NOT NULL,
  `video_url_playlist` varchar(255) NOT NULL,
  `video_part` varchar(45) NOT NULL,
  `video_sort` varchar(45) NOT NULL DEFAULT 'Single',
  `tournament_id` int(11) NOT NULL,
  `round_id` int(11) NOT NULL,
  `timeline_id` int(11) NOT NULL
) ENGINE=InnoDB DEFAULT CHARSET=utf8;

--
-- Dumping data for table `videos`
--

INSERT INTO `videos` (`video_id`, `video_slug`, `video_route`, `video_title`, `video_date`, `video_scoreA`, `video_scoreB`, `video_url`, `video_url_playlist`, `video_part`, `video_sort`, `tournament_id`, `round_id`, `timeline_id`) VALUES
(1, 'uk-championship-2012/first-round/john-higgins-vs-michael-holt', 'Router::connect(\"/videos/uk-championship-2012/first-round/john-higgins-vs-michael-holt\", array(\"controller\" => \"videos\", \"action\" => \"view\", 1));', 'John Higgins Vs Michael Holt', '2012-12-01', 6, 3, '6Spd9AfOAr8,F1uXXfe7Qtg', 'PL3DZ6dMIT88bIJiym5uAAAeAD8zb0QUdU', 'Part One', 'Playlist', 1, 1, 1),
(2, 'uk-championship-2012/first-round/john-higgins-vs-michael-holt-part-two', 'Router::connect(\"/videos/uk-championship-2012/first-round/john-higgins-vs-michael-holt-part-two\", array(\"controller\" => \"videos\", \"action\" => \"view\", 2));', 'John Higgins Vs Michael Holt Part Two', '2012-12-01', 6, 3, 'F1uXXfe7Qtg', '', 'Part Two', 'Single', 1, 1, 2),
(3, 'uk-championship-2012/first-round/mark-selby-vs-michael-white', 'Router::connect(\"/videos/uk-championship-2012/first-round/ding-junghui-vs-ryan-day-highlights\", array(\"controller\" => \"videos\", \"action\" => \"view\", 3));', 'Mark Selby VS Michael White', '2012-12-01', 6, 3, 'dj8t7WXDiNs', '', 'Highlights', 'Single', 1, 1, 3),
(4, 'uk-championship-2012/first-round/barry-hawkins-vs-liang-wenbo-snooker-extra', 'Router::connect(\"/videos/uk-championship-2012/first-round/barry-hawkins-vs-liang-wenbo-snooker-extra\", array(\"controller\" => \"videos\", \"action\" => \"view\", 4));', 'Barry Hawkins VS Liang Wenbo Snooker Extra', '2012-12-01', 6, 4, 'UkeAmtw0Kf0', '', 'Extra', 'Single', 1, 1, 4),
(5, 'uk-championship-2012/first-round/shaun-murphy-vs-robert-milkins', 'Router::connect(\"/videos/uk-championship-2012/first-round/shaun-murphy-vs-robert-milkins\", array(\"controller\" => \"videos\", \"action\" => \"view\", 5));', 'Shaun Murphy VS Robert Milkins', '2012-12-02', 3, 6, 'qIKDclXozB0', '', 'Part One', 'Single', 1, 1, 5),
(6, 'uk-championship-2012/first-round/judd-trump-vs-mark-joyce', 'Router::connect(\"/videos/uk-championship-2012/first-round/judd-trump-vs-mark-joyce\", array(\"controller\" => \"videos\", \"action\" => \"view\", 6));', 'Judd Trump VS Mark Joyce', '2012-12-02', 5, 6, 'vu-30dkrVyM', '', 'Part One', 'Single', 1, 1, 6),
(7, 'uk-championship-2012/first-round/mark-davis-vs-cao-yupeng-snooker-extra', 'Router::connect(\"/videos/uk-championship-2012/first-round/mark-davis-vs-cao-yupeng-snooker-extra\", array(\"controller\" => \"videos\", \"action\" => \"view\", 7));', 'Mark Davis VS Cao Yupeng Snooker Extra', '2012-12-02', 1, 6, 'f5iiNjV-8po', '', 'Extra', 'Single', 1, 1, 7),
(8, 'uk-championship-2012/first-round/neil-robertson-vs-tom-ford', 'Router::connect(\"/videos/uk-championship-2012/first-round/neil-robertson-vs-tom-ford\", array(\"controller\" => \"videos\", \"action\" => \"view\", 8));', 'Neil Robertson VS Tom Ford', '2012-12-03', 6, 1, '-TR9w4DOilw', '', 'Part One', 'Single', 1, 1, 8),
(9, 'uk-championship-2012/first-round/mark-williams-vs-mark-king', 'Router::connect(\"/videos/uk-championship-2012/first-round/mark-williams-vs-mark-king\", array(\"controller\" => \"videos\", \"action\" => \"view\", 9));', 'Mark Williams VS Mark King', '2012-12-03', 6, 3, 'VUyd9Rqb_wI', '', 'Part One', 'Single', 1, 1, 9),
(10, 'uk-championship-2012/first-round/matthew-stevens-vs-dominic-dale-snooker-extra', 'Router::connect(\"/videos/uk-championship-2012/first-round/matthew-stevens-vs-dominic-dale-snooker-extra\", array(\"controller\" => \"videos\", \"action\" => \"view\", 10));', 'Matthew Stevens VS Dominic Dale Snooker Extra', '2012-12-03', 1, 6, 'o8j1exXshyI', '', 'Extra', 'Single', 1, 1, 10),
(11, 'uk-championship-2012/second-round/matthew-stevens-vs-marco-fu', 'Router::connect(\"/videos/uk-championship-2012/second-round/matthew-stevens-vs-marco-fu\", array(\"controller\" => \"videos\", \"action\" => \"view\", 11));', 'Matthew Stevens VS Marco Fu', '2012-12-04', 4, 6, '9EwHqZsKrn8', '', 'Part One', 'Single', 1, 2, 11),
(12, 'uk-championship-2012/second-round/stephen-maguire-vs-stuart-bingham-highlights', 'Router::connect(\"/videos/uk-championship-2012/second-round/stephen-maguire-vs-stuart-bingham-highlights\", array(\"controller\" => \"videos\", \"action\" => \"view\", 12));', 'Stephen Maguire VS Stuart Bingham Highlights', '2012-12-04', 4, 6, 'rwCkc6f7J5c', '', 'Highlights', 'Single', 1, 2, 12),
(13, 'uk-championship-2012/second-round/mark-joyce-vs-ali-carter-snooker-extra', 'Router::connect(\"/videos/uk-championship-2012/second-round/mark-joyce-vs-ali-carter-snooker-extra\", array(\"controller\" => \"videos\", \"action\" => \"view\", 13));', 'Mark Joyce VS Ali Carter Snooker Extra', '2012-12-04', 6, 2, 'FtO3L6sfjSk', '', 'Extra', 'Single', 1, 2, 13),
(14, 'uk-championship-2012/second-round/mark-selby-vs-ryan-day', 'Router::connect(\"/videos/uk-championship-2012/second-round/mark-selby-vs-ryan-day\", array(\"controller\" => \"videos\", \"action\" => \"view\", 14));', 'Mark Selby VS Ryan Day', '2012-12-05', 6, 4, 'LcjHPUubz6o', '', 'Part One', 'Single', 1, 2, 14),
(15, 'uk-championship-2012/second-round/john-higgins-vs-mark-davis', 'Router::connect(\"/videos/uk-championship-2012/second-round/john-higgins-vs-mark-davis\", array(\"controller\" => \"videos\", \"action\" => \"view\", 15));', 'John Higgins VS Mark Davis', '2012-12-05', 5, 6, 'bu9cbWXhKFQ', '', 'Part One', 'Single', 1, 2, 15),
(16, 'uk-championship-2012/quarter-finals/shaun-murphy-vs-luca-brecel', 'Router::connect(\"/videos/uk-championship-2012/quarter-finals/shaun-murphy-vs-luca-brecel\", array(\"controller\" => \"videos\", \"action\" => \"view\", 16));', 'Shaun Murphy VS Luca Brecel', '2012-12-06', 5, 6, 'dDJzsx8J-bE', '', 'Part One', 'Single', 1, 3, 16),
(17, 'uk-championship-2012/quarter-finals/mark-selby-vs-neil-robertson', 'Router::connect(\"/videos/uk-championship-2012/quarter-finals/mark-selby-vs-neil-robertson\", array(\"controller\" => \"videos\", \"action\" => \"view\", 17));', 'Mark Selby VS Neil Robertson', '2012-12-06', 6, 4, 'rDwgIjGVhxE', '', 'Part One', 'Single', 1, 3, 17),
(18, 'uk-championship-2012/quarter-finals/mark-selby-vs-neil-robertson-highlights', 'Router::connect(\"/videos/uk-championship-2012/quarter-finals/mark-selby-vs-neil-robertson-highlights\", array(\"controller\" => \"videos\", \"action\" => \"view\", 18));', 'Mark Selby VS Neil Robertson Highlights', '2012-12-06', 6, 4, 'Vu0ZXQhHTd8', '', 'Highlights', 'Single', 1, 3, 18),
(19, 'uk-championship-2012/semi-finals/shaun-murphy-vs-ali-carter', 'Router::connect(\"/videos/uk-championship-2012/semi-finals/shaun-murphy-vs-ali-carter\", array(\"controller\" => \"videos\", \"action\" => \"view\", 19));', 'Shaun Murphy VS Ali Carter', '2012-12-07', 3, 5, 'Yv61znPE1Yw,OJcqHeBVJpE', 'PL3DZ6dMIT88bma-1VtTdelYh6-bfyi_4t', 'Part One', 'Playlist', 1, 4, 19),
(20, 'uk-championship-2012/semi-finals/shaun-murphy-vs-ali-carter-part-two', 'Router::connect(\"/videos/uk-championship-2012/semi-finals/shaun-murphy-vs-ali-carter-part-two\", array(\"controller\" => \"videos\", \"action\" => \"view\", 20));', 'Shaun Murphy VS Ali Carter Part Two', '2012-12-07', 8, 9, 'OJcqHeBVJpE', '', 'Part Two', 'Single', 1, 4, 20),
(21, 'uk-championship-2012/semi-finals/shaun-murphy-vs-ali-carter-highlights', 'Router::connect(\"/videos/uk-championship-2012/semi-finals/shaun-murphy-vs-ali-carter-highlights\", array(\"controller\" => \"videos\", \"action\" => \"view\", 21));', 'Shaun Murphy VS Ali Carter Highlights', '2012-12-07', 8, 9, '97OMw5zm0DY', '', 'Highlights', 'Single', 1, 4, 21),
(22, 'uk-championship-2012/semi-finals/mark-selby-vs-mark-davis', 'Router::connect(\"/videos/uk-championship-2012/semi-finals/mark-selby-vs-mark-davis\", array(\"controller\" => \"videos\", \"action\" => \"view\", 22));', 'Mark Selby VS Mark Davis', '2012-12-08', 2, 6, 'RV58Vj8JjCI,sjD5EJxwEgo', 'PL3DZ6dMIT88YMCRG8I5SlgtiKZ3JTbD7e', 'Part One', 'Playlist', 1, 4, 22),
(23, 'uk-championship-2012/semi-finals/mark-selby-vs-mark-davis-part-two', 'Router::connect(\"/videos/uk-championship-2012/semi-finals/mark-selby-vs-mark-davis-part-two\", array(\"controller\" => \"videos\", \"action\" => \"view\", 23));', 'Mark Selby VS Mark Davis Part Two', '2012-12-08', 4, 9, 'sjD5EJxwEgo', '', 'Part Two', 'Single', 1, 4, 23),
(24, 'uk-championship-2012/final/mark-selby-vs-shaun-murphy', 'Router::connect(\"/videos/uk-championship-2012/final/mark-selby-vs-shaun-murphy\", array(\"controller\" => \"videos\", \"action\" => \"view\", 24));', 'Mark Selby VS Shaun Murphy', '2012-12-09', 10, 6, 'FirCmV7tD5Y,8XFWxhXsb4U', 'PL3DZ6dMIT88Z41AXlg79yU0nHrL3NNvTk', 'Part One', 'Playlist', 1, 5, 24),
(25, 'uk-championship-2012/final/mark-selby-vs-shaun-murphy-part-two', 'Router::connect(\"/videos/uk-championship-2012/final/mark-selby-vs-shaun-murphy-part-two\", array(\"controller\" => \"videos\", \"action\" => \"view\", 25));', 'Mark Selby VS Shaun Murphy Part Two', '2012-12-09', 10, 6, '8XFWxhXsb4U', '', 'Part Two', 'Single', 1, 5, 25),
(26, 'the-masters-2013/first-round/neil-robertson-vs-ding-junghui', 'Router::connect(\"/videos/the-masters-2013/first-round/neil-robertson-vs-ding-junghui\", array(\"controller\" => \"videos\", \"action\" => \"view\", 26));', 'Neil Robertson VS Ding Junghui', '2013-01-13', 5, 6, '2xSZv9_yZa4', '', 'Part One', 'Single', 2, 6, 26),
(27, 'the-masters-2013/first-round/neil-robertson-vs-ding-junghui-highlights', 'Router::connect(\"/videos/the-masters-2013/first-round/neil-robertson-vs-ding-junghui-highlights\", array(\"controller\" => \"videos\", \"action\" => \"view\", 27));', 'Neil Robertson VS Ding Junghui Highlights', '2013-01-13', 5, 6, '937haTA-qSA', '', 'Highlights', 'Single', 2, 6, 27),
(28, 'the-masters-2013/first-round/neil-robertson-vs-ding-junghui-snooker-extra', 'Router::connect(\"/videos/the-masters-2013/first-round/neil-robertson-vs-ding-junghui-snooker-extra\", array(\"controller\" => \"videos\", \"action\" => \"view\", 28));', 'Neil Robertson VS Ding Junghui Snooker Extra', '2013-01-13', 5, 6, 'HBBmJ22jiyE', '', 'Extra', 'Single', 2, 6, 28),
(29, 'the-masters-2013/first-round/john-higgins-vs-ali-carter', 'Router::connect(\"/videos/the-masters-2013/first-round/john-higgins-vs-ali-carter\", array(\"controller\" => \"videos\", \"action\" => \"view\", 29));', 'John Higgins VS Ali Carter', '2013-01-14', 3, 6, 'cbWkINxl_o4', '', 'Part One', 'Single', 2, 6, 29),
(30, 'the-masters-2013/first-round/stephen-maguire-vs-graeme-dott-highlights', 'Router::connect(\"/videos/the-masters-2013/first-round/stephen-maguire-vs-graeme-dott-highlights\", array(\"controller\" => \"videos\", \"action\" => \"view\", 30));', 'Stephen Maguire VS Graeme Dott Highlights', '2013-01-14', 6, 5, 'j4NSMXIrc-w', '', 'Highlights', 'Single', 2, 6, 30),
(31, 'the-masters-2013/first-round/john-higgins-vs-ali-carter-snooker-extra', 'Router::connect(\"/videos/the-masters-2013/first-round/john-higgins-vs-ali-carter-snooker-extra\", array(\"controller\" => \"videos\", \"action\" => \"view\", 31));', 'John Higgins VS Ali Carter Snooker Extra', '2013-01-14', 3, 6, '4VJ4C9LkKyE', '', 'Extra', 'Single', 2, 6, 31),
(32, 'the-masters-2013/first-round/judd-trump-vs-barry-hawkins', 'Router::connect(\"/videos/the-masters-2013/first-round/judd-trump-vs-barry-hawkins\", array(\"controller\" => \"videos\", \"action\" => \"view\", 32));', 'Judd Trump VS Barry Hawkins', '2013-01-15', 5, 6, 'sUWi1ULSfH4', '', 'Part One', 'Single', 2, 6, 32),
(33, 'the-masters-2013/first-round/judd-trump-vs-barry-hawkins-highlights', 'Router::connect(\"/videos/the-masters-2013/first-round/judd-trump-vs-barry-hawkins-highlights\", array(\"controller\" => \"videos\", \"action\" => \"view\", 33));', 'Judd Trump VS Barry Hawkins Highlights', '2013-01-15', 5, 6, 'MNs5lbczhNE', '', 'Highlights', 'Single', 2, 6, 33),
(34, 'the-masters-2013/first-round/judd-trump-vs-barry-hawkins-snooker-extra', 'Router::connect(\"/videos/the-masters-2013/first-round/judd-trump-vs-barry-hawkins-snooker-extra\", array(\"controller\" => \"videos\", \"action\" => \"view\", 34));', 'Judd Trump VS Barry Hawkins Snooker Extra', '2013-01-15', 5, 6, 'bYvHpjG_TaI', '', 'Extra', 'Single', 2, 6, 34),
(35, 'the-masters-2013/first-round/mark-williams-vs-matthew-stevens', 'Router::connect(\"/videos/the-masters-2013/first-round/mark-williams-vs-matthew-stevens\", array(\"controller\" => \"videos\", \"action\" => \"view\", 35));', 'Mark Williams VS Matthew Stevens', '2013-01-16', 6, 4, 'vEM7j8G7pHI', '', 'Part One', 'Single', 2, 6, 35),
(36, 'the-masters-2013/first-round/mark-williams-vs-matthew-stevens-highlights', 'Router::connect(\"/videos/the-masters-2013/first-round/mark-williams-vs-matthew-stevens-highlights\", array(\"controller\" => \"videos\", \"action\" => \"view\", 36));', 'Mark Williams VS Matthew Stevens Highlights', '2013-01-16', 6, 4, 'teQuYQtN_vU', '', 'Highlights', 'Single', 2, 6, 36),
(37, 'the-masters-2013/first-round/mark-williams-vs-matthew-stevens-snooker-extra', 'Router::connect(\"/videos/the-masters-2013/first-round/mark-williams-vs-matthew-stevens-snooker-extra\", array(\"controller\" => \"videos\", \"action\" => \"view\", 37));', 'Mark Williams VS Matthew Stevens Snooker Extra', '2013-01-16', 6, 4, 'PthxFPMcQ3Y', '', 'Extra', 'Single', 2, 6, 37),
(38, 'the-masters-2013/quarter-finals/neil-robertson-vs-mark-allen', 'Router::connect(\"/videos/the-masters-2013/quarter-finals/neil-robertson-vs-mark-allen\", array(\"controller\" => \"videos\", \"action\" => \"view\", 38));', 'Neil Robertson VS Mark Allen', '2013-01-17', 5, 6, 'jD3pLT54iD8', '', 'Part One', 'Single', 2, 7, 38),
(39, 'the-masters-2013/quarter-finals/john-higgins-vs-shaun-murphy', 'Router::connect(\"/videos/the-masters-2013/quarter-finals/john-higgins-vs-shaun-murphy\", array(\"controller\" => \"videos\", \"action\" => \"view\", 39));', 'John Higgins VS Shaun Murphy', '2013-01-17', 5, 6, 'pQMWg74Zcss', '', 'Part One', 'Single', 2, 7, 39),
(40, 'the-masters-2013/quarter-finals/john-higgins-vs-shaun-murphy-highlights', 'Router::connect(\"/videos/the-masters-2013/quarter-finals/john-higgins-vs-shaun-murphy-highlights\", array(\"controller\" => \"videos\", \"action\" => \"view\", 40));', 'John Higgins VS Shaun Murphy Highlights', '2013-01-17', 5, 6, 'lSjmhEetHl4', '', 'Highlights', 'Single', 2, 7, 40),
(41, 'the-masters-2013/quarter-finals/neil-robertson-vs-mark-allen-snooker-extra', 'Router::connect(\"/videos/the-masters-2013/quarter-finals/neil-robertson-vs-mark-allen-snooker-extra\", array(\"controller\" => \"videos\", \"action\" => \"view\", 41));', 'Neil Robertson VS Mark Allen Snooker Extra', '2013-01-17', 5, 6, 'wfQbsd6Ii9I', '', 'Extra', 'Single', 2, 7, 41),
(42, 'the-masters-2013/quarter-finals/judd-trump-vs-graeme-dott', 'Router::connect(\"/videos/the-masters-2013/quarter-finals/judd-trump-vs-graeme-dott\", array(\"controller\" => \"videos\", \"action\" => \"view\", 42));', 'Judd Trump VS Graeme Dott', '2013-01-18', 6, 1, '1ZOWDFi50ZU', '', 'Part One', 'Single', 2, 7, 42),
(43, 'the-masters-2013/quarter-finals/mark-selby-vs-mark-williams', 'Router::connect(\"/videos/the-masters-2013/quarter-finals/mark-selby-vs-mark-williams\", array(\"controller\" => \"videos\", \"action\" => \"view\", 43));', 'Mark Selby VS Mark Williams', '2013-01-18', 6, 1, 'iiVnPDoR11w', '', 'Part One', 'Single', 2, 7, 43),
(44, 'the-masters-2013/quarter-finals/mark-selby-vs-mark-williams-highlights', 'Router::connect(\"/videos/the-masters-2013/quarter-finals/mark-selby-vs-mark-williams-highlights\", array(\"controller\" => \"videos\", \"action\" => \"view\", 44));', 'Mark Selby VS Mark Williams Highlights', '2013-01-18', 6, 1, '5cUsFEkuvBU', '', 'Highlights', 'Single', 2, 7, 44),
(45, 'the-masters-2013/quarter-finals/judd-trump-vs-graeme-dott-snooker-extra', 'Router::connect(\"/videos/the-masters-2013/quarter-finals/judd-trump-vs-graeme-dott-snooker-extra\", array(\"controller\" => \"videos\", \"action\" => \"view\", 45));', 'Judd Trump VS Graeme Dott Snooker Extra', '2013-01-18', 6, 1, 'w4_WTF4SvNs', '', 'Extra', 'Single', 2, 7, 45),
(46, 'the-masters-2013/semi-finals/shaun-murphy-vs-neil-robertson', 'Router::connect(\"/videos/the-masters-2013/semi-finals/shaun-murphy-vs-neil-robertson\", array(\"controller\" => \"videos\", \"action\" => \"view\", 46));', 'Shaun Murphy VS Neil Robertson', '2013-01-19', 6, 2, 'hDMNrD5qRt8,PUqNMzqHDXE', 'PL3DZ6dMIT88bKirEkhclBA5wJtQRyHgmt', 'Part One', 'Playlist', 2, 8, 46),
(47, 'the-masters-2013/semi-finals/shaun-murphy-vs-neil-robertson-part-two', 'Router::connect(\"/videos/the-masters-2013/semi-finals/shaun-murphy-vs-neil-robertson-part-two\", array(\"controller\" => \"videos\", \"action\" => \"view\", 47));', 'Shaun Murphy VS Neil Robertson Part Two', '2013-01-19', 6, 2, 'PUqNMzqHDXE', '', 'Part Two', 'Single', 2, 8, 47),
(48, 'the-masters-2013/semi-finals/mark-selby-vs-graeme-dott', 'Router::connect(\"/videos/the-masters-2013/semi-finals/mark-selby-vs-graeme-dott\", array(\"controller\" => \"videos\", \"action\" => \"view\", 48));', 'Mark Selby VS Graeme Dott', '2013-01-19', 5, 6, 'cfCne3-6d5I', '', 'Part One', 'Single', 2, 8, 48),
(49, 'the-masters-2013/semi-finals/shaun-murphy-vs-neil-robertson-snooker-extra', 'Router::connect(\"/videos/the-masters-2013/semi-finals/shaun-murphy-vs-neil-robertson-snooker-extra\", array(\"controller\" => \"videos\", \"action\" => \"view\", 49));', 'Shaun Murphy VS Neil Robertson Snooker Extra', '2013-01-19', 6, 2, 'eavEUxqc75w', '', 'Extra', 'Single', 2, 8, 49),
(50, 'the-masters-2013/final/mark-selby-vs-neil-robertson', 'Router::connect(\"/videos/the-masters-2013/final/mark-selby-vs-neil-robertson\", array(\"controller\" => \"videos\", \"action\" => \"view\", 50));', 'Mark Selby VS Neil Robertson', '2013-01-20', 10, 6, 'fIn-YGKrw7E,AP1UW1jEARI', 'PL3DZ6dMIT88bOQhWMbehvT8HbZTbAZygO', 'Part One', 'Playlist', 2, 9, 50),
(51, 'the-masters-2013/final/mark-selby-vs-neil-robertson-part-two', 'Router::connect(\"/videos/the-masters-2013/final/mark-selby-vs-neil-robertson-part-two\", array(\"controller\" => \"videos\", \"action\" => \"view\", 51));', 'Mark Selby VS Neil Robertson Part Two', '2013-01-20', 10, 6, 'AP1UW1jEARI', '', 'Part Two', 'Single', 2, 9, 51),
(52, 'world-championship-2013/first-round/ronnie-osullivan-vs-marcus-campbell', 'Router::connect(\"/videos/world-championship-2013/first-round/ronnie-osullivan-vs-marcus-campbell\", array(\"controller\" => \"videos\", \"action\" => \"view\", 52));', 'Ronnie O\'Sullivan VS Marcus Campbell', '2013-04-20', 4, 10, 'mwj9fkbt7m0,tY7HP0TCJbU,b2Pe_4mLEEk', 'PL3DZ6dMIT88Y8RSxDg2yr0I7Jvb04OAnH', 'Part One', 'Playlist', 3, 10, 52),
(53, 'world-championship-2013/first-round/ronnie-osullivan-vs-marcus-campbell-part-two', 'Router::connect(\"/videos/world-championship-2013/first-round/ronnie-osullivan-vs-marcus-campbell-part-two\", array(\"controller\" => \"videos\", \"action\" => \"view\", 53));', 'Ronnie O\'Sullivan VS Marcus Campbell Part Two', '2013-04-20', 4, 10, 'tY7HP0TCJbU', '', 'Part Two', 'Single', 3, 10, 53),
(54, 'world-championship-2013/first-round/shaun-murphy-vs-martin-gould', 'Router::connect(\"/videos/world-championship-2013/first-round/shaun-murphy-vs-martin-gould\", array(\"controller\" => \"videos\", \"action\" => \"view\", 54));', 'Shaun Murphy VS Martin Gould', '2013-04-20', 5, 10, 's92n-63LnZU', '', 'Part One', 'Single', 3, 10, 54),
(55, 'world-championship-2013/first-round/ronnie-osullivan-vs-marcus-campbell-part-three', 'Router::connect(\"/videos/world-championship-2013/first-round/ronnie-osullivan-vs-marcus-campbell-part-three\", array(\"controller\" => \"videos\", \"action\" => \"view\", 55));', 'Ronnie O\'Sullivan VS Marcus Campbell Part Three', '2013-04-20', 4, 10, 'b2Pe_4mLEEk', '', 'Part Three', 'Single', 3, 10, 55),
(56, 'world-championship-2013/first-round/ronnie-osullivan-vs-marcus-campbell-highlights', 'Router::connect(\"/videos/world-championship-2013/first-round/ronnie-osullivan-vs-marcus-campbell-highlights\", array(\"controller\" => \"videos\", \"action\" => \"view\", 56));', 'Ronnie O\'Sullivan VS Marcus Campbell Highlights', '2013-04-20', 4, 10, 'xZcAuYPYlCo', '', 'Highlights', 'Single', 3, 10, 56),
(57, 'world-championship-2013/first-round/ricky-walden-vs-michael-holt-snooker-extra', 'Router::connect(\"/videos/world-championship-2013/first-round/ricky-walden-vs-michael-holt-snooker-extra\", array(\"controller\" => \"videos\", \"action\" => \"view\", 57));', 'Ricky Walden VS Michael Holt Snooker Extra', '2013-04-20', 1, 10, 'ztzMFVdw-Zc', '', 'Extra', 'Single', 3, 10, 57),
(58, 'world-championship-2013/first-round/mark-williams-vs-michael-white', 'Router::connect(\"/videos/world-championship-2013/first-round/mark-williams-vs-michael-white\", array(\"controller\" => \"videos\", \"action\" => \"view\", 58));', 'Mark Williams VS Michael White', '2013-04-20', 6, 10, '_STs6ZNczIU', '', 'Part One', 'Single', 3, 10, 58),
(59, 'world-championship-2013/first-round/mark-williams-vs-michael-white-highlights', 'Router::connect(\"/videos/world-championship-2013/first-round/mark-williams-vs-michael-white-highlights\", array(\"controller\" => \"videos\", \"action\" => \"view\", 59));', 'Mark Williams VS Michael White Highlights', '2013-04-20', 6, 10, 'd0_uo3lbo1I', '', 'Highlights', 'Single', 3, 10, 59),
(60, 'world-championship-2013/first-round/greame-dott-vs-peter-ebdon-snooker-extra', 'Router::connect(\"/videos/world-championship-2013/first-round/greame-dott-vs-peter-ebdon-snooker-extra\", array(\"controller\" => \"videos\", \"action\" => \"view\", 60));', 'Greame Dott VS Peter Ebdon Snooker Extra', '2013-04-21', 10, 6, 'D0OdXsF3pKY', '', 'Extra', 'Single', 3, 10, 60),
(61, 'world-championship-2013/first-round/mark-allen-vs-mark-king', 'Router::connect(\"/videos/world-championship-2013/first-round/mark-allen-vs-mark-king\", array(\"controller\" => \"videos\", \"action\" => \"view\", 61));', 'Mark Allen VS Mark King', '2013-04-21', 8, 10, 'P_Wy-S40Fas', '', 'Part One', 'Single', 3, 10, 61),
(62, 'world-championship-2013/first-round/graeme-dott-vs-peter-ebdon', 'Router::connect(\"/videos/world-championship-2013/first-round/graeme-dott-vs-peter-ebdon\", array(\"controller\" => \"videos\", \"action\" => \"view\", 62));', 'Graeme Dott VS Peter Ebdon', '2013-04-22', 10, 6, 'SEg1osQfunk', '', 'Part One', 'Single', 3, 10, 62),
(63, 'world-championship-2013/first-round/john-higgins-vs-mark-davis-highlights', 'Router::connect(\"/videos/world-championship-2013/first-round/john-higgins-vs-mark-davis-highlights\", array(\"controller\" => \"videos\", \"action\" => \"view\", 63));', 'John Higgins VS Mark Davis Highlights', '2013-04-22', 6, 10, 'TeJuBr9i-Aw', '', 'Highlights', 'Single', 3, 10, 63),
(64, 'world-championship-2013/first-round/stephen-maguire-vs-dechuwat-poomjaeng-snooker-extra', 'Router::connect(\"/videos/world-championship-2013/first-round/stephen-maguire-vs-dechuwat-poomjaeng-snooker-extra\", array(\"controller\" => \"videos\", \"action\" => \"view\", 64));', 'Stephen Maguire VS Dechuwat Poomjaeng Snooker Extra', '2013-04-21', 10, 9, 'H3gQePCPgaQ', '', 'Extra', 'Single', 3, 10, 64),
(65, 'world-championship-2013/first-round/ding-junghui-vs-alan-mcmanus', 'Router::connect(\"/videos/world-championship-2013/first-round/ding-junghui-vs-alan-mcmanus\", array(\"controller\" => \"videos\", \"action\" => \"view\", 65));', 'Ding Junghui VS Alan McManus', '2013-04-23', 5, 10, 'f-FmS1l6SC0,H4j3J6W11cg', 'PL3DZ6dMIT88ZDoJjCtXmewlCyue3BUlTi', 'Part One', 'Playlist', 3, 10, 65),
(66, 'world-championship-2013/first-round/ding-junghui-vs-alan-mcmanus-part-two', 'Router::connect(\"/videos/world-championship-2013/first-round/ding-junghui-vs-alan-mcmanus-part-two\", array(\"controller\" => \"videos\", \"action\" => \"view\", 66));', 'Ding Junghui VS Alan McManus Part Two', '2013-04-24', 5, 10, 'H4j3J6W11cg', '', 'Part Two', 'Single', 3, 10, 66),
(67, 'world-championship-2013/first-round/stephen-maguire-vs-dechuwat-poomjaeng-highlights', 'Router::connect(\"/videos/world-championship-2013/first-round/stephen-maguire-vs-dechuwat-poomjaeng-highlights\", array(\"controller\" => \"videos\", \"action\" => \"view\", 67));', 'Stephen Maguire VS Dechuwat Poomjaeng Highlights', '2013-04-23', 10, 9, 'LjbGba47phM', '', 'Highlights', 'Single', 3, 10, 67),
(68, 'world-championship-2013/first-round/ding-junghui-vs-alan-mcmanus-snooker-extra', 'Router::connect(\"/videos/world-championship-2013/first-round/ding-junghui-vs-alan-mcmanus-snooker-extra\", array(\"controller\" => \"videos\", \"action\" => \"view\", 68));', 'Ding Junghui VS Alan McManus Snooker Extra', '2013-04-24', 5, 10, 'AXdLnSJchO4', '', 'Extra', 'Single', 3, 10, 68),
(69, 'world-championship-2013/first-round/judd-trump-vs-dominic-dale', 'Router::connect(\"/videos/world-championship-2013/first-round/judd-trump-vs-dominic-dale\", array(\"controller\" => \"videos\", \"action\" => \"view\", 69));', 'Judd Trump VS Dominic Dale', '2013-04-24', 5, 10, 'aze-d4pvSzM,6IPwToZf834', 'PL3DZ6dMIT88b8oaRDCcAHiXzZsZxLgUbw', 'Part One', 'Playlist', 3, 10, 69),
(70, 'world-championship-2013/first-round/judd-trump-vs-dominic-dale-part-two', 'Router::connect(\"/videos/world-championship-2013/first-round/judd-trump-vs-dominic-dale-part-two\", array(\"controller\" => \"videos\", \"action\" => \"view\", 70));', 'Judd Trump VS Dominic Dale Part Two', '2013-04-24', 5, 10, '6IPwToZf834', '', 'Part Two', 'Single', 3, 10, 70),
(71, 'world-championship-2013/first-round/matthew-stevens-vs-marco-fu-highlights', 'Router::connect(\"/videos/world-championship-2013/first-round/matthew-stevens-vs-marco-fu-highlights\", array(\"controller\" => \"videos\", \"action\" => \"view\", 71));', 'Matthew Stevens VS Marco Fu Highlights', '2013-04-24', 10, 7, 'SPi8ojyIRQs', '', 'Highlights', 'Single', 3, 10, 71),
(72, 'world-championship-2013/first-round/neil-robertson-vs-robert-milkins-snooker-extra', 'Router::connect(\"/videos/world-championship-2013/first-round/neil-robertson-vs-robert-milkins-snooker-extra\", array(\"controller\" => \"videos\", \"action\" => \"view\", 72));', 'Neil Robertson VS Robert Milkins Snooker Extra', '2013-04-24', 8, 10, 'cnEV-3J6Uoc', '', 'Extra', 'Single', 3, 10, 72),
(73, 'world-championship-2013/first-round/neil-robertson-vs-robert-milkins', 'Router::connect(\"/videos/world-championship-2013/first-round/neil-robertson-vs-robert-milkins\", array(\"controller\" => \"videos\", \"action\" => \"view\", 73));', 'Neil Robertson VS Robert Milkins', '2013-04-25', 8, 10, 'qJ33jnbDa_4', '', 'Part One', 'Single', 3, 10, 73),
(74, 'world-championship-2013/first-round/neil-robertson-vs-robert-milkins-highlights', 'Router::connect(\"/videos/world-championship-2013/first-round/neil-robertson-vs-robert-milkins-highlights\", array(\"controller\" => \"videos\", \"action\" => \"view\", 74));', 'Neil Robertson VS Robert Milkins Highlights', '2013-04-25', 8, 10, 'Y_Ei4-h4JwY', '', 'Highlights', 'Single', 3, 10, 74),
(75, 'world-championship-2013/second-round/shaun-murphy-vs-graeme-dott-snooker-extra', 'Router::connect(\"/videos/world-championship-2013/second-round/shaun-murphy-vs-graeme-dott-snooker-extra\", array(\"controller\" => \"videos\", \"action\" => \"view\", 75));', 'Shaun Murphy VS Graeme Dott Snooker Extra', '2013-04-25', 11, 13, 'jP5fmEi8ZUQ', '', 'Extra', 'Single', 3, 11, 75),
(76, 'world-championship-2013/second-round/shaun-murphy-vs-graeme-dott', 'Router::connect(\"/videos/world-championship-2013/second-round/shaun-murphy-vs-graeme-dott\", array(\"controller\" => \"videos\", \"action\" => \"view\", 76));', 'Shaun Murphy VS Graeme Dott', '2013-04-25', 11, 13, 'dUXCxBKpAzg,Q8fxAqao6bI', 'PL3DZ6dMIT88afr6kX5p39GFhqOHw1dGNs', 'Part One', 'Playlist', 3, 11, 76),
(77, 'world-championship-2013/second-round/shaun-murphy-vs-graeme-dott-part-three', 'Router::connect(\"/videos/world-championship-2013/second-round/shaun-murphy-vs-graeme-dott-part-three\", array(\"controller\" => \"videos\", \"action\" => \"view\", 77));', 'Shaun Murphy VS Graeme Dott Part Three', '2013-04-26', 11, 13, 'Q8fxAqao6bI', '', 'Part Two', 'Single', 3, 11, 77),
(78, 'world-championship-2013/second-round/shaun-murphy-vs-graeme-dott-highlights', 'Router::connect(\"/videos/world-championship-2013/second-round/shaun-murphy-vs-graeme-dott-highlights\", array(\"controller\" => \"videos\", \"action\" => \"view\", 78));', 'Shaun Murphy VS Graeme Dott Highlights', '2013-04-26', 11, 13, '8MxrI5JQBdY', '', 'Highlights', 'Single', 3, 11, 78),
(79, 'world-championship-2013/second-round/michael-white-vs-dechuwat-poomjaeng-snooker-extra', 'Router::connect(\"/videos/world-championship-2013/second-round/michael-white-vs-dechuwat-poomjaeng-snooker-extra\", array(\"controller\" => \"videos\", \"action\" => \"view\", 79));', 'Michael White VS Dechuwat Poomjaeng Snooker Extra', '2013-04-26', 3, 13, 'eAQEiSC3zMo', '', 'Extra', 'Single', 3, 11, 79),
(80, 'world-championship-2013/second-round/judd-trump-vs-marco-fu', 'Router::connect(\"/videos/world-championship-2013/second-round/judd-trump-vs-marco-fu\", array(\"controller\" => \"videos\", \"action\" => \"view\", 80));', 'Judd Trump VS Marco Fu', '2013-04-27', 13, 7, 'iWBI7RqIuyU', '', 'Part One', 'Single', 3, 11, 80),
(81, 'world-championship-2013/second-round/ali-carter-vs-ronnie-osullivan', 'Router::connect(\"/videos/world-championship-2013/second-round/ali-carter-vs-ronnie-osullivan\", array(\"controller\" => \"videos\", \"action\" => \"view\", 81));', 'Ali Carter VS Ronnie O\'Sullivan', '2013-04-27', 8, 13, 'NpJDyXGAwis,MAD4RIM-hgs,W2_XNXZCUzE', 'PL3DZ6dMIT88bmP6PmRRYguFWRhBY2m8nW', 'Part One', 'Playlist', 3, 11, 81),
(82, 'world-championship-2013/second-round/mark-selby-vs-barry-hawkins', 'Router::connect(\"/videos/world-championship-2013/second-round/mark-selby-vs-barry-hawkins\", array(\"controller\" => \"videos\", \"action\" => \"view\", 82));', 'Mark Selby VS Barry Hawkins', '2013-04-27', 13, 10, 'HipCRZZptm4', '', 'Part One', 'Single', 3, 11, 82),
(83, 'world-championship-2013/second-round/judd-trump-vs-marco-fu-highlights', 'Router::connect(\"/videos/world-championship-2013/second-round/judd-trump-vs-marco-fu-highlights\", array(\"controller\" => \"videos\", \"action\" => \"view\", 83));', 'Judd Trump VS Marco Fu Highlights', '2013-04-27', 13, 7, 'raq5p9VRfRY', '', 'Highlights', 'Single', 3, 11, 83),
(84, 'world-championship-2013/second-round/ali-carter-vs-ronnie-osullivan-snooker-extra', 'Router::connect(\"/videos/world-championship-2013/second-round/ali-carter-vs-ronnie-osullivan-snooker-extra\", array(\"controller\" => \"videos\", \"action\" => \"view\", 84));', 'Ali Carter VS Ronnie O\'Sullivan Snooker Extra', '2013-04-27', 8, 13, 'S3e-2mWIWFw', '', 'Extra', 'Single', 3, 11, 84),
(85, 'world-championship-2013/second-round/ali-carter-vs-ronnie-osullivan-part-two', 'Router::connect(\"/videos/world-championship-2013/second-round/ali-carter-vs-ronnie-osullivan-part-two\", array(\"controller\" => \"videos\", \"action\" => \"view\", 85));', 'Ali Carter VS Ronnie O\'Sullivan Part Two', '2013-04-28', 8, 13, 'MAD4RIM-hgs', '', 'Part Two', 'Single', 3, 11, 85),
(86, 'world-championship-2013/second-round/stuart-bingham-vs-mark-davis', 'Router::connect(\"/videos/world-championship-2013/second-round/stuart-bingham-vs-mark-davis\", array(\"controller\" => \"videos\", \"action\" => \"view\", 86));', 'Stuart Bingham VS Mark Davis', '2013-04-29', 10, 13, 'aHxDmX9v_r8', '', 'Part One', 'Single', 3, 11, 86),
(87, 'world-championship-2013/second-round/stuart-bingham-vs-mark-davis-highlights', 'Router::connect(\"/videos/world-championship-2013/second-round/stuart-bingham-vs-mark-davis-highlights\", array(\"controller\" => \"videos\", \"action\" => \"view\", 87));', 'Stuart Bingham VS Mark Davis Highlights', '2013-04-28', 10, 13, '_-qK3VBAspo', '', 'Highlights', 'Single', 3, 11, 87),
(88, 'world-championship-2013/second-round/ding-junghui-vs-mark-king-snooker-extra', 'Router::connect(\"/videos/world-championship-2013/second-round/ding-junghui-vs-mark-king-snooker-extra\", array(\"controller\" => \"videos\", \"action\" => \"view\", 88));', 'Ding Junghui VS Mark King Snooker Extra', '2013-04-28', 13, 9, '6Scl70A4Qhc', '', 'Extra', 'Single', 3, 11, 88),
(89, 'world-championship-2013/second-round/ding-junghui-vs-mark-king', 'Router::connect(\"/videos/world-championship-2013/second-round/ding-junghui-vs-mark-king\", array(\"controller\" => \"videos\", \"action\" => \"view\", 89));', 'Ding Junghui VS Mark King', '2013-04-29', 13, 9, 'uxYhiCRpJok', '', 'Part One', 'Single', 3, 11, 89),
(90, 'world-championship-2013/second-round/ali-carter-vs-ronnie-osullivan-part-three', 'Router::connect(\"/videos/world-championship-2013/second-round/ali-carter-vs-ronnie-osullivan-part-three\", array(\"controller\" => \"videos\", \"action\" => \"view\", 90));', 'Ali Carter VS Ronnie O\'Sullivan Part Three', '2013-04-29', 8, 13, 'W2_XNXZCUzE', '', 'Part Three', 'Single', 3, 11, 90),
(91, 'world-championship-2013/second-round/ali-carter-vs-ronnie-osullivan-highlights', 'Router::connect(\"/videos/world-championship-2013/second-round/ali-carter-vs-ronnie-osullivan-highlights\", array(\"controller\" => \"videos\", \"action\" => \"view\", 91));', 'Ali Carter VS Ronnie O\'Sullivan Highlights', '2013-04-29', 8, 13, 'OEomluMc2O4', '', 'Highlights', 'Single', 3, 11, 91),
(92, 'world-championship-2013/second-round/stuart-bingham-vs-mark-davis-snooker-extra', 'Router::connect(\"/videos/world-championship-2013/second-round/stuart-bingham-vs-mark-davis-snooker-extra\", array(\"controller\" => \"videos\", \"action\" => \"view\", 92));', 'Stuart Bingham VS Mark Davis Snooker Extra', '2013-04-29', 10, 13, 'lcRVHMRu_QE', '', 'Extra', 'Single', 3, 11, 92),
(93, 'world-championship-2013/quarter-finals/judd-trump-vs-shaun-murphy', 'Router::connect(\"/videos/world-championship-2013/quarter-finals/judd-trump-vs-shaun-murphy\", array(\"controller\" => \"videos\", \"action\" => \"view\", 93));', 'Judd Trump VS Shaun Murphy', '2013-04-30', 13, 12, 'elPpEPIbRIg,R2APReeY1Ek,gHyGe8cPT6w', 'PL3DZ6dMIT88ZEkn4AvYMil2RfYG95XYuQ', 'Part One', 'Playlist', 3, 12, 93),
(94, 'world-championship-2013/quarter-finals/judd-trump-vs-shaun-murphy-part-two', 'Router::connect(\"/videos/world-championship-2013/quarter-finals/judd-trump-vs-shaun-murphy-part-two\", array(\"controller\" => \"videos\", \"action\" => \"view\", 94));', 'Judd Trump VS Shaun Murphy Part Two', '2013-04-30', 13, 12, 'R2APReeY1Ek', '', 'Part Two', 'Single', 3, 12, 94),
(95, 'world-championship-2013/quarter-finals/judd-trump-vs-shaun-murphy-part-three', 'Router::connect(\"/videos/world-championship-2013/quarter-finals/judd-trump-vs-shaun-murphy-part-three\", array(\"controller\" => \"videos\", \"action\" => \"view\", 95));', 'Judd Trump VS Shaun Murphy Part Three', '2013-04-30', 13, 12, 'gHyGe8cPT6w', '', 'Part Three', 'Single', 3, 12, 95),
(96, 'world-championship-2013/quarter-finals/judd-trump-vs-shaun-murphy-highlights', 'Router::connect(\"/videos/world-championship-2013/quarter-finals/judd-trump-vs-shaun-murphy-highlights\", array(\"controller\" => \"videos\", \"action\" => \"view\", 96));', 'Judd Trump VS Shaun Murphy Highlights', '2013-04-30', 12, 12, 'AnKnHinymaY', '', 'Highlights', 'Single', 3, 12, 96),
(97, 'world-championship-2013/quarter-finals/ricky-walden-vs-michael-white-snooker-extra', 'Router::connect(\"/videos/world-championship-2013/quarter-finals/ricky-walden-vs-michael-white-snooker-extra\", array(\"controller\" => \"videos\", \"action\" => \"view\", 97));', 'Ricky Walden VS Michael White Snooker Extra', '2013-04-30', 6, 13, 'xN0iM08kljs', '', 'Extra', 'Single', 3, 12, 97),
(98, 'world-championship-2013/quarter-finals/stuart-bingham-vs-ronnie-osullivan', 'Router::connect(\"/videos/world-championship-2013/quarter-finals/stuart-bingham-vs-ronnie-osullivan\", array(\"controller\" => \"videos\", \"action\" => \"view\", 98));', 'Stuart Bingham VS Ronnie O\'Sullivan', '2013-04-30', 13, 4, 'W2OZ6O52eQ8,FI4lvCwZFZ8,xh5L67i3ONo', 'PL3DZ6dMIT88a5EbwZTRRgzTVmtAzEpCf2', 'Part One', 'Playlist', 3, 12, 98),
(99, 'world-championship-2013/quarter-finals/stuart-bingham-vs-ronnie-osullivan-part-two', 'Router::connect(\"/videos/world-championship-2013/quarter-finals/stuart-bingham-vs-ronnie-osullivan-part-two\", array(\"controller\" => \"videos\", \"action\" => \"view\", 99));', 'Stuart Bingham VS Ronnie O\'Sullivan Part Two', '2013-05-01', 13, 4, 'FI4lvCwZFZ8', '', 'Part Two', 'Single', 3, 12, 99),
(100, 'world-championship-2013/quarter-finals/stuart-bingham-vs-ronnie-osullivan-part-three', 'Router::connect(\"/videos/world-championship-2013/quarter-finals/stuart-bingham-vs-ronnie-osullivan-part-three\", array(\"controller\" => \"videos\", \"action\" => \"view\", 100));', 'Stuart Bingham VS Ronnie O\'Sullivan Part Three', '2013-05-01', 13, 4, 'xh5L67i3ONo', '', 'Part Three', 'Single', 3, 12, 100),
(101, 'world-championship-2013/quarter-finals/judd-trump-vs-shaun-murphy-highlights', 'Router::connect(\"/videos/world-championship-2013/quarter-finals/judd-trump-vs-shaun-murphy-highlights\", array(\"controller\" => \"videos\", \"action\" => \"view\", 101));', 'Judd Trump VS Shaun Murphy Highlights', '2013-05-12', 13, 12, '5a7IJMvLob4', '', 'Highlights', 'Single', 3, 12, 101),
(102, 'world-championship-2013/quarter-finals/judd-trump-vs-shaun-murphy-snooker-extra', 'Router::connect(\"/videos/world-championship-2013/quarter-finals/judd-trump-vs-shaun-murphy-snooker-extra\", array(\"controller\" => \"videos\", \"action\" => \"view\", 102));', 'Judd Trump VS Shaun Murphy Snooker Extra', '2013-05-01', 13, 12, 'S11ZQ40B4hI', '', 'Extra', 'Single', 3, 12, 102),
(103, 'world-championship-2013/semi-finals/judd-trump-vs-ronnie-osullivan', 'Router::connect(\"/videos/world-championship-2013/semi-finals/judd-trump-vs-ronnie-osullivan\", array(\"controller\" => \"videos\", \"action\" => \"view\", 103));', 'Judd Trump VS Ronnie O\'Sullivan', '2013-05-02', 11, 17, '_96u6M8b4P8,cNJ1o8a91uc,DTiAwnOdfR4,T9ntxu6E6wU', 'PL3DZ6dMIT88bhY2EgWRwKYprGVYEC_Trp', 'Part One', 'Playlist', 3, 13, 103),
(104, 'world-championship-2013/semi-finals/ricky-walden-vs-barry-hawkins', 'Router::connect(\"/videos/world-championship-2013/semi-finals/ricky-walden-vs-barry-hawkins\", array(\"controller\" => \"videos\", \"action\" => \"view\", 104));', 'Ricky Walden VS Barry Hawkins', '2013-05-02', 17, 14, 'NzdKqy3cOso,5-7ooUkkMTM,Ihwp5hd4eZ8,sD2Y9jvMJrQ,eQjTt0DmzHg', 'PL3DZ6dMIT88bGhckn_65LICRW6z0pI8RE', 'Part One', 'Playlist', 3, 13, 104),
(105, 'world-championship-2013/semi-finals/ricky-walden-vs-barry-hawkins-highlights', 'Router::connect(\"/videos/world-championship-2013/semi-finals/ricky-walden-vs-barry-hawkins-highlights\", array(\"controller\" => \"videos\", \"action\" => \"view\", 105));', 'Ricky Walden VS Barry Hawkins Highlights', '2013-04-02', 17, 14, 'lFoBk7Yg5Vc', '', 'Highlights', 'Single', 3, 13, 105),
(106, 'world-championship-2013/semi-finals/judd-trump-vs-ronnie-osullivan-part-two', 'Router::connect(\"/videos/world-championship-2013/semi-finals/judd-trump-vs-ronnie-osullivan-part-two\", array(\"controller\" => \"videos\", \"action\" => \"view\", 106));', 'Judd Trump VS Ronnie O\'Sullivan Part Two', '2013-05-03', 11, 17, 'cNJ1o8a91uc', '', 'Part Two', 'Single', 3, 13, 106),
(107, 'world-championship-2013/semi-finals/judd-trump-vs-ronnie-osullivan-part-three', 'Router::connect(\"/videos/world-championship-2013/semi-finals/judd-trump-vs-ronnie-osullivan-part-three\", array(\"controller\" => \"videos\", \"action\" => \"view\", 107));', 'Judd Trump VS Ronnie O\'Sullivan Part Three', '2013-05-03', 11, 17, 'DTiAwnOdfR4', '', 'Part Three', 'Single', 3, 13, 107),
(108, 'world-championship-2013/semi-finals/ricky-walden-vs-barry-hawkins-part-two', 'Router::connect(\"/videos/world-championship-2013/semi-finals/ricky-walden-vs-barry-hawkins-part-two\", array(\"controller\" => \"videos\", \"action\" => \"view\", 108));', 'Ricky Walden VS Barry Hawkins Part Two', '2013-05-03', 17, 14, '5-7ooUkkMTM', '', 'Part Two', 'Single', 3, 13, 108),
(109, 'world-championship-2013/semi-finals/judd-trump-vs-ronnie-osullivan-part-four', 'Router::connect(\"/videos/world-championship-2013/semi-finals/judd-trump-vs-ronnie-osullivan-part-four\", array(\"controller\" => \"videos\", \"action\" => \"view\", 109));', 'Judd Trump VS Ronnie O\'Sullivan Part Four', '2013-05-04', 11, 17, 'T9ntxu6E6wU', '', 'Part Four', 'Single', 3, 13, 109),
(110, 'world-championship-2013/semi-finals/judd-trump-vs-ronnie-osullivan-highlights', 'Router::connect(\"/videos/world-championship-2013/semi-finals/judd-trump-vs-ronnie-osullivan-highlights\", array(\"controller\" => \"videos\", \"action\" => \"view\", 110));', 'Judd Trump VS Ronnie O\'Sullivan Highlights', '2013-05-04', 11, 17, '5jcV1OK-ii4', '', 'Highlights', 'Single', 3, 13, 110),
(111, 'world-championship-2013/semi-finals/ricky-walden-vs-barry-hawkins-part-three', 'Router::connect(\"/videos/world-championship-2013/semi-finals/ricky-walden-vs-barry-hawkins-part-three\", array(\"controller\" => \"videos\", \"action\" => \"view\", 111));', 'Ricky Walden VS Barry Hawkins Part Three', '2013-05-04', 17, 14, 'Ihwp5hd4eZ8', '', 'Part Three', 'Single', 3, 13, 111),
(112, 'world-championship-2013/semi-finals/ricky-walden-vs-barry-hawkins-part-four', 'Router::connect(\"/videos/world-championship-2013/semi-finals/ricky-walden-vs-barry-hawkins-part-four\", array(\"controller\" => \"videos\", \"action\" => \"view\", 112));', 'Ricky Walden VS Barry Hawkins Part Four', '2013-05-04', 17, 14, 'sD2Y9jvMJrQ', '', 'Part Four', 'Single', 3, 13, 112),
(113, 'world-championship-2013/semi-finals/ricky-walden-vs-barry-hawkins-part-five', 'Router::connect(\"/videos/world-championship-2013/semi-finals/ricky-walden-vs-barry-hawkins-part-five\", array(\"controller\" => \"videos\", \"action\" => \"view\", 113));', 'Ricky Walden VS Barry Hawkins Part Five', '2013-05-04', 17, 14, 'eQjTt0DmzHg', '', 'Part Five', 'Single', 3, 13, 113),
(114, 'world-championship-2013/final/barry-hawkins-vs-ronnie-osullivan', 'Router::connect(\"/videos/world-championship-2013/final/barry-hawkins-vs-ronnie-osullivan\", array(\"controller\" => \"videos\", \"action\" => \"view\", 114));', 'Barry Hawkins VS Ronnie O\'Sullivan', '2013-05-05', 12, 18, 'cGs_JqrAkJU,pByurLvWkfk,UDFbFeqA_qM,RDe8-yu2iQk', 'PL3DZ6dMIT88ZbdKqxrP-n79bWk2ISSXna', 'Part One', 'Playlist', 3, 14, 114),
(115, 'world-championship-2013/final/barry-hawkins-vs-ronnie-osullivan-part-two', 'Router::connect(\"/videos/world-championship-2013/final/barry-hawkins-vs-ronnie-osullivan-part-two\", array(\"controller\" => \"videos\", \"action\" => \"view\", 115));', 'Barry Hawkins VS Ronnie O\'Sullivan Part Two', '2013-05-05', 12, 18, 'pByurLvWkfk', '', 'Part Two', 'Single', 3, 14, 115),
(116, 'world-championship-2013/final/barry-hawkins-vs-ronnie-osullivan-part-three', 'Router::connect(\"/videos/world-championship-2013/final/barry-hawkins-vs-ronnie-osullivan-part-three\", array(\"controller\" => \"videos\", \"action\" => \"view\", 116));', 'Barry Hawkins VS Ronnie O\'Sullivan Part Three', '2013-05-06', 12, 18, 'UDFbFeqA_qM', '', 'Part Three', 'Single', 3, 14, 116),
(117, 'world-championship-2013/final/barry-hawkins-vs-ronnie-osullivan-part-four', 'Router::connect(\"/videos/world-championship-2013/final/barry-hawkins-vs-ronnie-osullivan-part-four\", array(\"controller\" => \"videos\", \"action\" => \"view\", 117));', 'Barry Hawkins VS Ronnie O\'Sullivan Part Four', '2013-05-06', 12, 18, 'RDe8-yu2iQk', '', 'Part Four', 'Single', 3, 14, 117),
(118, 'uk-championship-2013/first-round/ding-junghui-vs-antony-parsons', 'Router::connect(\"/videos/uk-championship-2013/first-round/ding-junghui-vs-antony-parsons\", array(\"controller\" => \"videos\", \"action\" => \"view\", 118));', 'Ding Junghui VS Antony Parsons', '2013-11-30', 6, 3, '0CMi3cJVTqc', '', 'Part One', 'Single', 4, 15, 118),
(119, 'uk-championship-2013/first-round/mark-selby-vs-shane-castle', 'Router::connect(\"/videos/uk-championship-2013/first-round/mark-selby-vs-shane-castle\", array(\"controller\" => \"videos\", \"action\" => \"view\", 119));', 'Mark Selby VS Shane Castle', '2013-11-29', 6, 4, '5UbcDWvlKfE', '', 'Part One', 'Single', 4, 15, 119),
(120, 'uk-championship-2013/first-round/ding-junghui-vs-antony-parsons-snooker-extra', 'Router::connect(\"/videos/uk-championship-2013/first-round/ding-junghui-vs-antony-parsons-snooker-extra\", array(\"controller\" => \"videos\", \"action\" => \"view\", 120));', 'Ding Junghui VS Antony Parsons Snooker Extra', '2013-11-30', 6, 3, 'OuQUPPmGAXA', '', 'Extra', 'Single', 4, 15, 120),
(121, 'uk-championship-2013/second-round/judd-trump-vs-dechuwat-poomjaeng', 'Router::connect(\"/videos/uk-championship-2013/second-round/judd-trump-vs-dechuwat-poomjaeng\", array(\"controller\" => \"videos\", \"action\" => \"view\", 121));', 'Judd Trump VS Dechuwat Poomjaeng', '2013-12-01', 0, 6, 'WKkSBNaqd60', '', 'Part One', 'Single', 4, 16, 121),
(122, 'uk-championship-2013/second-round/ding-junghui-vs-james-wattana-highlights', 'Router::connect(\"/videos/uk-championship-2013/second-round/ding-junghui-vs-james-wattana-highlights\", array(\"controller\" => \"videos\", \"action\" => \"view\", 122));', 'Ding Junghui VS James Wattana Highlights', '2013-12-01', 6, 1, 'XqYQXUg02TQ', '', 'Highlights', 'Single', 4, 16, 122),
(123, 'uk-championship-2013/second-round/stuart-bingham-vs-jimmy-white-snooker-extra', 'Router::connect(\"/videos/uk-championship-2013/second-round/stuart-bingham-vs-jimmy-white-snooker-extra\", array(\"controller\" => \"videos\", \"action\" => \"view\", 123));', 'Stuart Bingham VS Jimmy White Snooker Extra', '2013-12-01', 2, 6, 'usN7rzTrxz0', '', 'Extra', 'Single', 4, 16, 123),
(124, 'uk-championship-2013/second-round/neil-robertson-vs-robbie-williams', 'Router::connect(\"/videos/uk-championship-2013/second-round/neil-robertson-vs-robbie-williams\", array(\"controller\" => \"videos\", \"action\" => \"view\", 124));', 'Neil Robertson VS Robbie Williams', '2013-12-02', 6, 1, 'F7GaRAw2OTg', '', 'Part One', 'Single', 4, 16, 124),
(125, 'uk-championship-2013/second-round/ronnie-osullivan-vs-adam-duffy-highlights', 'Router::connect(\"/videos/uk-championship-2013/second-round/ronnie-osullivan-vs-adam-duffy-highlights\", array(\"controller\" => \"videos\", \"action\" => \"view\", 125));', 'Ronnie O\'Sullivan VS Adam Duffy Highlights', '2013-12-02', 3, 6, '5Vkq3FLV1uY', '', 'Highlights', 'Single', 4, 16, 125),
(126, 'uk-championship-2013/second-round/mark-selby-vs-tian-pengfei-snooker-extra', 'Router::connect(\"/videos/uk-championship-2013/second-round/mark-selby-vs-tian-pengfei-snooker-extra\", array(\"controller\" => \"videos\", \"action\" => \"view\", 126));', 'Mark Selby VS Tian Pengfei Snooker Extra', '2013-12-02', 6, 3, 'I5QkhO_Es0Y', '', 'Extra', 'Single', 4, 16, 126),
(127, 'uk-championship-2013/third-round/ronnie-osullivan-vs-marus-campbell', 'Router::connect(\"/videos/uk-championship-2013/third-round/ronnie-osullivan-vs-marus-campbell\", array(\"controller\" => \"videos\", \"action\" => \"view\", 127));', 'Ronnie O\'Sullivan VS Marus Campbell', '2013-12-03', 2, 6, 'qIdjZBUlDxM', '', 'Part One', 'Single', 4, 17, 127),
(128, 'uk-championship-2013/last-16/shaun-murphy-vs-barry-hawkins-highlights', 'Router::connect(\"/videos/uk-championship-2013/last-16/shaun-murphy-vs-barry-hawkins-highlights\", array(\"controller\" => \"videos\", \"action\" => \"view\", 128));', 'Shaun Murphy VS Barry Hawkins Highlights', '2013-12-03', 6, 5, '8VdC1xD0vfQ', '', 'Highlights', 'Single', 4, 18, 128),
(129, 'uk-championship-2013/third-round/neil-robertson-vs-li-hang-snooker-extra', 'Router::connect(\"/videos/uk-championship-2013/third-round/neil-robertson-vs-li-hang-snooker-extra\", array(\"controller\" => \"videos\", \"action\" => \"view\", 129));', 'Neil Robertson VS Li Hang Snooker Extra', '2013-12-03', 6, 3, 'XzYuWSyduxU', '', 'Extra', 'Single', 4, 17, 129),
(130, 'uk-championship-2013/last-16/ding-junghui-vs-ricky-walden', 'Router::connect(\"/videos/uk-championship-2013/last-16/ding-junghui-vs-ricky-walden\", array(\"controller\" => \"videos\", \"action\" => \"view\", 130));', 'Ding Junghui VS Ricky Walden', '2013-12-04', 4, 6, 'NoGHNtr2tRk', '', 'Part One', 'Single', 4, 18, 130),
(131, 'uk-championship-2013/last-16/-robert-milkins-vs-ronnie-osullivan', 'Router::connect(\"/videos/uk-championship-2013/last-16/-robert-milkins-vs-ronnie-osullivan\", array(\"controller\" => \"videos\", \"action\" => \"view\", 131));', ' Robert Milkins VS Ronnie O\'Sullivan', '2013-12-04', 0, 6, '3Pw3SvbGYWA', '', 'Part One', 'Single', 4, 18, 131),
(132, 'uk-championship-2013/quarter-finals/-stuart-bingham-vs-ronnie-osullivan', 'Router::connect(\"/videos/uk-championship-2013/quarter-finals/-stuart-bingham-vs-ronnie-osullivan\", array(\"controller\" => \"videos\", \"action\" => \"view\", 132));', ' Stuart Bingham VS Ronnie O\'Sullivan', '2013-12-05', 4, 6, '3hVEsFOrH6Q', '', 'Part One', 'Single', 4, 19, 132),
(133, 'uk-championship-2013/quarter-finals/mark-selby-vs-barry-hawkins', 'Router::connect(\"/videos/uk-championship-2013/quarter-finals/mark-selby-vs-barry-hawkins\", array(\"controller\" => \"videos\", \"action\" => \"view\", 133));', 'Mark Selby VS Barry Hawkins', '2013-12-05', 5, 6, 'FkbRwzK6gHU', '', 'Part One', 'Single', 4, 19, 133),
(134, 'uk-championship-2013/quarter-finals/mark-selby-vs-barry-hawkins-highlights', 'Router::connect(\"/videos/uk-championship-2013/quarter-finals/mark-selby-vs-barry-hawkins-highlights\", array(\"controller\" => \"videos\", \"action\" => \"view\", 134));', 'Mark Selby VS Barry Hawkins Highlights', '2013-12-05', 5, 6, 'dFzxo5dC6yA', '', 'Highlights', 'Single', 4, 19, 134),
(135, 'uk-championship-2013/semi-finals/neil-robertson-vs-stuart-bingham', 'Router::connect(\"/videos/uk-championship-2013/semi-finals/neil-robertson-vs-stuart-bingham\", array(\"controller\" => \"videos\", \"action\" => \"view\", 135));', 'Neil Robertson VS Stuart Bingham', '2013-12-06', 9, 8, '6FKhEz8-o_8,uJlvswV1i70', 'PL3DZ6dMIT88adZ3jCOqcbK5jlhD4eA3cB', 'Part One', 'Playlist', 4, 20, 135);
INSERT INTO `videos` (`video_id`, `video_slug`, `video_route`, `video_title`, `video_date`, `video_scoreA`, `video_scoreB`, `video_url`, `video_url_playlist`, `video_part`, `video_sort`, `tournament_id`, `round_id`, `timeline_id`) VALUES
(136, 'uk-championship-2013/semi-finals/neil-robertson-vs-stuart-bingham-part-two', 'Router::connect(\"/videos/uk-championship-2013/semi-finals/neil-robertson-vs-stuart-bingham-part-two\", array(\"controller\" => \"videos\", \"action\" => \"view\", 136));', 'Neil Robertson VS Stuart Bingham Part Two', '2013-12-06', 9, 8, 'uJlvswV1i70', '', 'Part Two', 'Single', 4, 20, 136),
(137, 'uk-championship-2013/semi-finals/neil-robertson-vs-stuart-bingham-highlights', 'Router::connect(\"/videos/uk-championship-2013/semi-finals/neil-robertson-vs-stuart-bingham-highlights\", array(\"controller\" => \"videos\", \"action\" => \"view\", 137));', 'Neil Robertson VS Stuart Bingham Highlights', '2013-12-06', 9, 8, 'oFyVXa5OHOw', '', 'Highlights', 'Single', 4, 20, 137),
(138, 'uk-championship-2013/semi-finals/mark-selby-vs-ricky-walden', 'Router::connect(\"/videos/uk-championship-2013/semi-finals/mark-selby-vs-ricky-walden\", array(\"controller\" => \"videos\", \"action\" => \"view\", 138));', 'Mark Selby VS Ricky Walden', '2013-12-07', 9, 5, '48fAK91gJ_s,cmK8TXiCHlQ,nU4lGk8Ra30', 'PL3DZ6dMIT88bz5HvI8sHgeLlOmuqOouoW', 'Part One', 'Playlist', 4, 20, 138),
(139, 'uk-championship-2013/semi-finals/mark-selby-vs-ricky-walden-part-two', 'Router::connect(\"/videos/uk-championship-2013/semi-finals/mark-selby-vs-ricky-walden-part-two\", array(\"controller\" => \"videos\", \"action\" => \"view\", 139));', 'Mark Selby VS Ricky Walden Part Two', '2013-12-07', 9, 5, 'cmK8TXiCHlQ', '', 'Part Two', 'Single', 4, 20, 139),
(140, 'uk-championship-2013/semi-finals/mark-selby-vs-ricky-walden-part-three', 'Router::connect(\"/videos/uk-championship-2013/semi-finals/mark-selby-vs-ricky-walden-part-three\", array(\"controller\" => \"videos\", \"action\" => \"view\", 140));', 'Mark Selby VS Ricky Walden Part Three', '2013-12-07', 9, 5, 'nU4lGk8Ra30', '', 'Part Three', 'Single', 4, 20, 140),
(141, 'uk-championship-2013/final/neil-robertson-vs-mark-selby', 'Router::connect(\"/videos/uk-championship-2013/final/neil-robertson-vs-mark-selby\", array(\"controller\" => \"videos\", \"action\" => \"view\", 141));', 'Neil Robertson VS Mark Selby', '2013-12-08', 7, 10, 'Mc15itoQoI0,YQvxn0gHbr8', 'PL3DZ6dMIT88Z0hvwhhe1z0Z1HD36JsxB8', 'Part One', 'Playlist', 4, 21, 141),
(142, 'uk-championship-2013/final/neil-robertson-vs-mark-selby-part-two', 'Router::connect(\"/videos/uk-championship-2013/final/neil-robertson-vs-mark-selby-part-two\", array(\"controller\" => \"videos\", \"action\" => \"view\", 142));', 'Neil Robertson VS Mark Selby Part Two', '2013-12-08', 7, 10, 'YQvxn0gHbr8', '', 'Part Two', 'Single', 4, 21, 142),
(143, 'the-masters-2014/first-round/mark-selby-vs-mark-davis', 'Router::connect(\"/videos/the-masters-2014/first-round/mark-selby-vs-mark-davis\", array(\"controller\" => \"videos\", \"action\" => \"view\", 143));', 'Mark Selby VS Mark Davis', '2014-01-12', 5, 6, 'acPzahSP53k', '', 'Part One', 'Single', 5, 22, 143),
(144, 'the-masters-2014/first-round/mark-selby-vs-mark-davis-highlights', 'Router::connect(\"/videos/the-masters-2014/first-round/mark-selby-vs-mark-davis-highlights\", array(\"controller\" => \"videos\", \"action\" => \"view\", 144));', 'Mark Selby VS Mark Davis Highlights', '2014-01-12', 5, 6, '_r_RjgNtlC0', '', 'Highlights', 'Single', 5, 22, 144),
(145, 'the-masters-2014/first-round/mark-selby-vs-mark-davis-snooker-extra', 'Router::connect(\"/videos/the-masters-2014/first-round/mark-selby-vs-mark-davis-snooker-extra\", array(\"controller\" => \"videos\", \"action\" => \"view\", 145));', 'Mark Selby VS Mark Davis Snooker Extra', '2014-01-12', 5, 6, 'Wffkr4d7vlU', '', 'Extra', 'Single', 5, 22, 145),
(146, 'the-masters-2014/first-round/judd-trump-vs-marco-fu', 'Router::connect(\"/videos/the-masters-2014/first-round/judd-trump-vs-marco-fu\", array(\"controller\" => \"videos\", \"action\" => \"view\", 146));', 'Judd Trump VS Marco Fu', '2014-01-13', 5, 6, 'M5wYs_YLCkE', '', 'Part One', 'Single', 5, 22, 146),
(147, 'the-masters-2014/first-round/judd-trump-vs-marco-fu-highlights', 'Router::connect(\"/videos/the-masters-2014/first-round/judd-trump-vs-marco-fu-highlights\", array(\"controller\" => \"videos\", \"action\" => \"view\", 147));', 'Judd Trump VS Marco Fu Highlights', '2014-01-13', 5, 6, 'JygYf4WZvfA', '', 'Highlights', 'Single', 5, 22, 147),
(148, 'the-masters-2014/first-round/judd-trump-vs-marco-fu-snooker-extra', 'Router::connect(\"/videos/the-masters-2014/first-round/judd-trump-vs-marco-fu-snooker-extra\", array(\"controller\" => \"videos\", \"action\" => \"view\", 148));', 'Judd Trump VS Marco Fu Snooker Extra', '2014-01-13', 5, 6, '_s8h_UmEaHE', '', 'Extra', 'Single', 5, 22, 148),
(149, 'the-masters-2014/first-round/ding-junghui-vs-shaun-murphy', 'Router::connect(\"/videos/the-masters-2014/first-round/ding-junghui-vs-shaun-murphy\", array(\"controller\" => \"videos\", \"action\" => \"view\", 149));', 'Ding Junghui VS Shaun Murphy', '2014-01-14', 4, 6, 'O6L0qzwajdY', '', 'Part One', 'Single', 5, 22, 149),
(150, 'the-masters-2014/first-round/ding-junghui-vs-shaun-murphy-highlights', 'Router::connect(\"/videos/the-masters-2014/first-round/ding-junghui-vs-shaun-murphy-highlights\", array(\"controller\" => \"videos\", \"action\" => \"view\", 150));', 'Ding Junghui VS Shaun Murphy Highlights', '2014-01-14', 4, 6, 'ELZWEoW5k0I', '', 'Highlights', 'Single', 5, 22, 150),
(151, 'the-masters-2014/first-round/ding-junghui-vs-shaun-murphy-snooker-extra', 'Router::connect(\"/videos/the-masters-2014/first-round/ding-junghui-vs-shaun-murphy-snooker-extra\", array(\"controller\" => \"videos\", \"action\" => \"view\", 151));', 'Ding Junghui VS Shaun Murphy Snooker Extra', '2014-01-14', 4, 6, 'UFFKUkCk-p4', '', 'Extra', 'Single', 5, 22, 151),
(152, 'the-masters-2014/first-round/neil-robertson-vs-mark-allen', 'Router::connect(\"/videos/the-masters-2014/first-round/neil-robertson-vs-mark-allen\", array(\"controller\" => \"videos\", \"action\" => \"view\", 152));', 'Neil Robertson VS Mark Allen', '2014-01-15', 5, 6, 'r2l_KXzg4X0', '', 'Part One', 'Single', 5, 22, 152),
(153, 'the-masters-2014/first-round/barry-hawkins-vs-ricky-walden-highlights', 'Router::connect(\"/videos/the-masters-2014/first-round/barry-hawkins-vs-ricky-walden-highlights\", array(\"controller\" => \"videos\", \"action\" => \"view\", 153));', 'Barry Hawkins VS Ricky Walden Highlights', '2014-01-15', 5, 6, 'KphEpFGlk_4', '', 'Highlights', 'Single', 5, 22, 153),
(154, 'the-masters-2014/first-round/neil-robertson-vs-mark-allen-snooker-extra', 'Router::connect(\"/videos/the-masters-2014/first-round/neil-robertson-vs-mark-allen-snooker-extra\", array(\"controller\" => \"videos\", \"action\" => \"view\", 154));', 'Neil Robertson VS Mark Allen Snooker Extra', '2014-01-15', 5, 6, '8eE9yuGAEL4', '', 'Extra', 'Single', 5, 22, 154),
(155, 'the-masters-2014/quarter-finals/shaun-murphy-vs-marco-fu', 'Router::connect(\"/videos/the-masters-2014/quarter-finals/shaun-murphy-vs-marco-fu\", array(\"controller\" => \"videos\", \"action\" => \"view\", 155));', 'Shaun Murphy VS Marco Fu', '2014-01-16', 4, 6, 'YbQMcbGmD_Q', '', 'Part One', 'Single', 5, 23, 155),
(156, 'the-masters-2014/quarter-finals/mark-selby-vs-john-higgins', 'Router::connect(\"/videos/the-masters-2014/quarter-finals/mark-selby-vs-john-higgins\", array(\"controller\" => \"videos\", \"action\" => \"view\", 156));', 'Mark Selby VS John Higgins', '2014-01-16', 5, 6, 'Z9Qs5KPOfZ0', '', 'Part One', 'Single', 5, 23, 156),
(157, 'the-masters-2014/quarter-finals/shaun-murphy-vs-marco-fu-highlights', 'Router::connect(\"/videos/the-masters-2014/quarter-finals/shaun-murphy-vs-marco-fu-highlights\", array(\"controller\" => \"videos\", \"action\" => \"view\", 157));', 'Shaun Murphy VS Marco Fu Highlights', '2014-01-16', 4, 6, 'K1Lw7NS8Gxw', '', 'Highlights', 'Single', 5, 23, 157),
(158, 'the-masters-2014/quarter-finals/shaun-murphy-vs-marco-fu-snooker-extra', 'Router::connect(\"/videos/the-masters-2014/quarter-finals/shaun-murphy-vs-marco-fu-snooker-extra\", array(\"controller\" => \"videos\", \"action\" => \"view\", 158));', 'Shaun Murphy VS Marco Fu Snooker Extra', '2014-01-16', 4, 6, 'qKAqigIs1LU', '', 'Extra', 'Single', 5, 23, 158),
(159, 'the-masters-2014/quarter-finals/ricky-walden-vs-ronnie-osullivan', 'Router::connect(\"/videos/the-masters-2014/quarter-finals/ricky-walden-vs-ronnie-osullivan\", array(\"controller\" => \"videos\", \"action\" => \"view\", 159));', 'Ricky Walden VS Ronnie O\'Sullivan', '2014-01-17', 0, 6, 't75MGxNTLj0', '', 'Part One', 'Single', 5, 23, 159),
(160, 'the-masters-2014/quarter-finals/neil-robertson-vs-stephen-maguire', 'Router::connect(\"/videos/the-masters-2014/quarter-finals/neil-robertson-vs-stephen-maguire\", array(\"controller\" => \"videos\", \"action\" => \"view\", 160));', 'Neil Robertson VS Stephen Maguire', '2014-01-17', 2, 6, 'isXdogvImrk', '', 'Part One', 'Single', 5, 23, 160),
(161, 'the-masters-2014/quarter-finals/ricky-walden-vs-ronnie-osullivan-highlights', 'Router::connect(\"/videos/the-masters-2014/quarter-finals/ricky-walden-vs-ronnie-osullivan-highlights\", array(\"controller\" => \"videos\", \"action\" => \"view\", 161));', 'Ricky Walden VS Ronnie O\'Sullivan Highlights', '2014-01-17', 0, 6, 'Tjsmy3pPZJ4', '', 'Highlights', 'Single', 5, 23, 161),
(162, 'the-masters-2014/quarter-finals/ricky-walden-vs-ronnie-osullivan-snooker-extra', 'Router::connect(\"/videos/the-masters-2014/quarter-finals/ricky-walden-vs-ronnie-osullivan-snooker-extra\", array(\"controller\" => \"videos\", \"action\" => \"view\", 162));', 'Ricky Walden VS Ronnie O\'Sullivan Snooker Extra', '2014-01-17', 0, 6, 'xXzFcfaXT-4', '', 'Extra', 'Single', 5, 23, 162),
(163, 'the-masters-2014/semi-finals/mark-selby-vs-shaun-murphy', 'Router::connect(\"/videos/the-masters-2014/semi-finals/mark-selby-vs-shaun-murphy\", array(\"controller\" => \"videos\", \"action\" => \"view\", 163));', 'Mark Selby VS Shaun Murphy', '2014-01-18', 6, 1, 'ltPc8tKls2U', '', 'Part One', 'Single', 5, 24, 163),
(164, 'the-masters-2014/semi-finals/stephen-maguire-vs-ronnie-osullivan', 'Router::connect(\"/videos/the-masters-2014/semi-finals/stephen-maguire-vs-ronnie-osullivan\", array(\"controller\" => \"videos\", \"action\" => \"view\", 164));', 'Stephen Maguire VS Ronnie O\'Sullivan', '2014-01-18', 6, 2, 'cJf79uBb1Ck', '', 'Part One', 'Single', 5, 24, 164),
(165, 'the-masters-2014/semi-finals/mark-selby-vs-shaun-murphy-snooker-extra', 'Router::connect(\"/videos/the-masters-2014/semi-finals/mark-selby-vs-shaun-murphy-snooker-extra\", array(\"controller\" => \"videos\", \"action\" => \"view\", 165));', 'Mark Selby VS Shaun Murphy Snooker Extra', '2014-01-18', 6, 1, 'GCZqvKx0t44', '', 'Extra', 'Single', 5, 24, 165),
(166, 'the-masters-2014/final/mark-selby-vs-ronnie-osullivan', 'Router::connect(\"/videos/the-masters-2014/final/mark-selby-vs-ronnie-osullivan\", array(\"controller\" => \"videos\", \"action\" => \"view\", 166));', 'Mark Selby VS Ronnie O\'Sullivan', '2014-01-19', 4, 10, 'ShZYwUWsoZA,LO0F19joxVc', 'PL3DZ6dMIT88bdgVqjK5fcbbiAZZdbqe1_', 'Part One', 'Playlist', 5, 25, 166),
(167, 'the-masters-2014/final/mark-selby-vs-ronnie-osullivan-part-two', 'Router::connect(\"/videos/the-masters-2014/final/mark-selby-vs-ronnie-osullivan-part-two\", array(\"controller\" => \"videos\", \"action\" => \"view\", 167));', 'Mark Selby VS Ronnie O\'Sullivan Part Two', '2014-01-19', 4, 10, 'LO0F19joxVc', '', 'Part Two', 'Single', 5, 25, 167),
(168, 'world-championship-2014/first-round/ronnie-osullivan-vs-robin-hull', 'Router::connect(\"/videos/world-championship-2014/first-round/ronnie-osullivan-vs-robin-hull\", array(\"controller\" => \"videos\", \"action\" => \"view\", 168));', 'Ronnie O\'Sullivan VS Robin Hull', '2014-04-19', 4, 10, 'ffORLwdbGa4,6qOX-la15jA,nKPfMxe6rbI', 'PL3DZ6dMIT88arN6E9o2VWp0txVCUr_dmA', 'Part One', 'Playlist', 6, 26, 168),
(169, 'world-championship-2014/first-round/ronnie-osullivan-vs-robin-hull-part-two', 'Router::connect(\"/videos/world-championship-2014/first-round/ronnie-osullivan-vs-robin-hull-part-two\", array(\"controller\" => \"videos\", \"action\" => \"view\", 169));', 'Ronnie O\'Sullivan VS Robin Hull Part Two', '2014-04-19', 4, 10, '6qOX-la15jA', '', 'Part Two', 'Single', 6, 26, 169),
(170, 'world-championship-2014/first-round/stephen-maguire-vs-ryan-day', 'Router::connect(\"/videos/world-championship-2014/first-round/stephen-maguire-vs-ryan-day\", array(\"controller\" => \"videos\", \"action\" => \"view\", 170));', 'Stephen Maguire VS Ryan Day', '2014-04-19', 10, 9, 'WpMpAODnut4', '', 'Part One', 'Single', 6, 26, 170),
(171, 'world-championship-2014/first-round/shaun-murphy-vs-jamie-cope', 'Router::connect(\"/videos/world-championship-2014/first-round/shaun-murphy-vs-jamie-cope\", array(\"controller\" => \"videos\", \"action\" => \"view\", 171));', 'Shaun Murphy VS Jamie Cope', '2014-04-19', 9, 10, '2iHWyNl1o4U', '', 'Part One', 'Single', 6, 26, 171),
(172, 'world-championship-2014/first-round/ronnie-osullivan-vs-robin-hull-part-three', 'Router::connect(\"/videos/world-championship-2014/first-round/ronnie-osullivan-vs-robin-hull-part-three\", array(\"controller\" => \"videos\", \"action\" => \"view\", 172));', 'Ronnie O\'Sullivan VS Robin Hull Part Three', '2014-04-19', 4, 10, 'nKPfMxe6rbI', '', 'Part Three', 'Single', 6, 26, 172),
(173, 'world-championship-2014/first-round/ronnie-osullivan-vs-robin-hull-highlights', 'Router::connect(\"/videos/world-championship-2014/first-round/ronnie-osullivan-vs-robin-hull-highlights\", array(\"controller\" => \"videos\", \"action\" => \"view\", 173));', 'Ronnie O\'Sullivan VS Robin Hull Highlights', '2014-04-19', 4, 10, 'uPSjaLTmEb4', '', 'Highlights', 'Single', 6, 26, 173),
(174, 'world-championship-2014/first-round/stephen-maguire-vs-ryan-day-snooker-extra', 'Router::connect(\"/videos/world-championship-2014/first-round/stephen-maguire-vs-ryan-day-snooker-extra\", array(\"controller\" => \"videos\", \"action\" => \"view\", 174));', 'Stephen Maguire VS Ryan Day Snooker Extra', '2014-04-19', 10, 9, '47Zgfv-nCOI', '', 'Extra', 'Single', 6, 26, 174),
(175, 'world-championship-2014/first-round/stuart-bingham-vs-ken-doherty', 'Router::connect(\"/videos/world-championship-2014/first-round/stuart-bingham-vs-ken-doherty\", array(\"controller\" => \"videos\", \"action\" => \"view\", 175));', 'Stuart Bingham VS Ken Doherty', '2014-04-20', 10, 5, 'sD45Nm-fj0o', '', 'Part One', 'Single', 6, 26, 175),
(176, 'world-championship-2014/first-round/ding-junghui-vs-michael-wasley', 'Router::connect(\"/videos/world-championship-2014/first-round/ding-junghui-vs-michael-wasley\", array(\"controller\" => \"videos\", \"action\" => \"view\", 176));', 'Ding Junghui VS Michael Wasley', '2014-04-20', 9, 10, 'whO77lXp7gY', '', 'Part One', 'Single', 6, 26, 176),
(177, 'world-championship-2014/first-round/shaun-murphy-vs-jamie-cope-highlights', 'Router::connect(\"/videos/world-championship-2014/first-round/shaun-murphy-vs-jamie-cope-highlights\", array(\"controller\" => \"videos\", \"action\" => \"view\", 177));', 'Shaun Murphy VS Jamie Cope Highlights', '2014-04-20', 9, 10, 'lL75rLMQ0oA', '', 'Highlights', 'Single', 6, 26, 177),
(178, 'world-championship-2014/first-round/stuart-bingham-vs-ken-doherty-snooker-extra', 'Router::connect(\"/videos/world-championship-2014/first-round/stuart-bingham-vs-ken-doherty-snooker-extra\", array(\"controller\" => \"videos\", \"action\" => \"view\", 178));', 'Stuart Bingham VS Ken Doherty Snooker Extra', '2014-04-20', 10, 5, 'vyJWwMi5HB4', '', 'Extra', 'Single', 6, 26, 178),
(179, 'world-championship-2014/first-round/mark-selby-vs-michael-white', 'Router::connect(\"/videos/world-championship-2014/first-round/mark-selby-vs-michael-white\", array(\"controller\" => \"videos\", \"action\" => \"view\", 179));', 'Mark Selby VS Michael White', '2014-04-21', 10, 9, 'iACB8se8TQg', '', 'Part One', 'Single', 6, 26, 179),
(180, 'world-championship-2014/first-round/john-higgins-vs-alan-mcmanus', 'Router::connect(\"/videos/world-championship-2014/first-round/john-higgins-vs-alan-mcmanus\", array(\"controller\" => \"videos\", \"action\" => \"view\", 180));', 'John Higgins VS Alan McManus', '2014-04-21', 10, 7, '5-418m0UnuY,3cMnauHIo2c,3cMnauHIo2c', 'PL3DZ6dMIT88YyRgcI5K1RjcY8QWrl-c9j', 'Part One', 'Playlist', 6, 26, 180),
(181, 'world-championship-2014/first-round/mark-selby-vs-michael-white-highlights', 'Router::connect(\"/videos/world-championship-2014/first-round/mark-selby-vs-michael-white-highlights\", array(\"controller\" => \"videos\", \"action\" => \"view\", 181));', 'Mark Selby VS Michael White Highlights', '2014-04-21', 10, 9, 'lYZ9HKM_Oq4', '', 'Highlights', 'Single', 6, 26, 181),
(182, 'world-championship-2014/first-round/john-higgins-vs-alan-mcmanus-snooker-extra', 'Router::connect(\"/videos/world-championship-2014/first-round/john-higgins-vs-alan-mcmanus-snooker-extra\", array(\"controller\" => \"videos\", \"action\" => \"view\", 182));', 'John Higgins VS Alan McManus Snooker Extra', '2014-04-21', 10, 7, 'YfpS4kVQK_A', '', 'Extra', 'Single', 6, 26, 182),
(183, 'world-championship-2014/first-round/john-higgins-vs-alan-mcmanus-part-two', 'Router::connect(\"/videos/world-championship-2014/first-round/john-higgins-vs-alan-mcmanus-part-two\", array(\"controller\" => \"videos\", \"action\" => \"view\", 183));', 'John Higgins VS Alan McManus Part Two', '2014-04-22', 10, 7, '3cMnauHIo2c', '', 'Part Two', 'Single', 6, 26, 183),
(184, 'world-championship-2014/first-round/john-higgins-vs-alan-mcmanus-part-three', 'Router::connect(\"/videos/world-championship-2014/first-round/john-higgins-vs-alan-mcmanus-part-three\", array(\"controller\" => \"videos\", \"action\" => \"view\", 184));', 'John Higgins VS Alan McManus Part Three', '2014-04-22', 10, 7, '1oxzAb14C88', '', 'Part Three', 'Single', 6, 26, 184),
(185, 'world-championship-2014/first-round/john-higgins-vs-alan-mcmanus-highlights', 'Router::connect(\"/videos/world-championship-2014/first-round/john-higgins-vs-alan-mcmanus-highlights\", array(\"controller\" => \"videos\", \"action\" => \"view\", 185));', 'John Higgins VS Alan McManus Highlights', '2014-04-22', 10, 7, 'Wq1MTZo0F1A', '', 'Highlights', 'Single', 6, 26, 185),
(186, 'world-championship-2014/first-round/marco-fu-vs-martin-gould-snooker-extra', 'Router::connect(\"/videos/world-championship-2014/first-round/marco-fu-vs-martin-gould-snooker-extra\", array(\"controller\" => \"videos\", \"action\" => \"view\", 186));', 'Marco Fu VS Martin Gould Snooker Extra', '2014-04-22', 10, 7, 'zGfFW6Lc4_o', '', 'Extra', 'Single', 6, 26, 186),
(187, 'world-championship-2014/first-round/judd-trump-vs-tom-ford', 'Router::connect(\"/videos/world-championship-2014/first-round/judd-trump-vs-tom-ford\", array(\"controller\" => \"videos\", \"action\" => \"view\", 187));', 'Judd Trump VS Tom Ford', '2014-04-23', 10, 8, 'tzWSoSKOzOA,v4rcB8ramjg', 'PL3DZ6dMIT88bt3kt2NJmVrgpIhirXuhw2', 'Part One', 'Playlist', 6, 26, 187),
(188, 'world-championship-2014/first-round/judd-trump-vs-tom-ford-part-three', 'Router::connect(\"/videos/world-championship-2014/first-round/judd-trump-vs-tom-ford-part-three\", array(\"controller\" => \"videos\", \"action\" => \"view\", 188));', 'Judd Trump VS Tom Ford Part Three', '2014-04-23', 10, 8, 'v4rcB8ramjg', '', 'Part Three', 'Single', 6, 26, 188),
(189, 'world-championship-2014/first-round/judd-trump-vs-tom-ford-highlights', 'Router::connect(\"/videos/world-championship-2014/first-round/judd-trump-vs-tom-ford-highlights\", array(\"controller\" => \"videos\", \"action\" => \"view\", 189));', 'Judd Trump VS Tom Ford Highlights', '2014-04-23', 10, 8, 'bpwbWld7rsw', '', 'Highlights', 'Single', 6, 26, 189),
(190, 'world-championship-2014/first-round/barry-hawkins-vs-david-gilbert-snooker-extra', 'Router::connect(\"/videos/world-championship-2014/first-round/barry-hawkins-vs-david-gilbert-snooker-extra\", array(\"controller\" => \"videos\", \"action\" => \"view\", 190));', 'Barry Hawkins VS David Gilbert Snooker Extra', '2014-04-23', 10, 4, 'lrUfOCUnKXM', '', 'Extra', 'Single', 6, 26, 190),
(191, 'world-championship-2014/second-round/mark-selby-vs-ali-carter', 'Router::connect(\"/videos/world-championship-2014/second-round/mark-selby-vs-ali-carter\", array(\"controller\" => \"videos\", \"action\" => \"view\", 191));', 'Mark Selby VS Ali Carter', '2014-04-24', 9, 13, '6bgcHHc_3cc,Jh3cwtZg-uc,fX_IoKWQobU,obI6_lAFupQ', 'PL3DZ6dMIT88Y0KcOezImKkzo8zpXg7W1U', 'Part One', 'Playlist', 6, 27, 191),
(192, 'world-championship-2014/second-round/mark-selby-vs-ali-carter-highlights', 'Router::connect(\"/videos/world-championship-2014/second-round/mark-selby-vs-ali-carter-highlights\", array(\"controller\" => \"videos\", \"action\" => \"view\", 192));', 'Mark Selby VS Ali Carter Highlights', '2014-04-24', 9, 13, 'H9ttR7X1CfI', '', 'Highlights', 'Single', 6, 27, 192),
(193, 'world-championship-2014/second-round/mark-selby-vs-ali-carter-snooker-extra', 'Router::connect(\"/videos/world-championship-2014/second-round/mark-selby-vs-ali-carter-snooker-extra\", array(\"controller\" => \"videos\", \"action\" => \"view\", 193));', 'Mark Selby VS Ali Carter Snooker Extra', '2014-04-24', 9, 13, 'elVQJhbf8b8', '', 'Extra', 'Single', 6, 27, 193),
(194, 'world-championship-2014/second-round/mark-selby-vs-ali-carter-part-two', 'Router::connect(\"/videos/world-championship-2014/second-round/mark-selby-vs-ali-carter-part-two\", array(\"controller\" => \"videos\", \"action\" => \"view\", 194));', 'Mark Selby VS Ali Carter Part Two', '2014-04-25', 9, 13, 'Jh3cwtZg-uc', '', 'Part Two', 'Single', 6, 27, 194),
(195, 'world-championship-2014/second-round/mark-selby-vs-ali-carter-part-three', 'Router::connect(\"/videos/world-championship-2014/second-round/mark-selby-vs-ali-carter-part-three\", array(\"controller\" => \"videos\", \"action\" => \"view\", 195));', 'Mark Selby VS Ali Carter Part Three', '2014-04-25', 9, 13, 'fX_IoKWQobU', '', 'Part Three', 'Single', 6, 27, 195),
(196, 'world-championship-2014/second-round/mark-selby-vs-ali-carter-part-four', 'Router::connect(\"/videos/world-championship-2014/second-round/mark-selby-vs-ali-carter-part-four\", array(\"controller\" => \"videos\", \"action\" => \"view\", 196));', 'Mark Selby VS Ali Carter Part Four', '2014-04-25', 9, 13, 'obI6_lAFupQ', '', 'Part Four', 'Single', 6, 27, 196),
(197, 'world-championship-2014/second-round/ken-doherty-vs-alan-mcmanus-snooker-extra', 'Router::connect(\"/videos/world-championship-2014/second-round/ken-doherty-vs-alan-mcmanus-snooker-extra\", array(\"controller\" => \"videos\", \"action\" => \"view\", 197));', 'Ken Doherty VS Alan McManus Snooker Extra', '2014-04-25', 13, 8, 'oCtNRtfCaaY', '', 'Extra', 'Single', 6, 27, 197),
(198, 'world-championship-2014/second-round/joe-perry-vs-ronnie-osullivan', 'Router::connect(\"/videos/world-championship-2014/second-round/joe-perry-vs-ronnie-osullivan\", array(\"controller\" => \"videos\", \"action\" => \"view\", 198));', 'Joe Perry VS Ronnie O\'Sullivan', '2014-04-26', 11, 13, 'JC5zOyD-uW0', '', 'Part One', 'Single', 6, 27, 198),
(199, 'world-championship-2014/second-round/joe-perry-vs-ronnie-osullivan-highlights', 'Router::connect(\"/videos/world-championship-2014/second-round/joe-perry-vs-ronnie-osullivan-highlights\", array(\"controller\" => \"videos\", \"action\" => \"view\", 199));', 'Joe Perry VS Ronnie O\'Sullivan Highlights', '2014-04-26', 11, 13, '22TR2IurVEE', '', 'Highlights', 'Single', 6, 27, 199),
(200, 'world-championship-2014/second-round/ken-doherty-vs-alan-mcmanus', 'Router::connect(\"/videos/world-championship-2014/second-round/ken-doherty-vs-alan-mcmanus\", array(\"controller\" => \"videos\", \"action\" => \"view\", 200));', 'Ken Doherty VS Alan McManus', '2014-04-26', 13, 8, 'XAQHdg0cL40', '', 'Part One', 'Single', 6, 27, 200),
(201, 'world-championship-2014/second-round/barry-hawkins-vs-ricky-walden', 'Router::connect(\"/videos/world-championship-2014/second-round/barry-hawkins-vs-ricky-walden\", array(\"controller\" => \"videos\", \"action\" => \"view\", 201));', 'Barry Hawkins VS Ricky Walden', '2014-04-26', 13, 11, 'R2hENd9DNfo', '', 'Part One', 'Single', 6, 27, 201),
(202, 'world-championship-2014/second-round/joe-perry-vs-ronnie-osullivan-highlights', 'Router::connect(\"/videos/world-championship-2014/second-round/joe-perry-vs-ronnie-osullivan-highlights\", array(\"controller\" => \"videos\", \"action\" => \"view\", 202));', 'Joe Perry VS Ronnie O\'Sullivan Highlights', '2014-04-26', 11, 13, 'wIYRFXl2Kow', '', 'Highlights', 'Single', 6, 27, 202),
(203, 'world-championship-2014/second-round/judd-trump-vs-ryan-day-snooker-extra', 'Router::connect(\"/videos/world-championship-2014/second-round/judd-trump-vs-ryan-day-snooker-extra\", array(\"controller\" => \"videos\", \"action\" => \"view\", 203));', 'Judd Trump VS Ryan Day Snooker Extra', '2014-04-26', 13, 7, 'hv_qrmniWy8', '', 'Extra', 'Single', 6, 27, 203),
(204, 'world-championship-2014/second-round/neil-robertson-vs-mark-allen', 'Router::connect(\"/videos/world-championship-2014/second-round/neil-robertson-vs-mark-allen\", array(\"controller\" => \"videos\", \"action\" => \"view\", 204));', 'Neil Robertson VS Mark Allen', '2014-04-27', 7, 13, 'IseigPtlkYE,JJDDiGzQno4,G1N2MeWScUA,dEXuRomyFsE', 'PL3DZ6dMIT88aCH_Df8SLJz5Dr-q4pYMel', 'Part One', 'Playlist', 6, 27, 204),
(205, 'world-championship-2014/second-round/judd-trump-vs-ryan-day', 'Router::connect(\"/videos/world-championship-2014/second-round/judd-trump-vs-ryan-day\", array(\"controller\" => \"videos\", \"action\" => \"view\", 205));', 'Judd Trump VS Ryan Day', '2014-04-27', 13, 7, 'e7Ywjr5M7FI,LBc4gXzUJjw', 'PL3DZ6dMIT88ZjOOVfldPviEq9Hj9t2K2j', 'Part One', 'Playlist', 6, 27, 205),
(206, 'world-championship-2014/second-round/neil-robertson-vs-mark-allen-part-two', 'Router::connect(\"/videos/world-championship-2014/second-round/neil-robertson-vs-mark-allen-part-two\", array(\"controller\" => \"videos\", \"action\" => \"view\", 206));', 'Neil Robertson VS Mark Allen Part Two', '2014-04-27', 7, 13, 'JJDDiGzQno4', '', 'Part Two', 'Single', 6, 27, 206),
(207, 'world-championship-2014/second-round/neil-robertson-vs-mark-allen-highlights', 'Router::connect(\"/videos/world-championship-2014/second-round/neil-robertson-vs-mark-allen-highlights\", array(\"controller\" => \"videos\", \"action\" => \"view\", 207));', 'Neil Robertson VS Mark Allen Highlights', '2014-04-27', 7, 13, 'ZN_7L2988_k', '', 'Highlights', 'Single', 6, 27, 207),
(208, 'world-championship-2014/second-round/judd-trump-vs-ryan-day-snooker-extra', 'Router::connect(\"/videos/world-championship-2014/second-round/judd-trump-vs-ryan-day-snooker-extra\", array(\"controller\" => \"videos\", \"action\" => \"view\", 208));', 'Judd Trump VS Ryan Day Snooker Extra', '2014-04-27', 13, 7, 'WkRTcI3FjoA', '', 'Extra', 'Single', 6, 27, 208),
(209, 'world-championship-2014/second-round/neil-robertson-vs-mark-allen-part-three', 'Router::connect(\"/videos/world-championship-2014/second-round/neil-robertson-vs-mark-allen-part-three\", array(\"controller\" => \"videos\", \"action\" => \"view\", 209));', 'Neil Robertson VS Mark Allen Part Three', '2014-04-28', 7, 13, 'G1N2MeWScUA', '', 'Part Three', 'Single', 6, 27, 209),
(210, 'world-championship-2014/second-round/judd-trump-vs-ryan-day-part-three', 'Router::connect(\"/videos/world-championship-2014/second-round/judd-trump-vs-ryan-day-part-three\", array(\"controller\" => \"videos\", \"action\" => \"view\", 210));', 'Judd Trump VS Ryan Day Part Three', '2014-04-28', 13, 7, 'LBc4gXzUJjw', '', 'Part Three', 'Single', 6, 27, 210),
(211, 'world-championship-2014/second-round/neil-robertson-vs-mark-allen-part-four', 'Router::connect(\"/videos/world-championship-2014/second-round/neil-robertson-vs-mark-allen-part-four\", array(\"controller\" => \"videos\", \"action\" => \"view\", 211));', 'Neil Robertson VS Mark Allen Part Four', '2014-04-28', 7, 13, 'dEXuRomyFsE', '', 'Part Four', 'Single', 6, 27, 211),
(212, 'world-championship-2014/second-round/dominic-dale-vs-michael-wasley-snooker-extra', 'Router::connect(\"/videos/world-championship-2014/second-round/dominic-dale-vs-michael-wasley-snooker-extra\", array(\"controller\" => \"videos\", \"action\" => \"view\", 212));', 'Dominic Dale VS Michael Wasley Snooker Extra', '2014-04-28', 13, 4, 'SRfxinJuPzI', '', 'Extra', 'Single', 6, 27, 212),
(213, 'world-championship-2014/quarter-finals/mark-selby-vs-alan-mcmanus', 'Router::connect(\"/videos/world-championship-2014/quarter-finals/mark-selby-vs-alan-mcmanus\", array(\"controller\" => \"videos\", \"action\" => \"view\", 213));', 'Mark Selby VS Alan McManus', '2014-04-29', 5, 13, 'R3SrBCBZn8o,SE4topb8Ors,0OwItKVWcvc', 'PL3DZ6dMIT88b84bUiAABmi04T9FcSB7s_', 'Part One', 'Playlist', 6, 28, 213),
(214, 'world-championship-2014/quarter-finals/mark-selby-vs-alan-mcmanus-part-two', 'Router::connect(\"/videos/world-championship-2014/quarter-finals/mark-selby-vs-alan-mcmanus-part-two\", array(\"controller\" => \"videos\", \"action\" => \"view\", 214));', 'Mark Selby VS Alan McManus Part Two', '2014-04-29', 5, 13, 'SE4topb8Ors', '', 'Part Two', 'Single', 6, 28, 214),
(215, 'world-championship-2014/quarter-finals/mark-selby-vs-alan-mcmanus-part-three', 'Router::connect(\"/videos/world-championship-2014/quarter-finals/mark-selby-vs-alan-mcmanus-part-three\", array(\"controller\" => \"videos\", \"action\" => \"view\", 215));', 'Mark Selby VS Alan McManus Part Three', '2014-04-29', 5, 13, '0OwItKVWcvc', '', 'Part Three', 'Single', 6, 28, 215),
(216, 'world-championship-2014/quarter-finals/shaun-murphy-vs-ronnie-osullivan-highlights', 'Router::connect(\"/videos/world-championship-2014/quarter-finals/shaun-murphy-vs-ronnie-osullivan-highlights\", array(\"controller\" => \"videos\", \"action\" => \"view\", 216));', 'Shaun Murphy VS Ronnie O\'Sullivan Highlights', '2014-04-29', 13, 3, 'R9Vm2CLFoEk', '', 'Highlights', 'Single', 6, 28, 216),
(217, 'world-championship-2014/quarter-finals/neil-robertson-vs-judd-trump-snooker-extra', 'Router::connect(\"/videos/world-championship-2014/quarter-finals/neil-robertson-vs-judd-trump-snooker-extra\", array(\"controller\" => \"videos\", \"action\" => \"view\", 217));', 'Neil Robertson VS Judd Trump Snooker Extra', '2014-04-29', 11, 13, 'gcb6UC3snOU', '', 'Extra', 'Single', 6, 28, 217),
(218, 'world-championship-2014/quarter-finals/shaun-murphy-vs-ronnie-osullivan', 'Router::connect(\"/videos/world-championship-2014/quarter-finals/shaun-murphy-vs-ronnie-osullivan\", array(\"controller\" => \"videos\", \"action\" => \"view\", 218));', 'Shaun Murphy VS Ronnie O\'Sullivan', '2014-04-30', 13, 3, '3yGmO2Pywkc,UdORE0qfjOw', 'PL3DZ6dMIT88ZVtBccxghLVlSDmWuB0hN6', 'Part One', 'Playlist', 6, 28, 218),
(219, 'world-championship-2014/quarter-finals/shaun-murphy-vs-ronnie-osullivan-part-three', 'Router::connect(\"/videos/world-championship-2014/quarter-finals/shaun-murphy-vs-ronnie-osullivan-part-three\", array(\"controller\" => \"videos\", \"action\" => \"view\", 219));', 'Shaun Murphy VS Ronnie O\'Sullivan Part Three', '2014-04-30', 13, 3, 'UdORE0qfjOw', '', 'Part Three', 'Single', 6, 28, 219),
(220, 'world-championship-2014/quarter-finals/barry-hawkins-vs-dominic-dale', 'Router::connect(\"/videos/world-championship-2014/quarter-finals/barry-hawkins-vs-dominic-dale\", array(\"controller\" => \"videos\", \"action\" => \"view\", 220));', 'Barry Hawkins VS Dominic Dale', '2014-04-30', 13, 12, 'sOcZyyljXf0', '', 'Part One', 'Single', 6, 28, 220),
(221, 'world-championship-2014/quarter-finals/neil-robertson-vs-judd-trump-highlights', 'Router::connect(\"/videos/world-championship-2014/quarter-finals/neil-robertson-vs-judd-trump-highlights\", array(\"controller\" => \"videos\", \"action\" => \"view\", 221));', 'Neil Robertson VS Judd Trump Highlights', '2014-04-30', 11, 13, 'xL4L0YPxd80', '', 'Highlights', 'Single', 6, 28, 221),
(222, 'world-championship-2014/quarter-finals/mark-selby-vs-alan-mcmanus-snooker-extra', 'Router::connect(\"/videos/world-championship-2014/quarter-finals/mark-selby-vs-alan-mcmanus-snooker-extra\", array(\"controller\" => \"videos\", \"action\" => \"view\", 222));', 'Mark Selby VS Alan McManus Snooker Extra', '2014-04-30', 5, 13, 'Z29FD9W0Rl0', '', 'Extra', 'Single', 6, 28, 222),
(223, 'world-championship-2014/semi-finals/barry-hawkins-vs-ronnie-osullivan', 'Router::connect(\"/videos/world-championship-2014/semi-finals/barry-hawkins-vs-ronnie-osullivan\", array(\"controller\" => \"videos\", \"action\" => \"view\", 223));', 'Barry Hawkins VS Ronnie O\'Sullivan', '2014-05-01', 7, 17, 'zWjN33LoVVU,1YzYqa0EoaM,quOvUuDmij4,fMP-SuukhwA', 'PL3DZ6dMIT88bhx92cRwUFd7N5Fa-c5-KH', 'Part One', 'Playlist', 6, 29, 223),
(224, 'world-championship-2014/semi-finals/neil-robertson-vs-mark-selby', 'Router::connect(\"/videos/world-championship-2014/semi-finals/neil-robertson-vs-mark-selby\", array(\"controller\" => \"videos\", \"action\" => \"view\", 224));', 'Neil Robertson VS Mark Selby', '2014-05-01', 17, 15, 'Qv50jrjAi80,KD0isvipuP0,_lVhNjXzCl0,4WZac3zXmSM', 'PL3DZ6dMIT88ZsvqCyjqeeb3ZJHvq7hIj5', 'Part One', 'Playlist', 6, 29, 224),
(225, '', '', 'Neil Robertson VS Mark Selby Highlights', '2014-05-01', 17, 15, 'wXjRZ13dMG0', '', 'Highlights', 'Single', 6, 29, 225),
(226, 'world-championship-2014/semi-finals/barry-hawkins-vs-ronnie-osullivan-part-two', 'Router::connect(\"/videos/world-championship-2014/semi-finals/barry-hawkins-vs-ronnie-osullivan-part-two\", array(\"controller\" => \"videos\", \"action\" => \"view\", 226));', 'Barry Hawkins VS Ronnie O\'Sullivan Part Two', '2014-05-02', 7, 17, '1YzYqa0EoaM', '', 'Part Two', 'Single', 6, 29, 226),
(227, 'world-championship-2014/semi-finals/barry-hawkins-vs-ronnie-osullivan-part-three', 'Router::connect(\"/videos/world-championship-2014/semi-finals/barry-hawkins-vs-ronnie-osullivan-part-three\", array(\"controller\" => \"videos\", \"action\" => \"view\", 227));', 'Barry Hawkins VS Ronnie O\'Sullivan Part Three', '2014-05-02', 7, 17, 'quOvUuDmij4', '', 'Part Three', 'Single', 6, 29, 227),
(228, 'world-championship-2014/semi-finals/barry-hawkins-vs-ronnie-osullivan-part-four', 'Router::connect(\"/videos/world-championship-2014/semi-finals/barry-hawkins-vs-ronnie-osullivan-part-four\", array(\"controller\" => \"videos\", \"action\" => \"view\", 228));', 'Barry Hawkins VS Ronnie O\'Sullivan Part Four', '2014-05-02', 7, 17, 'fMP-SuukhwA', '', 'Part Four', 'Single', 6, 29, 228),
(229, 'world-championship-2014/semi-finals/barry-hawkins-vs-ronnie-osullivan-highlights', 'Router::connect(\"/videos/world-championship-2014/semi-finals/barry-hawkins-vs-ronnie-osullivan-highlights\", array(\"controller\" => \"videos\", \"action\" => \"view\", 229));', 'Barry Hawkins VS Ronnie O\'Sullivan Highlights', '2014-05-02', 7, 17, 'FZaCZurr0Rk', '', 'Highlights', 'Single', 6, 29, 229),
(230, 'world-championship-2014/semi-finals/neil-robertson-vs-mark-selby-part-two', 'Router::connect(\"/videos/world-championship-2014/semi-finals/neil-robertson-vs-mark-selby-part-two\", array(\"controller\" => \"videos\", \"action\" => \"view\", 230));', 'Neil Robertson VS Mark Selby Part Two', '2014-05-03', 17, 14, 'KD0isvipuP0', '', 'Part Two', 'Single', 6, 29, 230),
(231, 'world-championship-2014/semi-finals/neil-robertson-vs-mark-selby-part-three', 'Router::connect(\"/videos/world-championship-2014/semi-finals/neil-robertson-vs-mark-selby-part-three\", array(\"controller\" => \"videos\", \"action\" => \"view\", 231));', 'Neil Robertson VS Mark Selby Part Three', '2014-05-03', 17, 15, '_lVhNjXzCl0', '', 'Part Three', 'Single', 6, 29, 231),
(232, 'world-championship-2014/semi-finals/neil-robertson-vs-mark-selby-part-four', 'Router::connect(\"/videos/world-championship-2014/semi-finals/neil-robertson-vs-mark-selby-part-four\", array(\"controller\" => \"videos\", \"action\" => \"view\", 232));', 'Neil Robertson VS Mark Selby Part Four', '2014-05-03', 17, 15, '4WZac3zXmSM', '', 'Part Four', 'Single', 6, 29, 232),
(233, 'world-championship-2014/final/mark-selby-vs-ronnie-osullivan', 'Router::connect(\"/videos/world-championship-2014/final/mark-selby-vs-ronnie-osullivan\", array(\"controller\" => \"videos\", \"action\" => \"view\", 233));', 'Mark Selby VS Ronnie O\'Sullivan', '2014-05-04', 18, 14, 'Dfe8_pkPqA8,oHnqm11rlsA,OASQe4RR9oM,q7i7cScMBcc', 'PL3DZ6dMIT88Z28VpaEkgg2vdL6M94t4Q8', 'Part One', 'Playlist', 6, 30, 233),
(234, 'world-championship-2014/final/mark-selby-vs-ronnie-osullivan-part-two', 'Router::connect(\"/videos/world-championship-2014/final/mark-selby-vs-ronnie-osullivan-part-two\", array(\"controller\" => \"videos\", \"action\" => \"view\", 234));', 'Mark Selby VS Ronnie O\'Sullivan Part Two', '2014-05-04', 18, 14, 'oHnqm11rlsA', '', 'Part Two', 'Single', 6, 30, 234),
(235, 'world-championship-2014/final/mark-selby-vs-ronnie-osullivan-part-three', 'Router::connect(\"/videos/world-championship-2014/final/mark-selby-vs-ronnie-osullivan-part-three\", array(\"controller\" => \"videos\", \"action\" => \"view\", 235));', 'Mark Selby VS Ronnie O\'Sullivan Part Three', '2014-05-05', 18, 14, 'OASQe4RR9oM', '', 'Part Three', 'Single', 6, 30, 235),
(236, 'world-championship-2014/final/mark-selby-vs-ronnie-osullivan-part-four', 'Router::connect(\"/videos/world-championship-2014/final/mark-selby-vs-ronnie-osullivan-part-four\", array(\"controller\" => \"videos\", \"action\" => \"view\", 236));', 'Mark Selby VS Ronnie O\'Sullivan Part Four', '2014-05-05', 18, 14, 'q7i7cScMBcc', '', 'Part Four', 'Single', 6, 30, 236),
(237, 'uk-championship-2014/second-round/ding-junghui-vs-jimmy-white', 'Router::connect(\"/videos/uk-championship-2014/second-round/ding-junghui-vs-jimmy-white\", array(\"controller\" => \"videos\", \"action\" => \"view\", 237));', 'Ding Junghui VS Jimmy White', '2014-11-30', 6, 2, 'gnyqMgYQXvI', '', 'Part One', 'Single', 7, 32, 237),
(238, 'uk-championship-2014/second-round/judd-trump-vs-aditya-mehta', 'Router::connect(\"/videos/uk-championship-2014/second-round/judd-trump-vs-aditya-mehta\", array(\"controller\" => \"videos\", \"action\" => \"view\", 238));', 'Judd Trump VS Aditya Mehta', '2014-11-29', 1, 6, 'CkB8sR3vOow', '', 'Part One', 'Single', 7, 32, 238),
(239, 'uk-championship-2014/second-round/barry-hawkins-vs-nigel-bond', 'Router::connect(\"/videos/uk-championship-2014/second-round/barry-hawkins-vs-nigel-bond\", array(\"controller\" => \"videos\", \"action\" => \"view\", 239));', 'Barry Hawkins VS Nigel Bond', '2014-11-29', 5, 6, 'D8nBEimANIs', '', 'Part One', 'Single', 7, 32, 239),
(240, 'uk-championship-2014/second-round/barry-hawkins-vs-nigel-bond-highlights', 'Router::connect(\"/videos/uk-championship-2014/second-round/barry-hawkins-vs-nigel-bond-highlights\", array(\"controller\" => \"videos\", \"action\" => \"view\", 240));', 'Barry Hawkins VS Nigel Bond Highlights', '2014-11-29', 5, 6, 'sneVD-ehEkY', '', 'Highlights', 'Single', 7, 32, 240),
(241, 'uk-championship-2014/second-round/ding-junhui-vs-jimmy-white-snooker-extra', 'Router::connect(\"/videos/uk-championship-2014/second-round/ding-junhui-vs-jimmy-white-snooker-extra\", array(\"controller\" => \"videos\", \"action\" => \"view\", 241));', 'Ding Junhui VS Jimmy White Snooker Extra', '2014-11-29', 6, 2, 'MVCiZHrfq1E', '', 'Extra', 'Single', 7, 32, 241),
(242, 'uk-championship-2014/second-round/neil-robertson-vs-kyren-wilson', 'Router::connect(\"/videos/uk-championship-2014/second-round/neil-robertson-vs-kyren-wilson\", array(\"controller\" => \"videos\", \"action\" => \"view\", 242));', 'Neil Robertson VS Kyren Wilson', '2014-12-01', 5, 6, 'va2SKyG_Qwo', '', 'Part One', 'Single', 7, 32, 242),
(243, 'uk-championship-2014/second-round/mark-allen-vs-luca-brecel', 'Router::connect(\"/videos/uk-championship-2014/second-round/mark-allen-vs-luca-brecel\", array(\"controller\" => \"videos\", \"action\" => \"view\", 243));', 'Mark Allen VS Luca Brecel', '2014-11-30', 0, 6, 'W45Uhr799Jc', '', 'Part One', 'Single', 7, 32, 243),
(244, 'uk-championship-2014/second-round/ronnie-osullivan-vs-peter-lines', 'Router::connect(\"/videos/uk-championship-2014/second-round/ronnie-osullivan-vs-peter-lines\", array(\"controller\" => \"videos\", \"action\" => \"view\", 244));', 'Ronnie O\'Sullivan VS Peter Lines', '2014-11-30', 3, 6, 'QNyTD0FCisY', '', 'Part One', 'Single', 7, 32, 244),
(245, 'uk-championship-2014/second-round/ronnie-osullivan-vs-peter-lines-highlights', 'Router::connect(\"/videos/uk-championship-2014/second-round/ronnie-osullivan-vs-peter-lines-highlights\", array(\"controller\" => \"videos\", \"action\" => \"view\", 245));', 'Ronnie O\'Sullivan VS Peter Lines Highlights', '2014-11-30', 3, 6, '9OpLj7aZhfg', '', 'Highlights', 'Single', 7, 32, 245),
(246, 'uk-championship-2014/third-round/judd-trump-vs-patrick-fraser', 'Router::connect(\"/videos/uk-championship-2014/third-round/judd-trump-vs-patrick-fraser\", array(\"controller\" => \"videos\", \"action\" => \"view\", 246));', 'Judd Trump VS Patrick Fraser', '2014-12-01', 6, 3, 'hDVC7Fl__LA', '', 'Part One', 'Single', 7, 33, 246),
(247, 'uk-championship-2014/third-round/shaun-murphy-vs-jack-lisowski', 'Router::connect(\"/videos/uk-championship-2014/third-round/shaun-murphy-vs-jack-lisowski\", array(\"controller\" => \"videos\", \"action\" => \"view\", 247));', 'Shaun Murphy VS Jack Lisowski', '2014-12-01', 4, 6, 'E_rrnCgkom8', '', 'Part One', 'Single', 7, 33, 247),
(248, 'uk-championship-2014/third-round/shaun-murphy-vs-jack-lisowski-highlights', 'Router::connect(\"/videos/uk-championship-2014/third-round/shaun-murphy-vs-jack-lisowski-highlights\", array(\"controller\" => \"videos\", \"action\" => \"view\", 248));', 'Shaun Murphy VS Jack Lisowski Highlights', '2014-12-01', 4, 6, 'HC820UxmQs8', '', 'Highlights', 'Single', 7, 33, 248),
(249, 'uk-championship-2014/third-round/mark-allen-vs-luca-brecel-snooker-extra', 'Router::connect(\"/videos/uk-championship-2014/third-round/mark-allen-vs-luca-brecel-snooker-extra\", array(\"controller\" => \"videos\", \"action\" => \"view\", 249));', 'Mark Allen VS Luca Brecel Snooker Extra', '2014-11-30', 0, 6, 'mJbYL7teG3I', '', 'Extra', 'Single', 7, 33, 249),
(250, 'uk-championship-2014/third-round/ronnie-osullivan-vs-ben-woollasten', 'Router::connect(\"/videos/uk-championship-2014/third-round/ronnie-osullivan-vs-ben-woollasten\", array(\"controller\" => \"videos\", \"action\" => \"view\", 250));', 'Ronnie O\'Sullivan VS Ben Woollasten', '2014-11-30', 2, 6, 'lq5eV-e3LNg', '', 'Part One', 'Single', 7, 33, 250),
(251, 'uk-championship-2014/third-round/stephen-maguire-vs-mark-williams', 'Router::connect(\"/videos/uk-championship-2014/third-round/stephen-maguire-vs-mark-williams\", array(\"controller\" => \"videos\", \"action\" => \"view\", 251));', 'Stephen Maguire VS Mark Williams', '2014-12-02', 2, 6, 'EtCuwrd1d7o', '', 'Part One', 'Single', 7, 33, 251),
(252, 'uk-championship-2014/third-round/ding-junghui-vs-james-cahill', 'Router::connect(\"/videos/uk-championship-2014/third-round/ding-junghui-vs-james-cahill\", array(\"controller\" => \"videos\", \"action\" => \"view\", 252));', 'Ding Junghui VS James Cahill', '2014-12-02', 5, 6, 'QzJqa4N2njw', '', 'Part One', 'Single', 7, 33, 252),
(253, 'uk-championship-2014/third-round/ding-junghui-vs-james-cahill-highlights', 'Router::connect(\"/videos/uk-championship-2014/third-round/ding-junghui-vs-james-cahill-highlights\", array(\"controller\" => \"videos\", \"action\" => \"view\", 253));', 'Ding Junghui VS James Cahill Highlights', '2014-12-02', 5, 6, 'FknzzNbiZ0Y', '', 'Highlights', 'Single', 7, 33, 253),
(254, 'uk-championship-2014/last-16/neil-robertson-vs-peter-ebdon-snooker-extra', 'Router::connect(\"/videos/uk-championship-2014/last-16/neil-robertson-vs-peter-ebdon-snooker-extra\", array(\"controller\" => \"videos\", \"action\" => \"view\", 254));', 'Neil Robertson VS Peter Ebdon Snooker Extra', '2014-12-02', 6, 2, 'zDDfNdiik1Y', '', 'Extra', 'Single', 7, 34, 254),
(255, 'uk-championship-2014/last-16/john-higgins-vs-anthony-mcgill', 'Router::connect(\"/videos/uk-championship-2014/last-16/john-higgins-vs-anthony-mcgill\", array(\"controller\" => \"videos\", \"action\" => \"view\", 255));', 'John Higgins VS Anthony McGill', '2014-12-03', 6, 5, 'LUFRMNhDhio', '', 'Part One', 'Single', 7, 34, 255),
(256, 'uk-championship-2014/last-16/neil-robertson-vs-graeme-dott', 'Router::connect(\"/videos/uk-championship-2014/last-16/neil-robertson-vs-graeme-dott\", array(\"controller\" => \"videos\", \"action\" => \"view\", 256));', 'Neil Robertson VS Graeme Dott', '2014-12-03', 6, 5, 'SbOM50EDj1k', '', 'Part One', 'Single', 7, 34, 256),
(257, 'uk-championship-2014/last-16/neil-robertson-vs-graeme-dott-highlights', 'Router::connect(\"/videos/uk-championship-2014/last-16/neil-robertson-vs-graeme-dott-highlights\", array(\"controller\" => \"videos\", \"action\" => \"view\", 257));', 'Neil Robertson VS Graeme Dott Highlights', '2014-12-03', 6, 5, '6eJ8d5tnJ8o', '', 'Highlights', 'Single', 7, 34, 257),
(258, 'uk-championship-2014/last-16/judd-trump-vs-rod-lawler', 'Router::connect(\"/videos/uk-championship-2014/last-16/judd-trump-vs-rod-lawler\", array(\"controller\" => \"videos\", \"action\" => \"view\", 258));', 'Judd Trump VS Rod Lawler', '2014-12-04', 6, 3, '_avWy1spxPQ', '', 'Part One', 'Single', 7, 34, 258),
(259, 'uk-championship-2014/last-16/ronnie-osullivan-vs-matthew-selt', 'Router::connect(\"/videos/uk-championship-2014/last-16/ronnie-osullivan-vs-matthew-selt\", array(\"controller\" => \"videos\", \"action\" => \"view\", 259));', 'Ronnie O\'Sullivan VS Matthew Selt', '2014-12-04', 0, 6, 'nsmB5RRr1hQ', '', 'Part One', 'Single', 7, 34, 259),
(260, 'uk-championship-2014/last-16/ronnie-osullivan-vs-matthew-selt-highlights', 'Router::connect(\"/videos/uk-championship-2014/last-16/ronnie-osullivan-vs-matthew-selt-highlights\", array(\"controller\" => \"videos\", \"action\" => \"view\", 260));', 'Ronnie O\'Sullivan VS Matthew Selt Highlights', '2014-12-04', 0, 6, '3MS_NXINxSU', '', 'Highlights', 'Single', 7, 34, 260),
(261, 'uk-championship-2014/quarter-finals/ronnie-osullivan-vs-anthony-mcgill', 'Router::connect(\"/videos/uk-championship-2014/quarter-finals/ronnie-osullivan-vs-anthony-mcgill\", array(\"controller\" => \"videos\", \"action\" => \"view\", 261));', 'Ronnie O\'Sullivan VS Anthony McGill', '2014-12-05', 4, 6, 'cyz58GxW4nk,WGXatRLTkKs,AVhqtAvUAmg,52q08zBo8yE,Jn03T7_VQEw,J6P1pzO2PW8,0cKg7cpAm9I,de5Ce4TL1_w,VRdcLpY6dsQ,CjnCLruPpu8,onByrgIDkxk,saWqG1ybWRc', 'PL3DZ6dMIT88ZzpgOHbDLdpd9b-uEnCgBC', 'Part One', 'Playlist', 7, 35, 261),
(262, 'uk-championship-2014/quarter-finals/stephen-maguire-vs-marco-fu', 'Router::connect(\"/videos/uk-championship-2014/quarter-finals/stephen-maguire-vs-marco-fu\", array(\"controller\" => \"videos\", \"action\" => \"view\", 262));', 'Stephen Maguire VS Marco Fu', '2014-12-05', 4, 6, 'Bx5GeuiBETo,2x8ni1tIKbA,0YES-Z0Jjl8,Ae6rId53Rjg,-BMKrbjRho4', 'PL3DZ6dMIT88ZhD99Wh2xM3y1N0bSwD1zJ', 'Part One', 'Playlist', 7, 35, 262),
(263, 'uk-championship-2014/quarter-finals/stuart-bingham-vs-graeme-dott', 'Router::connect(\"/videos/uk-championship-2014/quarter-finals/stuart-bingham-vs-graeme-dott\", array(\"controller\" => \"videos\", \"action\" => \"view\", 263));', 'Stuart Bingham VS Graeme Dott', '2014-12-05', 5, 6, 'wnaK8e-3S80,SgjKQE9iOAM,lOUrcwJf4XU,R4lq20r_cKg,qE6seI0pH8w', 'PL3DZ6dMIT88aY-zSDlT5fOUp3PTu54fX0', 'Part One', 'Playlist', 7, 35, 263),
(264, 'uk-championship-2014/quarter-finals/judd-trump-vs-mark-davis-highlights', 'Router::connect(\"/videos/uk-championship-2014/quarter-finals/judd-trump-vs-mark-davis-highlights\", array(\"controller\" => \"videos\", \"action\" => \"view\", 264));', 'Judd Trump VS Mark Davis Highlights', '2014-12-05', 6, 1, 'g9SvaFxs3e8', '', 'Highlights', 'Single', 7, 35, 264),
(265, 'uk-championship-2014/semi-finals/ronnie-osullivan-vs-stuart-bingham', 'Router::connect(\"/videos/uk-championship-2014/semi-finals/ronnie-osullivan-vs-stuart-bingham\", array(\"controller\" => \"videos\", \"action\" => \"view\", 265));', 'Ronnie O\'Sullivan VS Stuart Bingham', '2014-12-06', 6, 5, '85w0wu3D4AI,o3T4k8lZnx0,CZ2bdtsXbrc,rp93zQxDLvc,AWtwM4FJPMA,g2jkUhaCORk,vSDTS_81iG0,vtWpwbZJI1A,QzEJOTTMxrQ,4lqu-gA-DLk,R8SnvDnSDCE', 'PL3DZ6dMIT88ZLsaUOAufcsPqr0zGsnd5K', 'Part One', 'Playlist', 7, 36, 265),
(266, 'uk-championship-2014/semi-finals/judd-trump-vs-stephen-maguire', 'Router::connect(\"/videos/uk-championship-2014/semi-finals/judd-trump-vs-stephen-maguire\", array(\"controller\" => \"videos\", \"action\" => \"view\", 266));', 'Judd Trump VS Stephen Maguire', '2014-12-07', 6, 4, 'Zo06Lf53CR4,lK5WA_7oObU,wCDJ4MoLrmY,IsSQYW_0H-c,n_dBNg0s2e0,j7kfwy3HjAs,y4xRE-zOhkQ,3lrujCTpvpM,d2jNzTxFxrQ,DzLXoUMwyw0,3KhD4MyrnM8,wvcPWrXbh3I', 'PL3DZ6dMIT88a9KfUXY4HCEwZ9jA08pYTU', 'Part One', 'Playlist', 7, 36, 266),
(267, 'uk-championship-2014/final/ronnie-osullivan-vs-judd-trump', 'Router::connect(\"/videos/uk-championship-2014/final/ronnie-osullivan-vs-judd-trump\", array(\"controller\" => \"videos\", \"action\" => \"view\", 267));', 'Ronnie O\'Sullivan VS Judd Trump', '2014-12-07', 9, 10, 'DhlT_uIa1zA,-LV09cuA6y8,YGl4kUJbe5E,jSQliNFasV0,RJwrN6FREuU,HpA9MJL3RLM,fuBw9cJKXaM,kQBKCLJd39A,ctdjNJ5NWX4,nuncOahyjSw,jYyNVK0C93c,NaUZ39pRcx4,HKpJDKATAXw,5ltfmBe1rCg,p3GCrp_2Rfk,edrETNuEvvg,a6wTVOfJ3oA,OW224okpO6I,SLNpLtB7bSU,hKblLBBYOP0,qzr-jxQkbsQ,DDUm5YeROmY,NSkRtJ5mP1w,uAYqmQ_PRbw,VE6aGhHluTc', 'PL3DZ6dMIT88Zl__AT9T7tGPYf5Siv5jaM', 'Part One', 'Playlist', 7, 37, 267),
(268, 'the-masters-2015/first-round/mark-selby-vs-shaun-murphy', 'Router::connect(\"/videos/the-masters-2015/first-round/mark-selby-vs-shaun-murphy\", array(\"controller\" => \"videos\", \"action\" => \"view\", 268));', 'Mark Selby VS Shaun Murphy', '2015-01-11', 5, 6, 'CzP9aok_Ivs,_vEEAcTRk_Y,bqvmp1RPOr0,y8VBCY1xlrY,yKjUJTaKj3A,7P4uz70byp0,kXnH039UZrQ,IaiuwFCw2_8,zy8w67t3abs,OAHRGSWMX_g,ocndgej8Hlg,C95VBokegps,bNn1CJq_wWY', 'PL3DZ6dMIT88a_v7TJ8COu9xuvNFsqRvCh', 'Part One', 'Playlist', 8, 38, 268);
INSERT INTO `videos` (`video_id`, `video_slug`, `video_route`, `video_title`, `video_date`, `video_scoreA`, `video_scoreB`, `video_url`, `video_url_playlist`, `video_part`, `video_sort`, `tournament_id`, `round_id`, `timeline_id`) VALUES
(269, 'the-masters-2015/first-round/stuart-bingham-vs-marco-fu', 'Router::connect(\"/videos/the-masters-2015/first-round/stuart-bingham-vs-marco-fu\", array(\"controller\" => \"videos\", \"action\" => \"view\", 269));', 'Stuart Bingham VS Marco Fu', '2015-01-11', 3, 6, 'WRMtFgZb9NE,7JOrMB2BwBc,9Ugz08zq6KE,c7EhuybYpAQ,AuI2Iu1hn2M,F5_lFH2ewAM,l4FfBbPWm48,RWdoDuI8_VE,coz4PEsTp4o,FmDBgN4WNxw', 'PL3DZ6dMIT88b0PufxfAUJHvw7OOEMgs0i', 'Part One', 'Playlist', 8, 38, 269),
(270, 'the-masters-2015/first-round/stuart-bingham-vs-marco-fu-highlights', 'Router::connect(\"/videos/the-masters-2015/first-round/stuart-bingham-vs-marco-fu-highlights\", array(\"controller\" => \"videos\", \"action\" => \"view\", 270));', 'Stuart Bingham VS Marco Fu Highlights', '2015-01-11', 3, 6, 'rltqzK8gRUQ', '', 'Highlights', 'Single', 8, 38, 270),
(271, 'the-masters-2015/first-round/judd-trump-vs-stephen-maguire', 'Router::connect(\"/videos/the-masters-2015/first-round/judd-trump-vs-stephen-maguire\", array(\"controller\" => \"videos\", \"action\" => \"view\", 271));', 'Judd Trump VS Stephen Maguire', '2015-01-13', 4, 6, 'PrMF5iv_qP8,Gwv-x5Qv1ss,FjED633pa7M,bBzJLcDShz0,-hpIRtsIqa4,QdkEUCGxcV4,z5Kwb6zOOSk,1ILevoKYXQc,0ynxhylAYlk,gSNS8aRM5m0,r6uOzhjvG6E,a1NOrK7x6_Y,Xy5Up7dYfvk,TfzhAtPmhvU,QEyXV72w35M,yLjPSnDSSpA', 'PL3DZ6dMIT88aNS6dhsRWRAYnvRY1npHS2', 'Part One', 'Playlist', 8, 38, 271),
(272, 'the-masters-2015/first-round/neil-robertson-vs-robert-milkins', 'Router::connect(\"/videos/the-masters-2015/first-round/neil-robertson-vs-robert-milkins\", array(\"controller\" => \"videos\", \"action\" => \"view\", 272));', 'Neil Robertson VS Robert Milkins', '2015-01-12', 6, 4, 'fYX97lPDXRA,t0IVqQ8zTtw,NES2vyfUnRU,jiaP0pVcsZg,CVAiftqrS-M,TLvpITgcyO0,DnnN80IuQX4,Pyt3AlHXN4I,mx6MAN14qYg,Pun9gkAGrC8,hvZOJWgaup8', 'PL3DZ6dMIT88YfC83iKykyh8TQyDuKxxvF', 'Part One', 'Playlist', 8, 38, 272),
(273, 'the-masters-2015/first-round/ronnie-osullivan-vs-ricky-walden', 'Router::connect(\"/videos/the-masters-2015/first-round/ronnie-osullivan-vs-ricky-walden\", array(\"controller\" => \"videos\", \"action\" => \"view\", 273));', 'Ronnie O\'Sullivan VS Ricky Walden', '2015-01-13', 4, 6, 'U66xpFqd-cc,Ofnwz5PWHSc,_ICZ2RkOc2M,8Ue6NEaU56E,95ql2p7_kLA,CWMnvitYyhk,yeiYK5qNCv0,AuhfdRGzwGs,Szj-COPF1eE,vkKEGVMiFoQ,TVCWJ1tHi0I,KtiGxrVO3VQ', 'PL3DZ6dMIT88a6sM5xwrnomOXN-YMYrsbL', 'Part One', 'Playlist', 8, 38, 273);

--
-- Indexes for dumped tables
--

--
-- Indexes for table `comments`
--
ALTER TABLE `comments`
  ADD PRIMARY KEY (`comment_id`,`video_id`),
  ADD KEY `fk_comments_users1_idx` (`user_id`),
  ADD KEY `fk_comments_videos1_idx` (`video_id`);

--
-- Indexes for table `favorites`
--
ALTER TABLE `favorites`
  ADD PRIMARY KEY (`favorite_id`),
  ADD KEY `user_id` (`user_id`),
  ADD KEY `video_id` (`video_id`);

--
-- Indexes for table `frames`
--
ALTER TABLE `frames`
  ADD PRIMARY KEY (`frame_id`),
  ADD KEY `match_id` (`match_id`);

--
-- Indexes for table `items`
--
ALTER TABLE `items`
  ADD PRIMARY KEY (`item_id`,`timeline_id`),
  ADD KEY `fk_items_timeline1_idx` (`timeline_id`);

--
-- Indexes for table `items_players`
--
ALTER TABLE `items_players`
  ADD PRIMARY KEY (`item_id`,`player_id`),
  ADD KEY `item_id` (`item_id`),
  ADD KEY `player_id` (`player_id`);

--
-- Indexes for table `matches`
--
ALTER TABLE `matches`
  ADD PRIMARY KEY (`match_id`),
  ADD KEY `user_id` (`user_id`);

--
-- Indexes for table `players`
--
ALTER TABLE `players`
  ADD PRIMARY KEY (`player_id`);

--
-- Indexes for table `players_videos`
--
ALTER TABLE `players_videos`
  ADD PRIMARY KEY (`video_id`,`player_id`),
  ADD KEY `fk_videos_has_players_players1_idx` (`player_id`),
  ADD KEY `fk_videos_has_players_videos1_idx` (`video_id`);

--
-- Indexes for table `rankings`
--
ALTER TABLE `rankings`
  ADD PRIMARY KEY (`ranking_id`,`player_id`,`season_id`),
  ADD KEY `fk_ranking_players_idx` (`player_id`),
  ADD KEY `season_id` (`season_id`);

--
-- Indexes for table `rounds`
--
ALTER TABLE `rounds`
  ADD PRIMARY KEY (`round_id`,`tournament_id`),
  ADD KEY `tournament_id` (`tournament_id`);

--
-- Indexes for table `seasons`
--
ALTER TABLE `seasons`
  ADD PRIMARY KEY (`season_id`);

--
-- Indexes for table `timelines`
--
ALTER TABLE `timelines`
  ADD PRIMARY KEY (`timeline_id`);

--
-- Indexes for table `tournaments`
--
ALTER TABLE `tournaments`
  ADD PRIMARY KEY (`tournament_id`);

--
-- Indexes for table `users`
--
ALTER TABLE `users`
  ADD PRIMARY KEY (`user_id`),
  ADD UNIQUE KEY `user_email_UNIQUE` (`email`);

--
-- Indexes for table `videos`
--
ALTER TABLE `videos`
  ADD PRIMARY KEY (`video_id`),
  ADD KEY `round_id` (`round_id`),
  ADD KEY `tournament_id` (`tournament_id`),
  ADD KEY `timeline_id` (`timeline_id`);

--
-- AUTO_INCREMENT for dumped tables
--

--
-- AUTO_INCREMENT for table `comments`
--
ALTER TABLE `comments`
  MODIFY `comment_id` int(11) NOT NULL AUTO_INCREMENT, AUTO_INCREMENT=3;

--
-- AUTO_INCREMENT for table `favorites`
--
ALTER TABLE `favorites`
  MODIFY `favorite_id` int(11) NOT NULL AUTO_INCREMENT, AUTO_INCREMENT=5;

--
-- AUTO_INCREMENT for table `frames`
--
ALTER TABLE `frames`
  MODIFY `frame_id` int(11) NOT NULL AUTO_INCREMENT;

--
-- AUTO_INCREMENT for table `items`
--
ALTER TABLE `items`
  MODIFY `item_id` int(11) NOT NULL AUTO_INCREMENT, AUTO_INCREMENT=1046;

--
-- AUTO_INCREMENT for table `matches`
--
ALTER TABLE `matches`
  MODIFY `match_id` int(11) NOT NULL AUTO_INCREMENT;

--
-- AUTO_INCREMENT for table `players`
--
ALTER TABLE `players`
  MODIFY `player_id` int(11) NOT NULL AUTO_INCREMENT, AUTO_INCREMENT=170;

--
-- AUTO_INCREMENT for table `rankings`
--
ALTER TABLE `rankings`
  MODIFY `ranking_id` int(11) NOT NULL AUTO_INCREMENT, AUTO_INCREMENT=535;

--
-- AUTO_INCREMENT for table `rounds`
--
ALTER TABLE `rounds`
  MODIFY `round_id` int(11) NOT NULL AUTO_INCREMENT, AUTO_INCREMENT=39;

--
-- AUTO_INCREMENT for table `seasons`
--
ALTER TABLE `seasons`
  MODIFY `season_id` int(11) NOT NULL AUTO_INCREMENT, AUTO_INCREMENT=5;

--
-- AUTO_INCREMENT for table `timelines`
--
ALTER TABLE `timelines`
  MODIFY `timeline_id` int(11) NOT NULL AUTO_INCREMENT, AUTO_INCREMENT=275;

--
-- AUTO_INCREMENT for table `tournaments`
--
ALTER TABLE `tournaments`
  MODIFY `tournament_id` int(11) NOT NULL AUTO_INCREMENT, AUTO_INCREMENT=9;

--
-- AUTO_INCREMENT for table `users`
--
ALTER TABLE `users`
  MODIFY `user_id` bigint(11) NOT NULL AUTO_INCREMENT, AUTO_INCREMENT=5;

--
-- AUTO_INCREMENT for table `videos`
--
ALTER TABLE `videos`
  MODIFY `video_id` int(11) NOT NULL AUTO_INCREMENT, AUTO_INCREMENT=274;

--
-- Constraints for dumped tables
--

--
-- Constraints for table `comments`
--
ALTER TABLE `comments`
  ADD CONSTRAINT `comments_ibfk_1` FOREIGN KEY (`user_id`) REFERENCES `users` (`user_id`) ON DELETE CASCADE ON UPDATE CASCADE;

--
-- Constraints for table `favorites`
--
ALTER TABLE `favorites`
  ADD CONSTRAINT `favorites_ibfk_1` FOREIGN KEY (`user_id`) REFERENCES `users` (`user_id`) ON DELETE CASCADE ON UPDATE CASCADE,
  ADD CONSTRAINT `favorites_ibfk_2` FOREIGN KEY (`video_id`) REFERENCES `videos` (`video_id`) ON DELETE CASCADE ON UPDATE CASCADE;

--
-- Constraints for table `frames`
--
ALTER TABLE `frames`
  ADD CONSTRAINT `frames_ibfk_1` FOREIGN KEY (`match_id`) REFERENCES `matches` (`match_id`) ON DELETE CASCADE ON UPDATE CASCADE;

--
-- Constraints for table `matches`
--
ALTER TABLE `matches`
  ADD CONSTRAINT `matches_ibfk_1` FOREIGN KEY (`user_id`) REFERENCES `users` (`user_id`) ON DELETE CASCADE ON UPDATE CASCADE;

--
-- Constraints for table `rounds`
--
ALTER TABLE `rounds`
  ADD CONSTRAINT `rounds_ibfk_1` FOREIGN KEY (`tournament_id`) REFERENCES `tournaments` (`tournament_id`);

--
-- Constraints for table `videos`
--
ALTER TABLE `videos`
  ADD CONSTRAINT `videos_ibfk_2` FOREIGN KEY (`round_id`) REFERENCES `rounds` (`round_id`),
  ADD CONSTRAINT `videos_ibfk_3` FOREIGN KEY (`timeline_id`) REFERENCES `timelines` (`timeline_id`),
  ADD CONSTRAINT `videos_ibfk_4` FOREIGN KEY (`tournament_id`) REFERENCES `tournaments` (`tournament_id`);
COMMIT;

/*!40101 SET CHARACTER_SET_CLIENT=@OLD_CHARACTER_SET_CLIENT */;
/*!40101 SET CHARACTER_SET_RESULTS=@OLD_CHARACTER_SET_RESULTS */;
/*!40101 SET COLLATION_CONNECTION=@OLD_COLLATION_CONNECTION */;
